feature,kind,name,activating_mean,silent_mean,difference,activating_prevalence,silent_prevalence,prevalence_gap_pts,p_value,activation_frequency,q_value,enriched,rdkit_version
3,descriptor,MolWt,110.17299999999999,348.5272000000002,-238.35420000000022,,,,3.019859359162157e-11,0.26146502776564545,8.023908189881195e-10,False,2023.09.5
3,descriptor,MolLogP,0.38999966666666663,2.9828346666666685,-2.5928350000000018,,,,2.2272692640697765e-09,0.26146502776564545,2.7384344771590822e-08,False,2023.09.5
3,descriptor,TPSA,36.859666666666676,68.28566666666667,-31.425999999999995,,,,5.181911828305196e-07,0.26146502776564545,3.849003551268343e-06,False,2023.09.5
3,descriptor,QED,0.42648727208043063,0.7689476676318193,-0.3424603955513887,,,,1.6132250444697864e-10,0.26146502776564545,2.8769179959711194e-09,False,2023.09.5
3,descriptor,NumRotatableBonds,0.8,4.7,-3.9000000000000004,,,,1.3077139392434127e-10,0.26146502776564545,2.4306288664153384e-09,False,2023.09.5
3,descriptor,NumHDonors,0.5,1.0666666666666667,-0.5666666666666667,,,,0.004289880929835755,0.26146502776564545,0.015300575316414192,False,2023.09.5
3,descriptor,NumHAcceptors,2.033333333333333,4.466666666666667,-2.4333333333333336,,,,2.5802925367042963e-07,0.26146502776564545,1.9835685733616134e-06,False,2023.09.5
3,descriptor,NumAromaticRings,0.3,1.8333333333333333,-1.5333333333333332,,,,6.399745375482224e-09,0.26146502776564545,6.7384553035995e-08,False,2023.09.5
3,descriptor,NumAliphaticRings,0.23333333333333334,1.3,-1.0666666666666667,,,,8.235678082763876e-07,0.26146502776564545,5.811951787818571e-06,False,2023.09.5
3,descriptor,HeavyAtomCount,6.866666666666666,24.433333333333334,-17.566666666666666,,,,2.3181435394550213e-11,0.26146502776564545,8.023908189881195e-10,False,2023.09.5
3,descriptor,FractionCSP3,0.6044444444444446,0.4540549298669504,0.15038951457749417,,,,0.09047065129089998,0.26146502776564545,0.21256576169772878,False,2023.09.5
3,substructure,halogen_F,,,,10.0,23.333333333333332,-13.333333333333332,0.2989793821568606,0.26146502776564545,0.5473140939249246,False,2023.09.5
3,substructure,halogen_Cl,,,,6.666666666666667,13.333333333333334,-6.666666666666667,0.6707485199902685,0.26146502776564545,0.984610081809964,False,2023.09.5
3,substructure,halogen_Br,,,,3.3333333333333335,10.0,-6.666666666666666,0.6119536128456737,0.26146502776564545,0.9176986186575842,False,2023.09.5
3,substructure,halogen_I,,,,0.0,0.0,0.0,1.0,0.26146502776564545,1.0,False,2023.09.5
3,substructure,boron,,,,3.3333333333333335,0.0,3.3333333333333335,1.0,0.26146502776564545,1.0,False,2023.09.5
3,substructure,boronic_acid_or_ester,,,,0.0,0.0,0.0,1.0,0.26146502776564545,1.0,False,2023.09.5
3,substructure,nitro,,,,0.0,0.0,0.0,1.0,0.26146502776564545,1.0,False,2023.09.5
3,substructure,nitrile,,,,0.0,16.666666666666664,-16.666666666666664,0.052185548617305996,0.26146502776564545,0.13009702690761193,False,2023.09.5
3,substructure,aromatic_N,,,,30.0,60.0,-30.0,0.03699239594051111,0.26146502776564545,0.09942491210351899,False,2023.09.5
3,substructure,aromatic_O,,,,3.3333333333333335,10.0,-6.666666666666666,0.6119536128456737,0.26146502776564545,0.9176986186575842,False,2023.09.5
3,substructure,aromatic_S,,,,6.666666666666667,16.666666666666664,-9.999999999999996,0.42380990998296975,0.26146502776564545,0.7210414411785893,False,2023.09.5
3,substructure,pyridine,,,,6.666666666666667,23.333333333333332,-16.666666666666664,0.1454992249936118,0.26146502776564545,0.30902973806314865,False,2023.09.5
3,substructure,benzene,,,,0.0,70.0,-70.0,3.583746362536726e-09,0.26146502776564545,4.0770263934720976e-08,True,2023.09.5
3,substructure,phenol,,,,0.0,6.666666666666667,-6.666666666666667,0.4915254237288137,0.26146502776564545,0.7853847222987215,False,2023.09.5
3,substructure,alcohol,,,,0.0,23.333333333333332,-23.333333333333332,0.010542535074203226,0.26146502776564545,0.03268433544148048,False,2023.09.5
3,substructure,carboxylic_acid,,,,0.0,20.0,-20.0,0.023720703916957266,0.26146502776564545,0.067078762005167,False,2023.09.5
3,substructure,ester,,,,3.3333333333333335,20.0,-16.666666666666668,0.10278971697348147,0.26146502776564545,0.23742385618320486,False,2023.09.5
3,substructure,amide,,,,3.3333333333333335,56.666666666666664,-53.33333333333333,7.954964600623303e-06,0.26146502776564545,4.7717734627072225e-05,True,2023.09.5
3,substructure,urea,,,,3.3333333333333335,3.3333333333333335,0.0,1.0,0.26146502776564545,1.0,False,2023.09.5
3,substructure,sulfone,,,,16.666666666666664,6.666666666666667,9.999999999999996,0.42380990998296975,0.26146502776564545,0.7210414411785893,False,2023.09.5
3,substructure,ether,,,,13.333333333333334,46.666666666666664,-33.33333333333333,0.010122970908879406,0.26146502776564545,0.03255632967364223,False,2023.09.5
3,substructure,amine_primary,,,,20.0,6.666666666666667,13.333333333333332,0.2542143363175797,0.26146502776564545,0.4790264433514032,False,2023.09.5
3,substructure,amine_secondary,,,,6.666666666666667,26.666666666666668,-20.0,0.07972201478079077,0.26146502776564545,0.1899034034399222,False,2023.09.5
3,substructure,amine_tertiary,,,,10.0,10.0,0.0,1.0,0.26146502776564545,1.0,False,2023.09.5
3,substructure,ketone,,,,0.0,3.3333333333333335,-3.3333333333333335,1.0,0.26146502776564545,1.0,False,2023.09.5
3,substructure,alkyne,,,,0.0,6.666666666666667,-6.666666666666667,0.4915254237288137,0.26146502776564545,0.7853847222987215,False,2023.09.5
24,descriptor,MolWt,508.2892000000002,320.6786000000001,187.61060000000015,,,,3.019859359162157e-11,0.30080489174518,8.023908189881195e-10,False,2023.09.5
24,descriptor,MolLogP,4.036456000000003,2.6030580000000016,1.4333980000000013,,,,5.607279613189108e-05,0.30080489174518,0.0002883015582937101,False,2023.09.5
24,descriptor,TPSA,107.57333333333334,61.74033333333333,45.833000000000006,,,,6.037276410481694e-07,0.30080489174518,4.391910781245799e-06,False,2023.09.5
24,descriptor,QED,0.42356794046142576,0.7966160452436307,-0.37304810478220496,,,,4.9751664405934084e-11,0.30080489174518,1.117478102551713e-09,False,2023.09.5
24,descriptor,NumRotatableBonds,7.066666666666666,4.0,3.0666666666666664,,,,7.642999446857801e-05,0.30080489174518,0.00037588366223739175,False,2023.09.5
24,descriptor,NumHDonors,1.3666666666666667,1.1666666666666667,0.19999999999999996,,,,0.6066971001478015,0.30080489174518,0.9176986186575842,False,2023.09.5
24,descriptor,NumHAcceptors,7.366666666666666,3.933333333333333,3.433333333333333,,,,4.555656384494642e-09,0.30080489174518,5.021161387429318e-08,False,2023.09.5
24,descriptor,NumAromaticRings,2.6333333333333333,1.4333333333333333,1.2,,,,9.426908247257186e-06,0.30080489174518,5.586995471690299e-05,False,2023.09.5
24,descriptor,NumAliphaticRings,1.0666666666666667,1.4,-0.33333333333333326,,,,0.48511426334091823,0.30080489174518,0.7853847222987215,False,2023.09.5
24,descriptor,HeavyAtomCount,35.63333333333333,21.933333333333334,13.7,,,,1.4624518527798663e-11,0.30080489174518,8.023908189881195e-10,False,2023.09.5
24,descriptor,FractionCSP3,0.4769728039003401,0.5261557308074337,-0.04918292690709364,,,,0.49637376181960946,0.30080489174518,0.7923966625176749,False,2023.09.5
24,substructure,halogen_F,,,,46.666666666666664,33.33333333333333,13.333333333333336,0.4295691931947636,0.30080489174518,0.7289603239854561,False,2023.09.5
24,substructure,halogen_Cl,,,,3.3333333333333335,0.0,3.3333333333333335,1.0,0.30080489174518,1.0,False,2023.09.5
24,substructure,halogen_Br,,,,10.0,23.333333333333332,-13.333333333333332,0.2989793821568606,0.30080489174518,0.5473140939249246,False,2023.09.5
24,substructure,halogen_I,,,,0.0,0.0,0.0,1.0,0.30080489174518,1.0,False,2023.09.5
24,substructure,boron,,,,3.3333333333333335,0.0,3.3333333333333335,1.0,0.30080489174518,1.0,False,2023.09.5
24,substructure,boronic_acid_or_ester,,,,3.3333333333333335,0.0,3.3333333333333335,1.0,0.30080489174518,1.0,False,2023.09.5
24,substructure,nitro,,,,0.0,0.0,0.0,1.0,0.30080489174518,1.0,False,2023.09.5
24,substructure,nitrile,,,,3.3333333333333335,6.666666666666667,-3.3333333333333335,1.0,0.30080489174518,1.0,False,2023.09.5
24,substructure,aromatic_N,,,,86.66666666666667,60.0,26.66666666666667,0.03909713767454877,0.30080489174518,0.10433683798444979,False,2023.09.5
24,substructure,aromatic_O,,,,13.333333333333334,6.666666666666667,6.666666666666667,0.6707485199902685,0.30080489174518,0.984610081809964,False,2023.09.5
24,substructure,aromatic_S,,,,3.3333333333333335,0.0,3.3333333333333335,1.0,0.30080489174518,1.0,False,2023.09.5
24,substructure,pyridine,,,,16.666666666666664,26.666666666666668,-10.000000000000004,0.5320924727590531,0.30080489174518,0.8356025782043203,False,2023.09.5
24,substructure,benzene,,,,80.0,50.0,30.0,0.029178250088207194,0.30080489174518,0.08055557329094301,False,2023.09.5
24,substructure,phenol,,,,0.0,10.0,-10.0,0.23728813559322035,0.30080489174518,0.4564741150697567,False,2023.09.5
24,substructure,alcohol,,,,16.666666666666664,16.666666666666664,0.0,1.0,0.30080489174518,1.0,False,2023.09.5
24,substructure,carboxylic_acid,,,,33.33333333333333,16.666666666666664,16.666666666666664,0.2325984703938369,0.30080489174518,0.4564741150697567,False,2023.09.5
24,substructure,ester,,,,73.33333333333333,13.333333333333334,59.99999999999999,4.834357378167669e-06,0.30080489174518,3.0283577310388928e-05,True,2023.09.5
24,substructure,amide,,,,73.33333333333333,43.333333333333336,29.999999999999993,0.03521738569492147,0.30080489174518,0.09510615959494823,False,2023.09.5
24,substructure,urea,,,,0.0,0.0,0.0,1.0,0.30080489174518,1.0,False,2023.09.5
24,substructure,sulfone,,,,13.333333333333334,6.666666666666667,6.666666666666667,0.6707485199902685,0.30080489174518,0.984610081809964,False,2023.09.5
24,substructure,ether,,,,80.0,43.333333333333336,36.666666666666664,0.007274786783094237,0.30080489174518,0.0240608862775857,False,2023.09.5
24,substructure,amine_primary,,,,0.0,13.333333333333334,-13.333333333333334,0.11239964317573597,0.30080489174518,0.2485978700182898,False,2023.09.5
24,substructure,amine_secondary,,,,23.333333333333332,26.666666666666668,-3.3333333333333357,1.0,0.30080489174518,1.0,False,2023.09.5
24,substructure,amine_tertiary,,,,30.0,13.333333333333334,16.666666666666664,0.20923627896279956,0.30080489174518,0.4200641117716651,False,2023.09.5
24,substructure,ketone,,,,6.666666666666667,3.3333333333333335,3.3333333333333335,1.0,0.30080489174518,1.0,False,2023.09.5
24,substructure,alkyne,,,,6.666666666666667,13.333333333333334,-6.666666666666667,0.6707485199902685,0.30080489174518,0.984610081809964,False,2023.09.5
26,descriptor,MolWt,405.56306666666677,289.66443333333336,115.89863333333341,,,,1.6132250444697864e-10,0.45198727147937856,2.8769179959711194e-09,False,2023.09.5
26,descriptor,MolLogP,3.8072673333333356,2.2066730000000003,1.6005943333333352,,,,5.462032862122393e-06,0.45198727147937856,3.394692009598517e-05,False,2023.09.5
26,descriptor,TPSA,93.60600000000001,66.83166666666666,26.774333333333345,,,,0.0002604047927496077,0.45198727147937856,0.0011728584465252523,False,2023.09.5
26,descriptor,QED,0.6045852595112639,0.7726517725354506,-0.16806651302418674,,,,5.607279613189108e-05,0.45198727147937856,0.0002883015582937101,False,2023.09.5
26,descriptor,NumRotatableBonds,6.266666666666667,3.7,2.5666666666666664,,,,2.5329505071531557e-06,0.45198727147937856,1.652051245110271e-05,False,2023.09.5
26,descriptor,NumHDonors,1.4666666666666666,1.1666666666666667,0.2999999999999998,,,,0.27692064455972876,0.45198727147937856,0.5178690750174616,False,2023.09.5
26,descriptor,NumHAcceptors,5.533333333333333,3.933333333333333,1.6,,,,0.0030123054507454855,0.45198727147937856,0.011021919851664858,False,2023.09.5
26,descriptor,NumAromaticRings,1.9333333333333333,1.3666666666666667,0.5666666666666667,,,,0.007898384520588064,0.45198727147937856,0.025928444707303603,False,2023.09.5
26,descriptor,NumAliphaticRings,0.2,1.0333333333333334,-0.8333333333333335,,,,0.0002506771225718,0.45198727147937856,0.0011357606909910122,False,2023.09.5
26,descriptor,HeavyAtomCount,28.5,20.066666666666666,8.433333333333334,,,,2.2190094794701898e-11,0.45198727147937856,8.023908189881195e-10,False,2023.09.5
26,descriptor,FractionCSP3,0.4977835313046984,0.4699224468342116,0.027861084470486797,,,,0.6098386565924667,0.45198727147937856,0.9176986186575842,False,2023.09.5
26,substructure,halogen_F,,,,0.0,20.0,-20.0,0.023720703916957266,0.45198727147937856,0.067078762005167,False,2023.09.5
26,substructure,halogen_Cl,,,,16.666666666666664,6.666666666666667,9.999999999999996,0.42380990998296975,0.45198727147937856,0.7210414411785893,False,2023.09.5
26,substructure,halogen_Br,,,,3.3333333333333335,13.333333333333334,-10.0,0.35325602140945594,0.45198727147937856,0.6254013661859009,False,2023.09.5
26,substructure,halogen_I,,,,0.0,0.0,0.0,1.0,0.45198727147937856,1.0,False,2023.09.5
26,substructure,boron,,,,0.0,0.0,0.0,1.0,0.45198727147937856,1.0,False,2023.09.5
26,substructure,boronic_acid_or_ester,,,,0.0,0.0,0.0,1.0,0.45198727147937856,1.0,False,2023.09.5
26,substructure,nitro,,,,0.0,0.0,0.0,1.0,0.45198727147937856,1.0,False,2023.09.5
26,substructure,nitrile,,,,60.0,23.333333333333332,36.66666666666667,0.00821403380534053,0.45198727147937856,0.026764905214274205,False,2023.09.5
26,substructure,aromatic_N,,,,63.33333333333333,56.666666666666664,6.666666666666664,0.7924942425907315,0.45198727147937856,1.0,False,2023.09.5
26,substructure,aromatic_O,,,,3.3333333333333335,6.666666666666667,-3.3333333333333335,1.0,0.45198727147937856,1.0,False,2023.09.5
26,substructure,aromatic_S,,,,10.0,0.0,10.0,0.23728813559322035,0.45198727147937856,0.4564741150697567,False,2023.09.5
26,substructure,pyridine,,,,6.666666666666667,26.666666666666668,-20.0,0.07972201478079077,0.45198727147937856,0.1899034034399222,False,2023.09.5
26,substructure,benzene,,,,66.66666666666666,53.333333333333336,13.333333333333321,0.4295691931947636,0.45198727147937856,0.7289603239854561,False,2023.09.5
26,substructure,phenol,,,,3.3333333333333335,3.3333333333333335,0.0,1.0,0.45198727147937856,1.0,False,2023.09.5
26,substructure,alcohol,,,,20.0,23.333333333333332,-3.333333333333332,1.0,0.45198727147937856,1.0,False,2023.09.5
26,substructure,carboxylic_acid,,,,10.0,16.666666666666664,-6.666666666666664,0.7064691994252865,0.45198727147937856,1.0,False,2023.09.5
26,substructure,ester,,,,33.33333333333333,10.0,23.33333333333333,0.05746627333208208,0.45198727147937856,0.14148568166773196,False,2023.09.5
26,substructure,amide,,,,46.666666666666664,50.0,-3.3333333333333357,1.0,0.45198727147937856,1.0,False,2023.09.5
26,substructure,urea,,,,0.0,3.3333333333333335,-3.3333333333333335,1.0,0.45198727147937856,1.0,False,2023.09.5
26,substructure,sulfone,,,,10.0,3.3333333333333335,6.666666666666666,0.6119536128456737,0.45198727147937856,0.9176986186575842,False,2023.09.5
26,substructure,ether,,,,33.33333333333333,30.0,3.3333333333333286,1.0,0.45198727147937856,1.0,False,2023.09.5
26,substructure,amine_primary,,,,3.3333333333333335,16.666666666666664,-13.33333333333333,0.19450977211904957,0.45198727147937856,0.3940963090170508,False,2023.09.5
26,substructure,amine_secondary,,,,33.33333333333333,20.0,13.333333333333329,0.38165411884707007,0.45198727147937856,0.6694588642071557,False,2023.09.5
26,substructure,amine_tertiary,,,,20.0,10.0,10.0,0.4716445589655157,0.45198727147937856,0.7853847222987215,False,2023.09.5
26,substructure,ketone,,,,0.0,6.666666666666667,-6.666666666666667,0.4915254237288137,0.45198727147937856,0.7853847222987215,False,2023.09.5
26,substructure,alkyne,,,,3.3333333333333335,6.666666666666667,-3.3333333333333335,1.0,0.45198727147937856,1.0,False,2023.09.5
27,descriptor,MolWt,338.6740333333334,332.7870333333334,5.8870000000000005,,,,0.6308762921617199,0.13807949085917515,0.9446441908730141,False,2023.09.5
27,descriptor,MolLogP,2.679074000000001,2.630045000000001,0.04902899999999999,,,,0.9705160513002812,0.13807949085917515,1.0,False,2023.09.5
27,descriptor,TPSA,70.94800000000002,71.15133333333334,-0.20333333333331893,,,,0.8999908908421075,0.13807949085917515,1.0,False,2023.09.5
27,descriptor,QED,0.700268075542936,0.7250595664853919,-0.024791490942455918,,,,0.2904721494938346,0.13807949085917515,0.539896356735254,False,2023.09.5
27,descriptor,NumRotatableBonds,3.933333333333333,4.333333333333333,-0.3999999999999999,,,,0.4761759892922808,0.13807949085917515,0.7853847222987215,False,2023.09.5
27,descriptor,NumHDonors,1.0666666666666667,1.2666666666666666,-0.19999999999999996,,,,0.47968383487622845,0.13807949085917515,0.7853847222987215,False,2023.09.5
27,descriptor,NumHAcceptors,4.566666666666666,4.166666666666667,0.39999999999999947,,,,0.29912294937281314,0.13807949085917515,0.5473140939249246,False,2023.09.5
27,descriptor,NumAromaticRings,1.1333333333333333,1.4666666666666666,-0.33333333333333326,,,,0.11198953709109714,0.13807949085917515,0.2485978700182898,False,2023.09.5
27,descriptor,NumAliphaticRings,1.3,1.1333333333333333,0.16666666666666674,,,,0.5682921832433261,0.13807949085917515,0.8833406962938077,False,2023.09.5
27,descriptor,HeavyAtomCount,22.433333333333334,22.866666666666667,-0.43333333333333357,,,,0.8702485410962357,0.13807949085917515,1.0,False,2023.09.5
27,descriptor,FractionCSP3,0.6183956828345373,0.4619788272542681,0.1564168555802692,,,,0.013253903432512435,0.13807949085917515,0.040085717104138066,False,2023.09.5
27,substructure,halogen_F,,,,23.333333333333332,43.333333333333336,-20.000000000000004,0.17022170316928475,0.13807949085917515,0.3580806178784263,False,2023.09.5
27,substructure,halogen_Cl,,,,13.333333333333334,10.0,3.333333333333334,1.0,0.13807949085917515,1.0,False,2023.09.5
27,substructure,halogen_Br,,,,6.666666666666667,13.333333333333334,-6.666666666666667,0.6707485199902685,0.13807949085917515,0.984610081809964,False,2023.09.5
27,substructure,halogen_I,,,,0.0,0.0,0.0,1.0,0.13807949085917515,1.0,False,2023.09.5
27,substructure,boron,,,,20.0,0.0,20.0,0.023720703916957266,0.13807949085917515,0.067078762005167,False,2023.09.5
27,substructure,boronic_acid_or_ester,,,,20.0,0.0,20.0,0.023720703916957266,0.13807949085917515,0.067078762005167,False,2023.09.5
27,substructure,nitro,,,,0.0,0.0,0.0,1.0,0.13807949085917515,1.0,False,2023.09.5
27,substructure,nitrile,,,,16.666666666666664,20.0,-3.3333333333333357,1.0,0.13807949085917515,1.0,False,2023.09.5
27,substructure,aromatic_N,,,,46.666666666666664,60.0,-13.333333333333336,0.4378954215234297,0.13807949085917515,0.7418177038131187,False,2023.09.5
27,substructure,aromatic_O,,,,10.0,3.3333333333333335,6.666666666666666,0.6119536128456737,0.13807949085917515,0.9176986186575842,False,2023.09.5
27,substructure,aromatic_S,,,,3.3333333333333335,3.3333333333333335,0.0,1.0,0.13807949085917515,1.0,False,2023.09.5
27,substructure,pyridine,,,,26.666666666666668,36.666666666666664,-9.999999999999996,0.5795597864797081,0.13807949085917515,0.8969809205133561,False,2023.09.5
27,substructure,benzene,,,,33.33333333333333,63.33333333333333,-30.0,0.03788721289528348,0.13807949085917515,0.1014854369772851,False,2023.09.5
27,substructure,phenol,,,,6.666666666666667,0.0,6.666666666666667,0.4915254237288137,0.13807949085917515,0.7853847222987215,False,2023.09.5
27,substructure,alcohol,,,,16.666666666666664,20.0,-3.3333333333333357,1.0,0.13807949085917515,1.0,False,2023.09.5
27,substructure,carboxylic_acid,,,,6.666666666666667,36.666666666666664,-29.999999999999996,0.010248938246969973,0.13807949085917515,0.03268433544148048,False,2023.09.5
27,substructure,ester,,,,10.0,10.0,0.0,1.0,0.13807949085917515,1.0,False,2023.09.5
27,substructure,amide,,,,40.0,50.0,-10.0,0.6042080137327137,0.13807949085917515,0.9176986186575842,False,2023.09.5
27,substructure,urea,,,,0.0,0.0,0.0,1.0,0.13807949085917515,1.0,False,2023.09.5
27,substructure,sulfone,,,,0.0,6.666666666666667,-6.666666666666667,0.4915254237288137,0.13807949085917515,0.7853847222987215,False,2023.09.5
27,substructure,ether,,,,23.333333333333332,30.0,-6.666666666666668,0.771023976031026,0.13807949085917515,1.0,False,2023.09.5
27,substructure,amine_primary,,,,0.0,6.666666666666667,-6.666666666666667,0.4915254237288137,0.13807949085917515,0.7853847222987215,False,2023.09.5
27,substructure,amine_secondary,,,,36.666666666666664,30.0,6.666666666666664,0.7846525735627773,0.13807949085917515,1.0,False,2023.09.5
27,substructure,amine_tertiary,,,,13.333333333333334,26.666666666666668,-13.333333333333334,0.3334117381152047,0.13807949085917515,0.6046619657343543,False,2023.09.5
27,substructure,ketone,,,,6.666666666666667,6.666666666666667,0.0,1.0,0.13807949085917515,1.0,False,2023.09.5
27,substructure,alkyne,,,,6.666666666666667,3.3333333333333335,3.3333333333333335,1.0,0.13807949085917515,1.0,False,2023.09.5
35,descriptor,MolWt,148.54976666666664,363.06886666666674,-214.5191000000001,,,,3.019859359162157e-11,0.21089411617894802,8.023908189881195e-10,False,2023.09.5
35,descriptor,MolLogP,1.4122713333333334,2.7337060000000006,-1.3214346666666672,,,,0.00016813164375018016,0.21089411617894802,0.0007868004463439282,False,2023.09.5
35,descriptor,TPSA,28.33966666666667,80.24133333333333,-51.90166666666666,,,,3.483208045939069e-09,0.21089411617894802,4.067852700257455e-08,False,2023.09.5
35,descriptor,QED,0.5400748311967796,0.7824210471583507,-0.24234621596157113,,,,4.9979539605688955e-09,0.21089411617894802,5.465994400522723e-08,False,2023.09.5
35,descriptor,NumRotatableBonds,1.5,4.533333333333333,-3.033333333333333,,,,1.0174500746878573e-09,0.21089411617894802,1.360839474895009e-08,False,2023.09.5
35,descriptor,NumHDonors,0.43333333333333335,1.4666666666666666,-1.0333333333333332,,,,4.855186271133263e-06,0.21089411617894802,3.0366007025934583e-05,False,2023.09.5
35,descriptor,NumHAcceptors,2.1333333333333333,5.0,-2.8666666666666667,,,,4.498552172539459e-08,0.21089411617894802,4.0754617965866635e-07,False,2023.09.5
35,descriptor,NumAromaticRings,0.6666666666666666,1.9666666666666666,-1.2999999999999998,,,,4.04443529805224e-08,0.21089411617894802,3.697902851036679e-07,False,2023.09.5
35,descriptor,NumAliphaticRings,0.43333333333333335,1.2333333333333334,-0.8,,,,0.0016314007567969848,0.21089411617894802,0.006357003539526834,False,2023.09.5
35,descriptor,HeavyAtomCount,9.266666666666667,25.1,-15.833333333333334,,,,2.1019008883126122e-11,0.21089411617894802,8.023908189881195e-10,False,2023.09.5
35,descriptor,FractionCSP3,0.4746031746031746,0.4116427325136438,0.06296044208953078,,,,0.6514959927724155,0.21089411617894802,0.9740455571699369,False,2023.09.5
35,substructure,halogen_F,,,,3.3333333333333335,26.666666666666668,-23.333333333333336,0.025690734963116434,0.21089411617894802,0.07142529474647329,False,2023.09.5
35,substructure,halogen_Cl,,,,50.0,6.666666666666667,43.333333333333336,0.0003716659746162567,0.21089411617894802,0.0016169512016546816,True,2023.09.5
35,substructure,halogen_Br,,,,0.0,20.0,-20.0,0.023720703916957266,0.21089411617894802,0.067078762005167,False,2023.09.5
35,substructure,halogen_I,,,,0.0,0.0,0.0,1.0,0.21089411617894802,1.0,False,2023.09.5
35,substructure,boron,,,,0.0,0.0,0.0,1.0,0.21089411617894802,1.0,False,2023.09.5
35,substructure,boronic_acid_or_ester,,,,0.0,0.0,0.0,1.0,0.21089411617894802,1.0,False,2023.09.5
35,substructure,nitro,,,,0.0,0.0,0.0,1.0,0.21089411617894802,1.0,False,2023.09.5
35,substructure,nitrile,,,,6.666666666666667,20.0,-13.333333333333332,0.2542143363175797,0.21089411617894802,0.4790264433514032,False,2023.09.5
35,substructure,aromatic_N,,,,40.0,76.66666666666667,-36.66666666666667,0.008214033805340531,0.21089411617894802,0.026764905214274205,False,2023.09.5
35,substructure,aromatic_O,,,,6.666666666666667,10.0,-3.333333333333333,1.0,0.21089411617894802,1.0,False,2023.09.5
35,substructure,aromatic_S,,,,16.666666666666664,0.0,16.666666666666664,0.052185548617305996,0.21089411617894802,0.13009702690761193,False,2023.09.5
35,substructure,pyridine,,,,10.0,40.0,-30.0,0.01533162169738991,0.21089411617894802,0.04570624269575802,False,2023.09.5
35,substructure,benzene,,,,10.0,70.0,-60.0,3.367029114508047e-06,0.21089411617894802,2.1534843722677476e-05,True,2023.09.5
35,substructure,phenol,,,,0.0,6.666666666666667,-6.666666666666667,0.4915254237288137,0.21089411617894802,0.7853847222987215,False,2023.09.5
35,substructure,alcohol,,,,0.0,20.0,-20.0,0.023720703916957266,0.21089411617894802,0.067078762005167,False,2023.09.5
35,substructure,carboxylic_acid,,,,3.3333333333333335,33.33333333333333,-29.999999999999996,0.005579091919870972,0.21089411617894802,0.018910637766069504,False,2023.09.5
35,substructure,ester,,,,0.0,13.333333333333334,-13.333333333333334,0.11239964317573597,0.21089411617894802,0.2485978700182898,False,2023.09.5
35,substructure,amide,,,,3.3333333333333335,53.333333333333336,-50.0,2.3151803459215232e-05,0.21089411617894802,0.00012747981904733395,True,2023.09.5
35,substructure,urea,,,,0.0,0.0,0.0,1.0,0.21089411617894802,1.0,False,2023.09.5
35,substructure,sulfone,,,,0.0,6.666666666666667,-6.666666666666667,0.4915254237288137,0.21089411617894802,0.7853847222987215,False,2023.09.5
35,substructure,ether,,,,10.0,46.666666666666664,-36.666666666666664,0.00342116497224037,0.21089411617894802,0.012346756722971398,False,2023.09.5
35,substructure,amine_primary,,,,10.0,20.0,-10.0,0.4716445589655157,0.21089411617894802,0.7853847222987215,False,2023.09.5
35,substructure,amine_secondary,,,,20.0,30.0,-10.0,0.5520034313650507,0.21089411617894802,0.8627641471670887,False,2023.09.5
35,substructure,amine_tertiary,,,,10.0,20.0,-10.0,0.4716445589655157,0.21089411617894802,0.7853847222987215,False,2023.09.5
35,substructure,ketone,,,,0.0,6.666666666666667,-6.666666666666667,0.4915254237288137,0.21089411617894802,0.7853847222987215,False,2023.09.5
35,substructure,alkyne,,,,0.0,0.0,0.0,1.0,0.21089411617894802,1.0,False,2023.09.5
41,descriptor,MolWt,500.7775000000002,301.3615333333334,199.4159666666668,,,,3.019859359162157e-11,0.47335745928745243,8.023908189881195e-10,False,2023.09.5
41,descriptor,MolLogP,4.43372866666667,2.0903780000000007,2.343350666666669,,,,1.596405099603832e-07,0.47335745928745243,1.300446047187566e-06,False,2023.09.5
41,descriptor,TPSA,96.66966666666667,67.64266666666667,29.027,,,,0.0003770395640831686,0.47335745928745243,0.001636732055049632,False,2023.09.5
41,descriptor,QED,0.42636882666395837,0.8111338441905285,-0.3847650175265701,,,,8.152744512218774e-11,0.47335745928745243,1.6552161807114936e-09,False,2023.09.5
41,descriptor,NumRotatableBonds,7.066666666666666,3.7666666666666666,3.3,,,,2.4234876572679887e-06,0.47335745928745243,1.5858822537394986e-05,False,2023.09.5
41,descriptor,NumHDonors,1.3,1.3666666666666667,-0.06666666666666665,,,,0.4850184019010938,0.47335745928745243,0.7853847222987215,False,2023.09.5
41,descriptor,NumHAcceptors,6.633333333333334,4.1,2.533333333333334,,,,8.455884684913758e-07,0.47335745928745243,5.946154079497969e-06,False,2023.09.5
41,descriptor,NumAromaticRings,2.7333333333333334,1.3333333333333333,1.4000000000000001,,,,2.462866067847853e-07,0.47335745928745243,1.9006796808205943e-06,False,2023.09.5
41,descriptor,NumAliphaticRings,1.0,1.1666666666666667,-0.16666666666666674,,,,0.6482502841271753,0.47335745928745243,0.9695590762597233,False,2023.09.5
41,descriptor,HeavyAtomCount,35.333333333333336,20.633333333333333,14.700000000000003,,,,2.074863443894649e-11,0.47335745928745243,8.023908189881195e-10,False,2023.09.5
41,descriptor,FractionCSP3,0.45822303622303623,0.47172078265731515,-0.013497746434278923,,,,0.9175527630184793,0.47335745928745243,1.0,False,2023.09.5
41,substructure,halogen_F,,,,50.0,26.666666666666668,23.333333333333332,0.1102404124875744,0.47335745928745243,0.2485978700182898,False,2023.09.5
41,substructure,halogen_Cl,,,,6.666666666666667,33.33333333333333,-26.66666666666666,0.0211452463435343,0.47335745928745243,0.061645088567048825,False,2023.09.5
41,substructure,halogen_Br,,,,10.0,6.666666666666667,3.333333333333333,1.0,0.47335745928745243,1.0,False,2023.09.5
41,substructure,halogen_I,,,,0.0,0.0,0.0,1.0,0.47335745928745243,1.0,False,2023.09.5
41,substructure,boron,,,,0.0,0.0,0.0,1.0,0.47335745928745243,1.0,False,2023.09.5
41,substructure,boronic_acid_or_ester,,,,0.0,0.0,0.0,1.0,0.47335745928745243,1.0,False,2023.09.5
41,substructure,nitro,,,,0.0,0.0,0.0,1.0,0.47335745928745243,1.0,False,2023.09.5
41,substructure,nitrile,,,,13.333333333333334,26.666666666666668,-13.333333333333334,0.3334117381152047,0.47335745928745243,0.6046619657343543,False,2023.09.5
41,substructure,aromatic_N,,,,83.33333333333334,53.333333333333336,30.000000000000007,0.02505842413910355,0.47335745928745243,0.07050909819951028,False,2023.09.5
41,substructure,aromatic_O,,,,10.0,3.3333333333333335,6.666666666666666,0.6119536128456737,0.47335745928745243,0.9176986186575842,False,2023.09.5
41,substructure,aromatic_S,,,,3.3333333333333335,13.333333333333334,-10.0,0.35325602140945594,0.47335745928745243,0.6254013661859009,False,2023.09.5
41,substructure,pyridine,,,,13.333333333333334,23.333333333333332,-9.999999999999998,0.5061775943272466,0.47335745928745243,0.8015828383766278,False,2023.09.5
41,substructure,benzene,,,,80.0,56.666666666666664,23.333333333333336,0.09461077986808852,0.47335745928745243,0.221504481074963,False,2023.09.5
41,substructure,phenol,,,,0.0,6.666666666666667,-6.666666666666667,0.4915254237288137,0.47335745928745243,0.7853847222987215,False,2023.09.5
41,substructure,alcohol,,,,13.333333333333334,33.33333333333333,-19.999999999999993,0.12527840350750902,0.47335745928745243,0.2723652935124812,False,2023.09.5
41,substructure,carboxylic_acid,,,,20.0,16.666666666666664,3.3333333333333357,1.0,0.47335745928745243,1.0,False,2023.09.5
41,substructure,ester,,,,56.666666666666664,3.3333333333333335,53.33333333333333,7.954964600623303e-06,0.47335745928745243,4.7717734627072225e-05,True,2023.09.5
41,substructure,amide,,,,66.66666666666666,60.0,6.666666666666657,0.789170351739782,0.47335745928745243,1.0,False,2023.09.5
41,substructure,urea,,,,0.0,0.0,0.0,1.0,0.47335745928745243,1.0,False,2023.09.5
41,substructure,sulfone,,,,6.666666666666667,3.3333333333333335,3.3333333333333335,1.0,0.47335745928745243,1.0,False,2023.09.5
41,substructure,ether,,,,66.66666666666666,36.666666666666664,29.999999999999993,0.0378872128952835,0.47335745928745243,0.1014854369772851,False,2023.09.5
41,substructure,amine_primary,,,,0.0,13.333333333333334,-13.333333333333334,0.11239964317573597,0.47335745928745243,0.2485978700182898,False,2023.09.5
41,substructure,amine_secondary,,,,30.0,26.666666666666668,3.333333333333332,1.0,0.47335745928745243,1.0,False,2023.09.5
41,substructure,amine_tertiary,,,,33.33333333333333,23.333333333333332,9.999999999999996,0.567489732503049,0.47335745928745243,0.8824398472032879,False,2023.09.5
41,substructure,ketone,,,,10.0,10.0,0.0,1.0,0.47335745928745243,1.0,False,2023.09.5
41,substructure,alkyne,,,,6.666666666666667,6.666666666666667,0.0,1.0,0.47335745928745243,1.0,False,2023.09.5
46,descriptor,MolWt,117.96973333333332,336.9364666666668,-218.96673333333345,,,,3.019859359162157e-11,0.08042677980907219,8.023908189881195e-10,False,2023.09.5
46,descriptor,MolLogP,0.5989616666666665,2.369612000000002,-1.7706503333333354,,,,4.0839534518280284e-05,0.08042677980907219,0.00021702512370184112,False,2023.09.5
46,descriptor,TPSA,33.537333333333336,74.768,-41.230666666666664,,,,4.4847044265426475e-08,0.08042677980907219,4.072235051532647e-07,False,2023.09.5
46,descriptor,QED,0.45208857525269075,0.7363392233887324,-0.2842506481360416,,,,5.967306094734087e-09,0.08042677980907219,6.350689470175336e-08,False,2023.09.5
46,descriptor,NumRotatableBonds,1.0,4.0,-3.0,,,,5.159787022907362e-09,0.08042677980907219,5.6119771493654526e-08,False,2023.09.5
46,descriptor,NumHDonors,0.5,1.4,-0.8999999999999999,,,,0.00033863866266377346,0.08042677980907219,0.001484684900870298,False,2023.09.5
46,descriptor,NumHAcceptors,1.8666666666666667,4.333333333333333,-2.4666666666666663,,,,2.816026499868009e-07,0.08042677980907219,2.1481019100149224e-06,False,2023.09.5
46,descriptor,NumAromaticRings,0.2,1.4333333333333333,-1.2333333333333334,,,,2.0021875759773015e-08,0.08042677980907219,1.9239467507995476e-07,False,2023.09.5
46,descriptor,NumAliphaticRings,0.23333333333333334,1.3333333333333333,-1.0999999999999999,,,,1.2453132103479565e-06,0.08042677980907219,8.559366319040902e-06,False,2023.09.5
46,descriptor,HeavyAtomCount,6.8,23.233333333333334,-16.433333333333334,,,,2.466564157750979e-11,0.08042677980907219,8.023908189881195e-10,False,2023.09.5
46,descriptor,FractionCSP3,0.6766666666666666,0.500502184658195,0.17616448200847168,,,,0.014928093267124918,0.08042677980907219,0.044840911414679475,False,2023.09.5
46,substructure,halogen_F,,,,23.333333333333332,33.33333333333333,-9.999999999999996,0.567489732503049,0.08042677980907219,0.8824398472032879,False,2023.09.5
46,substructure,halogen_Cl,,,,10.0,16.666666666666664,-6.666666666666664,0.7064691994252865,0.08042677980907219,1.0,False,2023.09.5
46,substructure,halogen_Br,,,,16.666666666666664,10.0,6.666666666666664,0.7064691994252865,0.08042677980907219,1.0,False,2023.09.5
46,substructure,halogen_I,,,,0.0,0.0,0.0,1.0,0.08042677980907219,1.0,False,2023.09.5
46,substructure,boron,,,,3.3333333333333335,0.0,3.3333333333333335,1.0,0.08042677980907219,1.0,False,2023.09.5
46,substructure,boronic_acid_or_ester,,,,0.0,0.0,0.0,1.0,0.08042677980907219,1.0,False,2023.09.5
46,substructure,nitro,,,,0.0,0.0,0.0,1.0,0.08042677980907219,1.0,False,2023.09.5
46,substructure,nitrile,,,,6.666666666666667,26.666666666666668,-20.0,0.07972201478079077,0.08042677980907219,0.1899034034399222,False,2023.09.5
46,substructure,aromatic_N,,,,20.0,63.33333333333333,-43.33333333333333,0.0014305830891172976,0.08042677980907219,0.005669347797612995,True,2023.09.5
46,substructure,aromatic_O,,,,6.666666666666667,6.666666666666667,0.0,1.0,0.08042677980907219,1.0,False,2023.09.5
46,substructure,aromatic_S,,,,6.666666666666667,6.666666666666667,0.0,1.0,0.08042677980907219,1.0,False,2023.09.5
46,substructure,pyridine,,,,0.0,26.666666666666668,-26.666666666666668,0.004575062390691967,0.08042677980907219,0.015888308776096052,False,2023.09.5
46,substructure,benzene,,,,0.0,56.666666666666664,-56.666666666666664,6.185596344065138e-07,0.08042677980907219,4.436372450390196e-06,True,2023.09.5
46,substructure,phenol,,,,0.0,16.666666666666664,-16.666666666666664,0.052185548617305996,0.08042677980907219,0.13009702690761193,False,2023.09.5
46,substructure,alcohol,,,,0.0,10.0,-10.0,0.23728813559322035,0.08042677980907219,0.4564741150697567,False,2023.09.5
46,substructure,carboxylic_acid,,,,3.3333333333333335,30.0,-26.666666666666668,0.012182915008697837,0.08042677980907219,0.037073144134846074,False,2023.09.5
46,substructure,ester,,,,3.3333333333333335,13.333333333333334,-10.0,0.35325602140945594,0.08042677980907219,0.6254013661859009,False,2023.09.5
46,substructure,amide,,,,3.3333333333333335,60.0,-56.666666666666664,2.591374415237919e-06,0.08042677980907219,1.679091867418482e-05,True,2023.09.5
46,substructure,urea,,,,3.3333333333333335,0.0,3.3333333333333335,1.0,0.08042677980907219,1.0,False,2023.09.5
46,substructure,sulfone,,,,10.0,10.0,0.0,1.0,0.08042677980907219,1.0,False,2023.09.5
46,substructure,ether,,,,23.333333333333332,43.333333333333336,-20.000000000000004,0.17022170316928475,0.08042677980907219,0.3580806178784263,False,2023.09.5
46,substructure,amine_primary,,,,23.333333333333332,6.666666666666667,16.666666666666664,0.1454992249936118,0.08042677980907219,0.30902973806314865,False,2023.09.5
46,substructure,amine_secondary,,,,6.666666666666667,23.333333333333332,-16.666666666666664,0.1454992249936118,0.08042677980907219,0.30902973806314865,False,2023.09.5
46,substructure,amine_tertiary,,,,6.666666666666667,13.333333333333334,-6.666666666666667,0.6707485199902685,0.08042677980907219,0.984610081809964,False,2023.09.5
46,substructure,ketone,,,,0.0,3.3333333333333335,-3.3333333333333335,1.0,0.08042677980907219,1.0,False,2023.09.5
46,substructure,alkyne,,,,3.3333333333333335,3.3333333333333335,0.0,1.0,0.08042677980907219,1.0,False,2023.09.5
59,descriptor,MolWt,146.91003333333336,357.5192000000001,-210.60916666666677,,,,3.019859359162157e-11,0.32002246209521434,8.023908189881195e-10,False,2023.09.5
59,descriptor,MolLogP,1.4831323333333333,3.1293773333333346,-1.6462450000000013,,,,1.336676003162719e-05,0.32002246209521434,7.714140373937616e-05,False,2023.09.5
59,descriptor,TPSA,32.48566666666667,68.07666666666667,-35.591,,,,6.253082889007716e-06,0.32002246209521434,3.808608485781777e-05,False,2023.09.5
59,descriptor,QED,0.5695766763155485,0.7538385185643637,-0.18426184224881514,,,,8.291938835502516e-06,0.32002246209521434,4.951400580656781e-05,False,2023.09.5
59,descriptor,NumRotatableBonds,1.1333333333333333,3.966666666666667,-2.8333333333333335,,,,2.019972363114271e-10,0.32002246209521434,3.4322191354375102e-09,False,2023.09.5
59,descriptor,NumHDonors,0.7,1.2,-0.5,,,,0.028080779399791013,0.32002246209521434,0.07790596050719875,False,2023.09.5
59,descriptor,NumHAcceptors,1.7,4.2,-2.5,,,,9.650105163245606e-08,0.32002246209521434,8.128673689636032e-07,False,2023.09.5
59,descriptor,NumAromaticRings,0.8333333333333334,1.9333333333333333,-1.1,,,,5.053331830779212e-06,0.32002246209521434,3.1555427000086594e-05,False,2023.09.5
59,descriptor,NumAliphaticRings,0.23333333333333334,1.3666666666666667,-1.1333333333333333,,,,2.50669456879176e-07,0.32002246209521434,1.930740038491552e-06,False,2023.09.5
59,descriptor,HeavyAtomCount,9.566666666666666,24.266666666666666,-14.7,,,,1.3705285152678887e-11,0.32002246209521434,8.023908189881195e-10,False,2023.09.5
59,descriptor,FractionCSP3,0.4923809523809524,0.43055816515636136,0.06182278722459106,,,,0.7672543332493056,0.32002246209521434,1.0,False,2023.09.5
59,substructure,halogen_F,,,,13.333333333333334,53.333333333333336,-40.0,0.0021521918620873125,0.32002246209521434,0.008061047854308107,True,2023.09.5
59,substructure,halogen_Cl,,,,10.0,13.333333333333334,-3.333333333333334,1.0,0.32002246209521434,1.0,False,2023.09.5
59,substructure,halogen_Br,,,,3.3333333333333335,23.333333333333332,-20.0,0.05231484385878206,0.32002246209521434,0.13009702690761193,False,2023.09.5
59,substructure,halogen_I,,,,0.0,0.0,0.0,1.0,0.32002246209521434,1.0,False,2023.09.5
59,substructure,boron,,,,6.666666666666667,0.0,6.666666666666667,0.4915254237288137,0.32002246209521434,0.7853847222987215,False,2023.09.5
59,substructure,boronic_acid_or_ester,,,,0.0,0.0,0.0,1.0,0.32002246209521434,1.0,False,2023.09.5
59,substructure,nitro,,,,0.0,0.0,0.0,1.0,0.32002246209521434,1.0,False,2023.09.5
59,substructure,nitrile,,,,6.666666666666667,23.333333333333332,-16.666666666666664,0.1454992249936118,0.32002246209521434,0.30902973806314865,False,2023.09.5
59,substructure,aromatic_N,,,,56.666666666666664,63.33333333333333,-6.666666666666664,0.7924942425907315,0.32002246209521434,1.0,False,2023.09.5
59,substructure,aromatic_O,,,,0.0,16.666666666666664,-16.666666666666664,0.052185548617305996,0.32002246209521434,0.13009702690761193,False,2023.09.5
59,substructure,aromatic_S,,,,10.0,6.666666666666667,3.333333333333333,1.0,0.32002246209521434,1.0,False,2023.09.5
59,substructure,pyridine,,,,13.333333333333334,26.666666666666668,-13.333333333333334,0.3334117381152047,0.32002246209521434,0.6046619657343543,False,2023.09.5
59,substructure,benzene,,,,10.0,80.0,-70.0,5.6213814618317425e-08,0.32002246209521434,4.967644912364256e-07,True,2023.09.5
59,substructure,phenol,,,,0.0,3.3333333333333335,-3.3333333333333335,1.0,0.32002246209521434,1.0,False,2023.09.5
59,substructure,alcohol,,,,0.0,30.0,-30.0,0.0019356033191389092,0.32002246209521434,0.007333065588967408,False,2023.09.5
59,substructure,carboxylic_acid,,,,0.0,26.666666666666668,-26.666666666666668,0.004575062390691967,0.32002246209521434,0.015888308776096052,False,2023.09.5
59,substructure,ester,,,,0.0,3.3333333333333335,-3.3333333333333335,1.0,0.32002246209521434,1.0,False,2023.09.5
59,substructure,amide,,,,0.0,43.333333333333336,-43.333333333333336,4.635688621467135e-05,0.32002246209521434,0.00024180093876664542,True,2023.09.5
59,substructure,urea,,,,0.0,0.0,0.0,1.0,0.32002246209521434,1.0,False,2023.09.5
59,substructure,sulfone,,,,10.0,0.0,10.0,0.23728813559322035,0.32002246209521434,0.4564741150697567,False,2023.09.5
59,substructure,ether,,,,3.3333333333333335,43.333333333333336,-40.0,0.0004310204101236465,0.32002246209521434,0.0018467638567960134,True,2023.09.5
59,substructure,amine_primary,,,,0.0,16.666666666666664,-16.666666666666664,0.052185548617305996,0.32002246209521434,0.13009702690761193,False,2023.09.5
59,substructure,amine_secondary,,,,13.333333333333334,10.0,3.333333333333334,1.0,0.32002246209521434,1.0,False,2023.09.5
59,substructure,amine_tertiary,,,,0.0,16.666666666666664,-16.666666666666664,0.052185548617305996,0.32002246209521434,0.13009702690761193,False,2023.09.5
59,substructure,ketone,,,,6.666666666666667,10.0,-3.333333333333333,1.0,0.32002246209521434,1.0,False,2023.09.5
59,substructure,alkyne,,,,0.0,0.0,0.0,1.0,0.32002246209521434,1.0,False,2023.09.5
77,descriptor,MolWt,252.12730000000005,340.4391000000001,-88.31180000000006,,,,6.010385631570395e-08,0.25375928121295316,5.276079094320886e-07,False,2023.09.5
77,descriptor,MolLogP,1.5862106666666667,2.860911333333335,-1.2747006666666683,,,,0.0011737583520143354,0.25375928121295316,0.0046985938479522284,False,2023.09.5
77,descriptor,TPSA,73.25366666666667,70.06966666666666,3.1840000000000117,,,,0.5894149661996944,0.25375928121295316,0.9101549062702196,False,2023.09.5
77,descriptor,QED,0.7766319363473253,0.7403750933362635,0.0362568430110618,,,,0.47334655725844954,0.25375928121295316,0.7853847222987215,False,2023.09.5
77,descriptor,NumRotatableBonds,2.6,3.966666666666667,-1.3666666666666667,,,,0.00024953930230549337,0.25375928121295316,0.0011355472388821244,False,2023.09.5
77,descriptor,NumHDonors,1.6666666666666667,1.2,0.4666666666666668,,,,0.026305966774911822,0.25375928121295316,0.07308443681535151,False,2023.09.5
77,descriptor,NumHAcceptors,3.9,4.566666666666666,-0.6666666666666665,,,,0.13579200321095972,0.25375928121295316,0.2939314055288078,False,2023.09.5
77,descriptor,NumAromaticRings,2.2,1.8333333333333333,0.3666666666666669,,,,0.08278637671898384,0.25375928121295316,0.19661143697088004,False,2023.09.5
77,descriptor,NumAliphaticRings,0.2,1.1666666666666667,-0.9666666666666668,,,,1.0709227563573869e-05,0.25375928121295316,6.31860386351549e-05,False,2023.09.5
77,descriptor,HeavyAtomCount,17.033333333333335,23.866666666666667,-6.833333333333332,,,,2.976859909602808e-10,0.25375928121295316,4.714155352847007e-09,False,2023.09.5
77,descriptor,FractionCSP3,0.20929089429089429,0.4465483372836313,-0.23725744299273702,,,,8.462174808962517e-06,0.25375928121295316,5.037857153185354e-05,False,2023.09.5
77,substructure,halogen_F,,,,16.666666666666664,33.33333333333333,-16.666666666666664,0.2325984703938369,0.25375928121295316,0.4564741150697567,False,2023.09.5
77,substructure,halogen_Cl,,,,0.0,33.33333333333333,-33.33333333333333,0.0007970131314101389,0.25375928121295316,0.0032800155792648026,True,2023.09.5
77,substructure,halogen_Br,,,,13.333333333333334,3.3333333333333335,10.0,0.35325602140945594,0.25375928121295316,0.6254013661859009,False,2023.09.5
77,substructure,halogen_I,,,,6.666666666666667,0.0,6.666666666666667,0.4915254237288137,0.25375928121295316,0.7853847222987215,False,2023.09.5
77,substructure,boron,,,,0.0,0.0,0.0,1.0,0.25375928121295316,1.0,False,2023.09.5
77,substructure,boronic_acid_or_ester,,,,0.0,0.0,0.0,1.0,0.25375928121295316,1.0,False,2023.09.5
77,substructure,nitro,,,,0.0,0.0,0.0,1.0,0.25375928121295316,1.0,False,2023.09.5
77,substructure,nitrile,,,,13.333333333333334,20.0,-6.666666666666666,0.7306423241784982,0.25375928121295316,1.0,False,2023.09.5
77,substructure,aromatic_N,,,,96.66666666666667,70.0,26.66666666666667,0.012182915008697838,0.25375928121295316,0.037073144134846074,False,2023.09.5
77,substructure,aromatic_O,,,,3.3333333333333335,6.666666666666667,-3.3333333333333335,1.0,0.25375928121295316,1.0,False,2023.09.5
77,substructure,aromatic_S,,,,13.333333333333334,10.0,3.333333333333334,1.0,0.25375928121295316,1.0,False,2023.09.5
77,substructure,pyridine,,,,26.666666666666668,30.0,-3.333333333333332,1.0,0.25375928121295316,1.0,False,2023.09.5
77,substructure,benzene,,,,43.333333333333336,63.33333333333333,-19.999999999999993,0.19535622455155724,0.25375928121295316,0.3952045442001099,False,2023.09.5
77,substructure,phenol,,,,6.666666666666667,3.3333333333333335,3.3333333333333335,1.0,0.25375928121295316,1.0,False,2023.09.5
77,substructure,alcohol,,,,3.3333333333333335,13.333333333333334,-10.0,0.35325602140945594,0.25375928121295316,0.6254013661859009,False,2023.09.5
77,substructure,carboxylic_acid,,,,13.333333333333334,30.0,-16.666666666666664,0.20923627896279956,0.25375928121295316,0.4200641117716651,False,2023.09.5
77,substructure,ester,,,,0.0,23.333333333333332,-23.333333333333332,0.010542535074203226,0.25375928121295316,0.03268433544148048,False,2023.09.5
77,substructure,amide,,,,20.0,50.0,-30.0,0.029178250088207194,0.25375928121295316,0.08055557329094301,False,2023.09.5
77,substructure,urea,,,,0.0,0.0,0.0,1.0,0.25375928121295316,1.0,False,2023.09.5
77,substructure,sulfone,,,,0.0,0.0,0.0,1.0,0.25375928121295316,1.0,False,2023.09.5
77,substructure,ether,,,,20.0,36.666666666666664,-16.666666666666664,0.25156918928788474,0.25375928121295316,0.4790264433514032,False,2023.09.5
77,substructure,amine_primary,,,,0.0,10.0,-10.0,0.23728813559322035,0.25375928121295316,0.4564741150697567,False,2023.09.5
77,substructure,amine_secondary,,,,13.333333333333334,30.0,-16.666666666666664,0.20923627896279956,0.25375928121295316,0.4200641117716651,False,2023.09.5
77,substructure,amine_tertiary,,,,10.0,23.333333333333332,-13.333333333333332,0.2989793821568606,0.25375928121295316,0.5473140939249246,False,2023.09.5
77,substructure,ketone,,,,0.0,6.666666666666667,-6.666666666666667,0.4915254237288137,0.25375928121295316,0.7853847222987215,False,2023.09.5
77,substructure,alkyne,,,,3.3333333333333335,10.0,-6.666666666666666,0.6119536128456737,0.25375928121295316,0.9176986186575842,False,2023.09.5
90,descriptor,MolWt,484.9598333333335,319.2332333333334,165.72660000000013,,,,3.3383888204288e-11,0.46440381855618645,8.209118844768709e-10,False,2023.09.5
90,descriptor,MolLogP,3.6744000000000017,2.681993333333335,0.9924066666666667,,,,0.01122776446668884,0.46440381855618645,0.03467294814635032,False,2023.09.5
90,descriptor,TPSA,109.31766666666668,62.45533333333334,46.86233333333334,,,,2.3722610687589644e-07,0.46440381855618645,1.8414541251955752e-06,False,2023.09.5
90,descriptor,QED,0.41539379615722605,0.7957655956349604,-0.38037179947773436,,,,3.8201597819993253e-10,0.46440381855618645,5.839387095341826e-09,False,2023.09.5
90,descriptor,NumRotatableBonds,6.233333333333333,3.533333333333333,2.7,,,,5.781334626221641e-05,0.46440381855618645,0.0002968651593412643,False,2023.09.5
90,descriptor,NumHDonors,1.5333333333333334,1.2666666666666666,0.26666666666666683,,,,0.5058781296683852,0.46440381855618645,0.8015828383766278,False,2023.09.5
90,descriptor,NumHAcceptors,7.7,3.7,4.0,,,,1.1655008203182506e-09,0.46440381855618645,1.5437935521127616e-08,False,2023.09.5
90,descriptor,NumAromaticRings,3.466666666666667,1.3333333333333333,2.1333333333333337,,,,3.2666215563293277e-09,0.46440381855618645,3.848974625448752e-08,False,2023.09.5
90,descriptor,NumAliphaticRings,1.0333333333333334,1.3666666666666667,-0.33333333333333326,,,,0.30226700256678507,0.46440381855618645,0.5514631627474202,False,2023.09.5
90,descriptor,HeavyAtomCount,34.266666666666666,20.8,13.466666666666665,,,,2.2944607490181865e-11,0.46440381855618645,8.023908189881195e-10,False,2023.09.5
90,descriptor,FractionCSP3,0.35687823955340203,0.49719826970987957,-0.14032003015647754,,,,0.011785556488474298,0.46440381855618645,0.036282284710629664,False,2023.09.5
90,substructure,halogen_F,,,,30.0,36.666666666666664,-6.666666666666664,0.7846525735627773,0.46440381855618645,1.0,False,2023.09.5
90,substructure,halogen_Cl,,,,6.666666666666667,16.666666666666664,-9.999999999999996,0.42380990998296975,0.46440381855618645,0.7210414411785893,False,2023.09.5
90,substructure,halogen_Br,,,,20.0,33.33333333333333,-13.333333333333329,0.38165411884707007,0.46440381855618645,0.6694588642071557,False,2023.09.5
90,substructure,halogen_I,,,,0.0,0.0,0.0,1.0,0.46440381855618645,1.0,False,2023.09.5
90,substructure,boron,,,,0.0,0.0,0.0,1.0,0.46440381855618645,1.0,False,2023.09.5
90,substructure,boronic_acid_or_ester,,,,0.0,0.0,0.0,1.0,0.46440381855618645,1.0,False,2023.09.5
90,substructure,nitro,,,,0.0,0.0,0.0,1.0,0.46440381855618645,1.0,False,2023.09.5
90,substructure,nitrile,,,,6.666666666666667,13.333333333333334,-6.666666666666667,0.6707485199902685,0.46440381855618645,0.984610081809964,False,2023.09.5
90,substructure,aromatic_N,,,,96.66666666666667,50.0,46.66666666666667,6.415347065416128e-05,0.46440381855618645,0.00032346177288613713,True,2023.09.5
90,substructure,aromatic_O,,,,13.333333333333334,20.0,-6.666666666666666,0.7306423241784982,0.46440381855618645,1.0,False,2023.09.5
90,substructure,aromatic_S,,,,0.0,3.3333333333333335,-3.3333333333333335,1.0,0.46440381855618645,1.0,False,2023.09.5
90,substructure,pyridine,,,,33.33333333333333,23.333333333333332,9.999999999999996,0.567489732503049,0.46440381855618645,0.8824398472032879,False,2023.09.5
90,substructure,benzene,,,,83.33333333333334,63.33333333333333,20.000000000000014,0.14316508132189698,0.46440381855618645,0.30753692726716775,False,2023.09.5
90,substructure,phenol,,,,0.0,10.0,-10.0,0.23728813559322035,0.46440381855618645,0.4564741150697567,False,2023.09.5
90,substructure,alcohol,,,,10.0,36.666666666666664,-26.666666666666664,0.03034142126191129,0.46440381855618645,0.0827284344186686,False,2023.09.5
90,substructure,carboxylic_acid,,,,20.0,20.0,0.0,1.0,0.46440381855618645,1.0,False,2023.09.5
90,substructure,ester,,,,46.666666666666664,6.666666666666667,40.0,0.0009098128565499236,0.46440381855618645,0.003717181732797882,True,2023.09.5
90,substructure,amide,,,,56.666666666666664,46.666666666666664,10.0,0.6058071732731877,0.46440381855618645,0.9176986186575842,False,2023.09.5
90,substructure,urea,,,,0.0,3.3333333333333335,-3.3333333333333335,1.0,0.46440381855618645,1.0,False,2023.09.5
90,substructure,sulfone,,,,3.3333333333333335,6.666666666666667,-3.3333333333333335,1.0,0.46440381855618645,1.0,False,2023.09.5
90,substructure,ether,,,,56.666666666666664,26.666666666666668,29.999999999999996,0.03521738569492147,0.46440381855618645,0.09510615959494823,False,2023.09.5
90,substructure,amine_primary,,,,3.3333333333333335,0.0,3.3333333333333335,1.0,0.46440381855618645,1.0,False,2023.09.5
90,substructure,amine_secondary,,,,46.666666666666664,26.666666666666668,19.999999999999996,0.17986880691888266,0.46440381855618645,0.37607460207280724,False,2023.09.5
90,substructure,amine_tertiary,,,,20.0,13.333333333333334,6.666666666666666,0.7306423241784982,0.46440381855618645,1.0,False,2023.09.5
90,substructure,ketone,,,,6.666666666666667,13.333333333333334,-6.666666666666667,0.6707485199902685,0.46440381855618645,0.984610081809964,False,2023.09.5
90,substructure,alkyne,,,,3.3333333333333335,6.666666666666667,-3.3333333333333335,1.0,0.46440381855618645,1.0,False,2023.09.5
100,descriptor,MolWt,488.90063333333353,286.13023333333336,202.77040000000017,,,,3.019859359162157e-11,0.41330255194359516,8.023908189881195e-10,False,2023.09.5
100,descriptor,MolLogP,4.4938506666666695,1.93209,2.5617606666666695,,,,6.5182731281236696e-09,0.41330255194359516,6.845051276987163e-08,False,2023.09.5
100,descriptor,TPSA,87.89033333333334,67.54533333333333,20.345000000000013,,,,0.005827485633385436,0.41330255194359516,0.019685166913458143,False,2023.09.5
100,descriptor,QED,0.4499548043104359,0.7865688231371629,-0.33661401882672704,,,,1.5465212858330377e-09,0.41330255194359516,1.9687066786536965e-08,False,2023.09.5
100,descriptor,NumRotatableBonds,5.133333333333334,3.1333333333333333,2.0000000000000004,,,,0.0003121405253556396,0.41330255194359516,0.0013900611247277584,False,2023.09.5
100,descriptor,NumHDonors,1.0,1.3333333333333333,-0.33333333333333326,,,,0.14266536601623972,0.41330255194359516,0.30753692726716775,False,2023.09.5
100,descriptor,NumHAcceptors,6.033333333333333,4.066666666666666,1.9666666666666668,,,,0.0001439691785743303,0.41330255194359516,0.000683737792630497,False,2023.09.5
100,descriptor,NumAromaticRings,2.566666666666667,1.0666666666666667,1.5000000000000002,,,,4.5530551053653363e-07,0.41330255194359516,3.3946412734729503e-06,False,2023.09.5
100,descriptor,NumAliphaticRings,0.9333333333333333,1.8,-0.8666666666666667,,,,0.03855028623293315,0.41330255194359516,0.10312201567309617,False,2023.09.5
100,descriptor,HeavyAtomCount,33.7,20.233333333333334,13.466666666666669,,,,2.6537410336963057e-11,0.41330255194359516,8.023908189881195e-10,False,2023.09.5
100,descriptor,FractionCSP3,0.41679716685302903,0.563520220749323,-0.14672305389629392,,,,0.010729819782970223,0.41330255194359516,0.033186997281858685,False,2023.09.5
100,substructure,halogen_F,,,,96.66666666666667,20.0,76.66666666666667,6.917308877902162e-10,0.41330255194359516,9.78058065986238e-09,True,2023.09.5
100,substructure,halogen_Cl,,,,26.666666666666668,10.0,16.666666666666668,0.18058040377378287,0.41330255194359516,0.37607460207280724,False,2023.09.5
100,substructure,halogen_Br,,,,3.3333333333333335,0.0,3.3333333333333335,1.0,0.41330255194359516,1.0,False,2023.09.5
100,substructure,halogen_I,,,,0.0,0.0,0.0,1.0,0.41330255194359516,1.0,False,2023.09.5
100,substructure,boron,,,,0.0,0.0,0.0,1.0,0.41330255194359516,1.0,False,2023.09.5
100,substructure,boronic_acid_or_ester,,,,0.0,0.0,0.0,1.0,0.41330255194359516,1.0,False,2023.09.5
100,substructure,nitro,,,,0.0,0.0,0.0,1.0,0.41330255194359516,1.0,False,2023.09.5
100,substructure,nitrile,,,,3.3333333333333335,33.33333333333333,-29.999999999999996,0.005579091919870972,0.41330255194359516,0.018910637766069504,False,2023.09.5
100,substructure,aromatic_N,,,,83.33333333333334,53.333333333333336,30.000000000000007,0.02505842413910355,0.41330255194359516,0.07050909819951028,False,2023.09.5
100,substructure,aromatic_O,,,,13.333333333333334,10.0,3.333333333333334,1.0,0.41330255194359516,1.0,False,2023.09.5
100,substructure,aromatic_S,,,,0.0,13.333333333333334,-13.333333333333334,0.11239964317573597,0.41330255194359516,0.2485978700182898,False,2023.09.5
100,substructure,pyridine,,,,33.33333333333333,20.0,13.333333333333329,0.38165411884707007,0.41330255194359516,0.6694588642071557,False,2023.09.5
100,substructure,benzene,,,,70.0,30.0,40.0,0.004117367939157807,0.41330255194359516,0.014711786706792202,False,2023.09.5
100,substructure,phenol,,,,0.0,3.3333333333333335,-3.3333333333333335,1.0,0.41330255194359516,1.0,False,2023.09.5
100,substructure,alcohol,,,,6.666666666666667,23.333333333333332,-16.666666666666664,0.1454992249936118,0.41330255194359516,0.30902973806314865,False,2023.09.5
100,substructure,carboxylic_acid,,,,30.0,30.0,0.0,1.0,0.41330255194359516,1.0,False,2023.09.5
100,substructure,ester,,,,43.333333333333336,3.3333333333333335,40.0,0.0004310204101236465,0.41330255194359516,0.0018467638567960134,True,2023.09.5
100,substructure,amide,,,,66.66666666666666,56.666666666666664,9.999999999999993,0.5959098408345822,0.41330255194359516,0.9176986186575842,False,2023.09.5
100,substructure,urea,,,,0.0,3.3333333333333335,-3.3333333333333335,1.0,0.41330255194359516,1.0,False,2023.09.5
100,substructure,sulfone,,,,6.666666666666667,3.3333333333333335,3.3333333333333335,1.0,0.41330255194359516,1.0,False,2023.09.5
100,substructure,ether,,,,60.0,23.333333333333332,36.66666666666667,0.00821403380534053,0.41330255194359516,0.026764905214274205,False,2023.09.5
100,substructure,amine_primary,,,,10.0,6.666666666666667,3.333333333333333,1.0,0.41330255194359516,1.0,False,2023.09.5
100,substructure,amine_secondary,,,,13.333333333333334,33.33333333333333,-19.999999999999993,0.12527840350750902,0.41330255194359516,0.2723652935124812,False,2023.09.5
100,substructure,amine_tertiary,,,,23.333333333333332,16.666666666666664,6.666666666666668,0.7480497930241055,0.41330255194359516,1.0,False,2023.09.5
100,substructure,ketone,,,,6.666666666666667,0.0,6.666666666666667,0.4915254237288137,0.41330255194359516,0.7853847222987215,False,2023.09.5
100,substructure,alkyne,,,,6.666666666666667,6.666666666666667,0.0,1.0,0.41330255194359516,1.0,False,2023.09.5
113,descriptor,MolWt,267.0368,335.2176333333334,-68.1808333333334,,,,7.118594879682295e-09,0.18016472203157172,7.396986123008453e-08,False,2023.09.5
113,descriptor,MolLogP,1.208996666666667,2.8621856666666683,-1.6531890000000014,,,,6.045949421012782e-07,0.18016472203157172,4.391910781245799e-06,False,2023.09.5
113,descriptor,TPSA,47.309333333333335,70.65966666666667,-23.35033333333333,,,,0.0002000898380215315,0.18016472203157172,0.0009254155008495833,False,2023.09.5
113,descriptor,QED,0.7953379376548629,0.7838981630289242,0.011439774625938703,,,,0.8302552839111963,0.18016472203157172,1.0,False,2023.09.5
113,descriptor,NumRotatableBonds,3.2333333333333334,4.2,-0.9666666666666668,,,,0.019541422745176174,0.18016472203157172,0.05760572795841584,False,2023.09.5
113,descriptor,NumHDonors,1.0333333333333334,1.4666666666666666,-0.4333333333333331,,,,0.01416031478648757,0.18016472203157172,0.04263170056251277,False,2023.09.5
113,descriptor,NumHAcceptors,4.666666666666667,4.1,0.5666666666666673,,,,0.07837093098119001,0.18016472203157172,0.18884389272947733,False,2023.09.5
113,descriptor,NumAromaticRings,0.7666666666666667,1.8333333333333333,-1.0666666666666664,,,,1.1450278459208225e-05,0.18016472203157172,6.705865742604344e-05,False,2023.09.5
113,descriptor,NumAliphaticRings,2.3,1.2,1.0999999999999999,,,,4.5072429884671756e-05,0.18016472203157172,0.000238239986533265,False,2023.09.5
113,descriptor,HeavyAtomCount,18.3,23.633333333333333,-5.333333333333332,,,,4.909033368221509e-10,0.18016472203157172,7.3063395130785536e-09,False,2023.09.5
113,descriptor,FractionCSP3,0.7911680911680912,0.4210903242211292,0.370077766946962,,,,1.9747325694556805e-08,0.18016472203157172,1.9021815675121748e-07,False,2023.09.5
113,substructure,halogen_F,,,,20.0,30.0,-10.0,0.5520034313650507,0.18016472203157172,0.8627641471670887,False,2023.09.5
113,substructure,halogen_Cl,,,,0.0,10.0,-10.0,0.23728813559322035,0.18016472203157172,0.4564741150697567,False,2023.09.5
113,substructure,halogen_Br,,,,0.0,10.0,-10.0,0.23728813559322035,0.18016472203157172,0.4564741150697567,False,2023.09.5
113,substructure,halogen_I,,,,0.0,0.0,0.0,1.0,0.18016472203157172,1.0,False,2023.09.5
113,substructure,boron,,,,0.0,0.0,0.0,1.0,0.18016472203157172,1.0,False,2023.09.5
113,substructure,boronic_acid_or_ester,,,,0.0,0.0,0.0,1.0,0.18016472203157172,1.0,False,2023.09.5
113,substructure,nitro,,,,0.0,0.0,0.0,1.0,0.18016472203157172,1.0,False,2023.09.5
113,substructure,nitrile,,,,0.0,10.0,-10.0,0.23728813559322035,0.18016472203157172,0.4564741150697567,False,2023.09.5
113,substructure,aromatic_N,,,,53.333333333333336,56.666666666666664,-3.3333333333333286,1.0,0.18016472203157172,1.0,False,2023.09.5
113,substructure,aromatic_O,,,,3.3333333333333335,10.0,-6.666666666666666,0.6119536128456737,0.18016472203157172,0.9176986186575842,False,2023.09.5
113,substructure,aromatic_S,,,,6.666666666666667,3.3333333333333335,3.3333333333333335,1.0,0.18016472203157172,1.0,False,2023.09.5
113,substructure,pyridine,,,,0.0,23.333333333333332,-23.333333333333332,0.010542535074203226,0.18016472203157172,0.03268433544148048,False,2023.09.5
113,substructure,benzene,,,,6.666666666666667,70.0,-63.333333333333336,5.474571568875942e-07,0.18016472203157172,4.0136720076259e-06,True,2023.09.5
113,substructure,phenol,,,,0.0,3.3333333333333335,-3.3333333333333335,1.0,0.18016472203157172,1.0,False,2023.09.5
113,substructure,alcohol,,,,0.0,13.333333333333334,-13.333333333333334,0.11239964317573597,0.18016472203157172,0.2485978700182898,False,2023.09.5
113,substructure,carboxylic_acid,,,,0.0,30.0,-30.0,0.0019356033191389092,0.18016472203157172,0.007333065588967408,False,2023.09.5
113,substructure,ester,,,,3.3333333333333335,26.666666666666668,-23.333333333333336,0.025690734963116434,0.18016472203157172,0.07142529474647329,False,2023.09.5
113,substructure,amide,,,,40.0,53.333333333333336,-13.333333333333336,0.43789542152342975,0.18016472203157172,0.7418177038131187,False,2023.09.5
113,substructure,urea,,,,0.0,0.0,0.0,1.0,0.18016472203157172,1.0,False,2023.09.5
113,substructure,sulfone,,,,3.3333333333333335,0.0,3.3333333333333335,1.0,0.18016472203157172,1.0,False,2023.09.5
113,substructure,ether,,,,26.666666666666668,40.0,-13.333333333333332,0.411756597048106,0.18016472203157172,0.7152893232617163,False,2023.09.5
113,substructure,amine_primary,,,,0.0,16.666666666666664,-16.666666666666664,0.052185548617305996,0.18016472203157172,0.13009702690761193,False,2023.09.5
113,substructure,amine_secondary,,,,80.0,26.666666666666668,53.33333333333333,7.293288208265017e-05,0.18016472203157172,0.00036092660020651504,True,2023.09.5
113,substructure,amine_tertiary,,,,36.666666666666664,10.0,26.666666666666664,0.03034142126191129,0.18016472203157172,0.0827284344186686,False,2023.09.5
113,substructure,ketone,,,,0.0,6.666666666666667,-6.666666666666667,0.4915254237288137,0.18016472203157172,0.7853847222987215,False,2023.09.5
113,substructure,alkyne,,,,3.3333333333333335,0.0,3.3333333333333335,1.0,0.18016472203157172,1.0,False,2023.09.5
146,descriptor,MolWt,299.2126,348.6172666666668,-49.4046666666668,,,,1.8676686908560552e-05,0.47959693018032074,0.00010483272414164545,False,2023.09.5
146,descriptor,MolLogP,0.4989086666666665,3.0499780000000016,-2.551069333333335,,,,1.463452041097264e-10,0.47959693018032074,2.6715165753289487e-09,False,2023.09.5
146,descriptor,TPSA,117.81466666666667,73.57866666666665,44.23600000000002,,,,2.1933435250359955e-07,0.47959693018032074,1.728332171621287e-06,False,2023.09.5
146,descriptor,QED,0.6405757809917826,0.7834887576347792,-0.14291297664299663,,,,1.7479133317173934e-05,0.47959693018032074,9.84146157025142e-05,False,2023.09.5
146,descriptor,NumRotatableBonds,3.566666666666667,4.4,-0.8333333333333335,,,,0.017108489241873876,0.47959693018032074,0.050773994684091966,False,2023.09.5
146,descriptor,NumHDonors,1.7,1.2666666666666666,0.43333333333333335,,,,0.07136500241721042,0.47959693018032074,0.17269807125289488,False,2023.09.5
146,descriptor,NumHAcceptors,7.8,4.066666666666666,3.7333333333333334,,,,4.38262165592412e-11,0.47959693018032074,1.0087673916164877e-09,False,2023.09.5
146,descriptor,NumAromaticRings,3.033333333333333,1.2666666666666666,1.7666666666666666,,,,7.05398548219138e-09,0.47959693018032074,7.349139085262019e-08,False,2023.09.5
146,descriptor,NumAliphaticRings,0.36666666666666664,1.5666666666666667,-1.2,,,,1.6462329803493846e-06,0.47959693018032074,1.1159993782882215e-05,False,2023.09.5
146,descriptor,HeavyAtomCount,21.266666666666666,24.366666666666667,-3.1000000000000014,,,,3.408152798614569e-06,0.47959693018032074,2.1759468340984066e-05,False,2023.09.5
146,descriptor,FractionCSP3,0.2767271617271617,0.5501828571499792,-0.27345569542281745,,,,5.939568408632698e-05,0.47959693018032074,0.00030420118149776006,False,2023.09.5
146,substructure,halogen_F,,,,6.666666666666667,33.33333333333333,-26.66666666666666,0.0211452463435343,0.47959693018032074,0.061645088567048825,False,2023.09.5
146,substructure,halogen_Cl,,,,20.0,6.666666666666667,13.333333333333332,0.2542143363175797,0.47959693018032074,0.4790264433514032,False,2023.09.5
146,substructure,halogen_Br,,,,3.3333333333333335,6.666666666666667,-3.3333333333333335,1.0,0.47959693018032074,1.0,False,2023.09.5
146,substructure,halogen_I,,,,3.3333333333333335,0.0,3.3333333333333335,1.0,0.47959693018032074,1.0,False,2023.09.5
146,substructure,boron,,,,0.0,0.0,0.0,1.0,0.47959693018032074,1.0,False,2023.09.5
146,substructure,boronic_acid_or_ester,,,,0.0,0.0,0.0,1.0,0.47959693018032074,1.0,False,2023.09.5
146,substructure,nitro,,,,0.0,0.0,0.0,1.0,0.47959693018032074,1.0,False,2023.09.5
146,substructure,nitrile,,,,50.0,16.666666666666664,33.333333333333336,0.01269894629179263,0.47959693018032074,0.03846605077980644,False,2023.09.5
146,substructure,aromatic_N,,,,100.0,33.33333333333333,66.66666666666667,1.4334985450146899e-08,0.47959693018032074,1.411746452664965e-07,True,2023.09.5
146,substructure,aromatic_O,,,,3.3333333333333335,6.666666666666667,-3.3333333333333335,1.0,0.47959693018032074,1.0,False,2023.09.5
146,substructure,aromatic_S,,,,10.0,6.666666666666667,3.333333333333333,1.0,0.47959693018032074,1.0,False,2023.09.5
146,substructure,pyridine,,,,20.0,16.666666666666664,3.3333333333333357,1.0,0.47959693018032074,1.0,False,2023.09.5
146,substructure,benzene,,,,0.0,66.66666666666666,-66.66666666666666,1.4334985450146902e-08,0.47959693018032074,1.411746452664965e-07,True,2023.09.5
146,substructure,phenol,,,,0.0,3.3333333333333335,-3.3333333333333335,1.0,0.47959693018032074,1.0,False,2023.09.5
146,substructure,alcohol,,,,6.666666666666667,20.0,-13.333333333333332,0.2542143363175797,0.47959693018032074,0.4790264433514032,False,2023.09.5
146,substructure,carboxylic_acid,,,,0.0,40.0,-40.0,0.0001236183632391236,0.47959693018032074,0.0005925001211424823,True,2023.09.5
146,substructure,ester,,,,0.0,13.333333333333334,-13.333333333333334,0.11239964317573597,0.47959693018032074,0.2485978700182898,False,2023.09.5
146,substructure,amide,,,,3.3333333333333335,60.0,-56.666666666666664,2.591374415237919e-06,0.47959693018032074,1.679091867418482e-05,True,2023.09.5
146,substructure,urea,,,,0.0,0.0,0.0,1.0,0.47959693018032074,1.0,False,2023.09.5
146,substructure,sulfone,,,,0.0,10.0,-10.0,0.23728813559322035,0.47959693018032074,0.4564741150697567,False,2023.09.5
146,substructure,ether,,,,0.0,40.0,-40.0,0.0001236183632391236,0.47959693018032074,0.0005925001211424823,True,2023.09.5
146,substructure,amine_primary,,,,36.666666666666664,13.333333333333334,23.33333333333333,0.07161837006434509,0.47959693018032074,0.17278313655377342,False,2023.09.5
146,substructure,amine_secondary,,,,13.333333333333334,20.0,-6.666666666666666,0.7306423241784982,0.47959693018032074,1.0,False,2023.09.5
146,substructure,amine_tertiary,,,,6.666666666666667,26.666666666666668,-20.0,0.07972201478079077,0.47959693018032074,0.1899034034399222,False,2023.09.5
146,substructure,ketone,,,,0.0,6.666666666666667,-6.666666666666667,0.4915254237288137,0.47959693018032074,0.7853847222987215,False,2023.09.5
146,substructure,alkyne,,,,0.0,0.0,0.0,1.0,0.47959693018032074,1.0,False,2023.09.5
147,descriptor,MolWt,298.2719333333333,333.8054666666667,-35.53353333333337,,,,0.00795812612634523,0.00786173332501404,0.026041044481057374,False,2023.09.5
147,descriptor,MolLogP,2.8449153333333346,2.5187440000000008,0.3261713333333338,,,,0.491782956953405,0.00786173332501404,0.7853847222987215,False,2023.09.5
147,descriptor,TPSA,50.30066666666666,68.72566666666667,-18.42500000000001,,,,0.0026873674073032597,0.00786173332501404,0.009933975317939873,False,2023.09.5
147,descriptor,QED,0.7571891251477744,0.7618307152546053,-0.004641590106830962,,,,0.7618283459354748,0.00786173332501404,1.0,False,2023.09.5
147,descriptor,NumRotatableBonds,2.8333333333333335,3.8666666666666667,-1.0333333333333332,,,,0.003243537152240112,0.00786173332501404,0.011791702098915153,False,2023.09.5
147,descriptor,NumHDonors,1.0333333333333334,1.4,-0.3666666666666665,,,,0.08030637419100549,0.00786173332501404,0.1910654659989127,False,2023.09.5
147,descriptor,NumHAcceptors,3.1666666666666665,4.066666666666666,-0.8999999999999999,,,,0.013461583845123498,0.00786173332501404,0.0406517242126956,False,2023.09.5
147,descriptor,NumAromaticRings,1.0,1.5,-0.5,,,,0.017595468290012916,0.00786173332501404,0.052141062095928996,False,2023.09.5
147,descriptor,NumAliphaticRings,2.7,1.3,1.4000000000000001,,,,0.00014424248050333197,0.00786173332501404,0.000683737792630497,False,2023.09.5
147,descriptor,HeavyAtomCount,21.566666666666666,23.066666666666666,-1.5,,,,0.028754985173402924,0.00786173332501404,0.0796647909737594,False,2023.09.5
147,descriptor,FractionCSP3,0.636370685701181,0.478724030782686,0.15764665491849505,,,,0.004188402656914605,0.00786173332501404,0.014952106509219945,False,2023.09.5
147,substructure,halogen_F,,,,10.0,36.666666666666664,-26.666666666666664,0.03034142126191129,0.00786173332501404,0.0827284344186686,False,2023.09.5
147,substructure,halogen_Cl,,,,0.0,16.666666666666664,-16.666666666666664,0.052185548617305996,0.00786173332501404,0.13009702690761193,False,2023.09.5
147,substructure,halogen_Br,,,,0.0,10.0,-10.0,0.23728813559322035,0.00786173332501404,0.4564741150697567,False,2023.09.5
147,substructure,halogen_I,,,,0.0,0.0,0.0,1.0,0.00786173332501404,1.0,False,2023.09.5
147,substructure,boron,,,,26.666666666666668,0.0,26.666666666666668,0.004575062390691967,0.00786173332501404,0.015888308776096052,False,2023.09.5
147,substructure,boronic_acid_or_ester,,,,26.666666666666668,0.0,26.666666666666668,0.004575062390691967,0.00786173332501404,0.015888308776096052,False,2023.09.5
147,substructure,nitro,,,,0.0,0.0,0.0,1.0,0.00786173332501404,1.0,False,2023.09.5
147,substructure,nitrile,,,,0.0,13.333333333333334,-13.333333333333334,0.11239964317573597,0.00786173332501404,0.2485978700182898,False,2023.09.5
147,substructure,aromatic_N,,,,16.666666666666664,53.333333333333336,-36.66666666666667,0.006107224773226807,0.00786173332501404,0.020421032835477134,False,2023.09.5
147,substructure,aromatic_O,,,,6.666666666666667,6.666666666666667,0.0,1.0,0.00786173332501404,1.0,False,2023.09.5
147,substructure,aromatic_S,,,,3.3333333333333335,6.666666666666667,-3.3333333333333335,1.0,0.00786173332501404,1.0,False,2023.09.5
147,substructure,pyridine,,,,6.666666666666667,20.0,-13.333333333333332,0.2542143363175797,0.00786173332501404,0.4790264433514032,False,2023.09.5
147,substructure,benzene,,,,63.33333333333333,60.0,3.3333333333333286,1.0,0.00786173332501404,1.0,False,2023.09.5
147,substructure,phenol,,,,3.3333333333333335,0.0,3.3333333333333335,1.0,0.00786173332501404,1.0,False,2023.09.5
147,substructure,alcohol,,,,40.0,13.333333333333334,26.666666666666664,0.03909713767454877,0.00786173332501404,0.10433683798444979,False,2023.09.5
147,substructure,carboxylic_acid,,,,13.333333333333334,26.666666666666668,-13.333333333333334,0.3334117381152047,0.00786173332501404,0.6046619657343543,False,2023.09.5
147,substructure,ester,,,,6.666666666666667,23.333333333333332,-16.666666666666664,0.1454992249936118,0.00786173332501404,0.30902973806314865,False,2023.09.5
147,substructure,amide,,,,23.333333333333332,80.0,-56.66666666666667,2.2672724439932294e-05,0.00786173332501404,0.0001253649665610223,True,2023.09.5
147,substructure,urea,,,,3.3333333333333335,0.0,3.3333333333333335,1.0,0.00786173332501404,1.0,False,2023.09.5
147,substructure,sulfone,,,,3.3333333333333335,3.3333333333333335,0.0,1.0,0.00786173332501404,1.0,False,2023.09.5
147,substructure,ether,,,,46.666666666666664,46.666666666666664,0.0,1.0,0.00786173332501404,1.0,False,2023.09.5
147,substructure,amine_primary,,,,6.666666666666667,6.666666666666667,0.0,1.0,0.00786173332501404,1.0,False,2023.09.5
147,substructure,amine_secondary,,,,6.666666666666667,33.33333333333333,-26.66666666666666,0.0211452463435343,0.00786173332501404,0.061645088567048825,False,2023.09.5
147,substructure,amine_tertiary,,,,13.333333333333334,6.666666666666667,6.666666666666667,0.6707485199902685,0.00786173332501404,0.984610081809964,False,2023.09.5
147,substructure,ketone,,,,6.666666666666667,3.3333333333333335,3.3333333333333335,1.0,0.00786173332501404,1.0,False,2023.09.5
147,substructure,alkyne,,,,13.333333333333334,6.666666666666667,6.666666666666667,0.6707485199902685,0.00786173332501404,0.984610081809964,False,2023.09.5
151,descriptor,MolWt,510.0810333333335,336.2378333333334,173.84320000000008,,,,3.019859359162157e-11,0.022836463467897923,8.023908189881195e-10,False,2023.09.5
151,descriptor,MolLogP,3.890259333333337,2.5713053333333344,1.3189540000000024,,,,0.0002005814957824269,0.022836463467897923,0.000925526971797935,False,2023.09.5
151,descriptor,TPSA,110.06466666666668,72.35166666666666,37.71300000000002,,,,1.860848389843697e-06,0.022836463467897923,1.2465480161406424e-05,False,2023.09.5
151,descriptor,QED,0.42164524156993555,0.7875456175682243,-0.36590037599828873,,,,4.6159103691111474e-10,0.022836463467897923,6.948436939661989e-09,False,2023.09.5
151,descriptor,NumRotatableBonds,7.133333333333334,3.8,3.333333333333334,,,,6.4951552031858825e-06,0.022836463467897923,3.937874341410859e-05,False,2023.09.5
151,descriptor,NumHDonors,1.5333333333333334,1.1333333333333333,0.40000000000000013,,,,0.13765545096360116,0.022836463467897923,0.29763950320311144,False,2023.09.5
151,descriptor,NumHAcceptors,7.266666666666667,4.5,2.7666666666666666,,,,3.044326656289763e-07,0.022836463467897923,2.3089059831898796e-06,False,2023.09.5
151,descriptor,NumAromaticRings,2.566666666666667,1.6666666666666667,0.9000000000000001,,,,0.0012780998268465914,0.022836463467897923,0.005090540457229029,False,2023.09.5
151,descriptor,NumAliphaticRings,1.2333333333333334,1.2333333333333334,0.0,,,,0.9871033899015822,0.022836463467897923,1.0,False,2023.09.5
151,descriptor,HeavyAtomCount,35.63333333333333,23.433333333333334,12.2,,,,1.607220928134969e-11,0.022836463467897923,8.023908189881195e-10,False,2023.09.5
151,descriptor,FractionCSP3,0.46847755223842186,0.4919099928665483,-0.02343244062812644,,,,0.7901214261556253,0.022836463467897923,1.0,False,2023.09.5
151,substructure,halogen_F,,,,46.666666666666664,36.666666666666664,10.0,0.6009504665206372,0.022836463467897923,0.9176986186575842,False,2023.09.5
151,substructure,halogen_Cl,,,,3.3333333333333335,6.666666666666667,-3.3333333333333335,1.0,0.022836463467897923,1.0,False,2023.09.5
151,substructure,halogen_Br,,,,13.333333333333334,13.333333333333334,0.0,1.0,0.022836463467897923,1.0,False,2023.09.5
151,substructure,halogen_I,,,,0.0,0.0,0.0,1.0,0.022836463467897923,1.0,False,2023.09.5
151,substructure,boron,,,,3.3333333333333335,0.0,3.3333333333333335,1.0,0.022836463467897923,1.0,False,2023.09.5
151,substructure,boronic_acid_or_ester,,,,3.3333333333333335,0.0,3.3333333333333335,1.0,0.022836463467897923,1.0,False,2023.09.5
151,substructure,nitro,,,,0.0,0.0,0.0,1.0,0.022836463467897923,1.0,False,2023.09.5
151,substructure,nitrile,,,,3.3333333333333335,26.666666666666668,-23.333333333333336,0.025690734963116434,0.022836463467897923,0.07142529474647329,False,2023.09.5
151,substructure,aromatic_N,,,,76.66666666666667,63.33333333333333,13.333333333333343,0.3985089768298216,0.022836463467897923,0.6962475901453061,False,2023.09.5
151,substructure,aromatic_O,,,,10.0,6.666666666666667,3.333333333333333,1.0,0.022836463467897923,1.0,False,2023.09.5
151,substructure,aromatic_S,,,,3.3333333333333335,6.666666666666667,-3.3333333333333335,1.0,0.022836463467897923,1.0,False,2023.09.5
151,substructure,pyridine,,,,16.666666666666664,30.0,-13.333333333333336,0.36036045478232237,0.022836463467897923,0.6357696258837854,False,2023.09.5
151,substructure,benzene,,,,83.33333333333334,56.666666666666664,26.66666666666668,0.047022325948256706,0.022836463467897923,0.12247459765075547,False,2023.09.5
151,substructure,phenol,,,,0.0,0.0,0.0,1.0,0.022836463467897923,1.0,False,2023.09.5
151,substructure,alcohol,,,,16.666666666666664,26.666666666666668,-10.000000000000004,0.5320924727590531,0.022836463467897923,0.8356025782043203,False,2023.09.5
151,substructure,carboxylic_acid,,,,36.666666666666664,20.0,16.666666666666664,0.25156918928788474,0.022836463467897923,0.4790264433514032,False,2023.09.5
151,substructure,ester,,,,73.33333333333333,13.333333333333334,59.99999999999999,4.834357378167669e-06,0.022836463467897923,3.0283577310388928e-05,True,2023.09.5
151,substructure,amide,,,,73.33333333333333,56.666666666666664,16.666666666666664,0.27891240541475437,0.022836463467897923,0.5196302178997706,False,2023.09.5
151,substructure,urea,,,,0.0,0.0,0.0,1.0,0.022836463467897923,1.0,False,2023.09.5
151,substructure,sulfone,,,,13.333333333333334,6.666666666666667,6.666666666666667,0.6707485199902685,0.022836463467897923,0.984610081809964,False,2023.09.5
151,substructure,ether,,,,80.0,26.666666666666668,53.33333333333333,7.293288208265017e-05,0.022836463467897923,0.00036092660020651504,True,2023.09.5
151,substructure,amine_primary,,,,0.0,13.333333333333334,-13.333333333333334,0.11239964317573597,0.022836463467897923,0.2485978700182898,False,2023.09.5
151,substructure,amine_secondary,,,,26.666666666666668,20.0,6.666666666666668,0.7610684967280272,0.022836463467897923,1.0,False,2023.09.5
151,substructure,amine_tertiary,,,,30.0,20.0,10.0,0.5520034313650507,0.022836463467897923,0.8627641471670887,False,2023.09.5
151,substructure,ketone,,,,10.0,6.666666666666667,3.333333333333333,1.0,0.022836463467897923,1.0,False,2023.09.5
151,substructure,alkyne,,,,3.3333333333333335,3.3333333333333335,0.0,1.0,0.022836463467897923,1.0,False,2023.09.5
155,descriptor,MolWt,420.86953333333344,309.5406333333334,111.32890000000003,,,,9.26028739563309e-09,0.264709552629937,9.40037892290036e-08,False,2023.09.5
155,descriptor,MolLogP,2.8933273333333336,2.555544666666668,0.3377826666666657,,,,0.27718918977304785,0.264709552629937,0.5181265355578359,False,2023.09.5
155,descriptor,TPSA,102.93633333333332,65.74733333333333,37.18899999999999,,,,5.849949353661697e-06,0.264709552629937,3.601858396756868e-05,False,2023.09.5
155,descriptor,QED,0.5001297350013248,0.7952927344848324,-0.29516299948350755,,,,8.101362326146452e-10,0.264709552629937,1.1214438268955875e-08,False,2023.09.5
155,descriptor,NumRotatableBonds,4.3,3.1333333333333333,1.1666666666666665,,,,0.006892052985095572,0.264709552629937,0.02289063571140383,False,2023.09.5
155,descriptor,NumHDonors,0.9666666666666667,1.3,-0.33333333333333337,,,,0.11335073914881108,0.264709552629937,0.25042163855476735,False,2023.09.5
155,descriptor,NumHAcceptors,7.533333333333333,3.8333333333333335,3.6999999999999997,,,,2.381904728854739e-08,0.264709552629937,2.2668175051769016e-07,False,2023.09.5
155,descriptor,NumAromaticRings,3.466666666666667,1.5333333333333334,1.9333333333333333,,,,4.743642892797038e-08,0.264709552629937,4.2682005028598805e-07,False,2023.09.5
155,descriptor,NumAliphaticRings,0.4666666666666667,1.3,-0.8333333333333334,,,,0.0002601116714436296,0.264709552629937,0.0011728584465252523,False,2023.09.5
155,descriptor,HeavyAtomCount,27.066666666666666,21.1,5.966666666666665,,,,6.8504768962273615e-09,0.264709552629937,7.155946710333542e-08,False,2023.09.5
155,descriptor,FractionCSP3,0.2882565482333284,0.4440498175714894,-0.155793269338161,,,,0.00028128901622534826,0.264709552629937,0.0012626113551430316,False,2023.09.5
155,substructure,halogen_F,,,,10.0,26.666666666666668,-16.666666666666668,0.18058040377378287,0.264709552629937,0.37607460207280724,False,2023.09.5
155,substructure,halogen_Cl,,,,70.0,6.666666666666667,63.333333333333336,5.474571568875942e-07,0.264709552629937,4.0136720076259e-06,True,2023.09.5
155,substructure,halogen_Br,,,,36.666666666666664,20.0,16.666666666666664,0.25156918928788474,0.264709552629937,0.4790264433514032,False,2023.09.5
155,substructure,halogen_I,,,,0.0,0.0,0.0,1.0,0.264709552629937,1.0,False,2023.09.5
155,substructure,boron,,,,0.0,0.0,0.0,1.0,0.264709552629937,1.0,False,2023.09.5
155,substructure,boronic_acid_or_ester,,,,0.0,0.0,0.0,1.0,0.264709552629937,1.0,False,2023.09.5
155,substructure,nitro,,,,0.0,0.0,0.0,1.0,0.264709552629937,1.0,False,2023.09.5
155,substructure,nitrile,,,,30.0,23.333333333333332,6.666666666666668,0.771023976031026,0.264709552629937,1.0,False,2023.09.5
155,substructure,aromatic_N,,,,93.33333333333333,60.0,33.33333333333333,0.0047691701519859755,0.264709552629937,0.016418386636271726,False,2023.09.5
155,substructure,aromatic_O,,,,33.33333333333333,10.0,23.33333333333333,0.05746627333208208,0.264709552629937,0.14148568166773196,False,2023.09.5
155,substructure,aromatic_S,,,,0.0,20.0,-20.0,0.023720703916957266,0.264709552629937,0.067078762005167,False,2023.09.5
155,substructure,pyridine,,,,50.0,33.33333333333333,16.66666666666667,0.29491247843871987,0.264709552629937,0.5468658089643526,False,2023.09.5
155,substructure,benzene,,,,66.66666666666666,63.33333333333333,3.3333333333333286,1.0,0.264709552629937,1.0,False,2023.09.5
155,substructure,phenol,,,,0.0,3.3333333333333335,-3.3333333333333335,1.0,0.264709552629937,1.0,False,2023.09.5
155,substructure,alcohol,,,,0.0,26.666666666666668,-26.666666666666668,0.004575062390691967,0.264709552629937,0.015888308776096052,False,2023.09.5
155,substructure,carboxylic_acid,,,,6.666666666666667,23.333333333333332,-16.666666666666664,0.1454992249936118,0.264709552629937,0.30902973806314865,False,2023.09.5
155,substructure,ester,,,,0.0,10.0,-10.0,0.23728813559322035,0.264709552629937,0.4564741150697567,False,2023.09.5
155,substructure,amide,,,,23.333333333333332,53.333333333333336,-30.000000000000004,0.032594202939933606,0.264709552629937,0.08844444786785274,False,2023.09.5
155,substructure,urea,,,,0.0,3.3333333333333335,-3.3333333333333335,1.0,0.264709552629937,1.0,False,2023.09.5
155,substructure,sulfone,,,,10.0,0.0,10.0,0.23728813559322035,0.264709552629937,0.4564741150697567,False,2023.09.5
155,substructure,ether,,,,20.0,36.666666666666664,-16.666666666666664,0.25156918928788474,0.264709552629937,0.4790264433514032,False,2023.09.5
155,substructure,amine_primary,,,,20.0,20.0,0.0,1.0,0.264709552629937,1.0,False,2023.09.5
155,substructure,amine_secondary,,,,16.666666666666664,13.333333333333334,3.3333333333333304,1.0,0.264709552629937,1.0,False,2023.09.5
155,substructure,amine_tertiary,,,,16.666666666666664,10.0,6.666666666666664,0.7064691994252865,0.264709552629937,1.0,False,2023.09.5
155,substructure,ketone,,,,3.3333333333333335,10.0,-6.666666666666666,0.6119536128456737,0.264709552629937,0.9176986186575842,False,2023.09.5
155,substructure,alkyne,,,,0.0,3.3333333333333335,-3.3333333333333335,1.0,0.264709552629937,1.0,False,2023.09.5
163,descriptor,MolWt,420.89246666666685,294.5706666666667,126.32180000000017,,,,7.389082518022347e-11,0.5089848380857304,1.5560307281303441e-09,False,2023.09.5
163,descriptor,MolLogP,4.95956666666667,1.942150666666667,3.017416000000003,,,,8.152744512218774e-11,0.5089848380857304,1.6552161807114936e-09,False,2023.09.5
163,descriptor,TPSA,52.54633333333333,69.14433333333334,-16.598000000000006,,,,0.005826802871318658,0.5089848380857304,0.019685166913458143,False,2023.09.5
163,descriptor,QED,0.5496533279985194,0.7928259434461463,-0.24317261544762692,,,,7.772549509742644e-09,0.5089848380857304,7.992603508849645e-08,False,2023.09.5
163,descriptor,NumRotatableBonds,4.733333333333333,3.2333333333333334,1.5,,,,0.00028161458379745435,0.5089848380857304,0.001262641152043173,False,2023.09.5
163,descriptor,NumHDonors,1.5,1.2666666666666666,0.2333333333333334,,,,0.35761957237648434,0.5089848380857304,0.632625508060099,False,2023.09.5
163,descriptor,NumHAcceptors,3.933333333333333,4.233333333333333,-0.30000000000000027,,,,0.34043370392557315,0.5089848380857304,0.6171140264841319,False,2023.09.5
163,descriptor,NumAromaticRings,3.2666666666666666,1.1666666666666667,2.0999999999999996,,,,2.8731268317105107e-10,0.5089848380857304,4.5865762607830294e-09,False,2023.09.5
163,descriptor,NumAliphaticRings,1.7666666666666666,1.5,0.2666666666666666,,,,0.18088554348537556,0.5089848380857304,0.37631417060357425,False,2023.09.5
163,descriptor,HeavyAtomCount,30.133333333333333,20.066666666666666,10.066666666666666,,,,2.3722481918204896e-11,0.5089848380857304,8.023908189881195e-10,False,2023.09.5
163,descriptor,FractionCSP3,0.34699188275400167,0.5446334901481961,-0.1976416073941944,,,,0.0009744639159428103,0.5089848380857304,0.003952769101657363,False,2023.09.5
163,substructure,halogen_F,,,,26.666666666666668,23.333333333333332,3.3333333333333357,1.0,0.5089848380857304,1.0,False,2023.09.5
163,substructure,halogen_Cl,,,,3.3333333333333335,20.0,-16.666666666666668,0.10278971697348147,0.5089848380857304,0.23742385618320486,False,2023.09.5
163,substructure,halogen_Br,,,,16.666666666666664,13.333333333333334,3.3333333333333304,1.0,0.5089848380857304,1.0,False,2023.09.5
163,substructure,halogen_I,,,,0.0,0.0,0.0,1.0,0.5089848380857304,1.0,False,2023.09.5
163,substructure,boron,,,,0.0,0.0,0.0,1.0,0.5089848380857304,1.0,False,2023.09.5
163,substructure,boronic_acid_or_ester,,,,0.0,0.0,0.0,1.0,0.5089848380857304,1.0,False,2023.09.5
163,substructure,nitro,,,,0.0,0.0,0.0,1.0,0.5089848380857304,1.0,False,2023.09.5
163,substructure,nitrile,,,,10.0,23.333333333333332,-13.333333333333332,0.2989793821568606,0.5089848380857304,0.5473140939249246,False,2023.09.5
163,substructure,aromatic_N,,,,80.0,60.0,20.0,0.15806205176119764,0.5089848380857304,0.33409912595973384,False,2023.09.5
163,substructure,aromatic_O,,,,6.666666666666667,3.3333333333333335,3.3333333333333335,1.0,0.5089848380857304,1.0,False,2023.09.5
163,substructure,aromatic_S,,,,10.0,3.3333333333333335,6.666666666666666,0.6119536128456737,0.5089848380857304,0.9176986186575842,False,2023.09.5
163,substructure,pyridine,,,,23.333333333333332,26.666666666666668,-3.3333333333333357,1.0,0.5089848380857304,1.0,False,2023.09.5
163,substructure,benzene,,,,100.0,40.0,60.0,1.8700640109964368e-07,0.5089848380857304,1.4926579474868738e-06,True,2023.09.5
163,substructure,phenol,,,,3.3333333333333335,6.666666666666667,-3.3333333333333335,1.0,0.5089848380857304,1.0,False,2023.09.5
163,substructure,alcohol,,,,0.0,16.666666666666664,-16.666666666666664,0.052185548617305996,0.5089848380857304,0.13009702690761193,False,2023.09.5
163,substructure,carboxylic_acid,,,,0.0,36.666666666666664,-36.666666666666664,0.0003188052525640556,0.5089848380857304,0.00140238888322344,True,2023.09.5
163,substructure,ester,,,,3.3333333333333335,10.0,-6.666666666666666,0.6119536128456737,0.5089848380857304,0.9176986186575842,False,2023.09.5
163,substructure,amide,,,,13.333333333333334,43.333333333333336,-30.0,0.02037279175315088,0.5089848380857304,0.059745098185721726,False,2023.09.5
163,substructure,urea,,,,0.0,0.0,0.0,1.0,0.5089848380857304,1.0,False,2023.09.5
163,substructure,sulfone,,,,0.0,3.3333333333333335,-3.3333333333333335,1.0,0.5089848380857304,1.0,False,2023.09.5
163,substructure,ether,,,,33.33333333333333,30.0,3.3333333333333286,1.0,0.5089848380857304,1.0,False,2023.09.5
163,substructure,amine_primary,,,,0.0,13.333333333333334,-13.333333333333334,0.11239964317573597,0.5089848380857304,0.2485978700182898,False,2023.09.5
163,substructure,amine_secondary,,,,76.66666666666667,23.333333333333332,53.33333333333334,7.640708652799931e-05,0.5089848380857304,0.00037588366223739175,True,2023.09.5
163,substructure,amine_tertiary,,,,36.666666666666664,23.333333333333332,13.333333333333332,0.3985089768298216,0.5089848380857304,0.6962475901453061,False,2023.09.5
163,substructure,ketone,,,,3.3333333333333335,3.3333333333333335,0.0,1.0,0.5089848380857304,1.0,False,2023.09.5
163,substructure,alkyne,,,,3.3333333333333335,10.0,-6.666666666666666,0.6119536128456737,0.5089848380857304,0.9176986186575842,False,2023.09.5
168,descriptor,MolWt,471.0630666666669,299.0350333333334,172.0280333333335,,,,3.019859359162157e-11,0.39714232233106633,8.023908189881195e-10,False,2023.09.5
168,descriptor,MolLogP,2.572630666666667,2.346218000000001,0.22641266666666615,,,,0.491782956953405,0.39714232233106633,0.7853847222987215,False,2023.09.5
168,descriptor,TPSA,129.339,61.53166666666668,67.80733333333332,,,,2.151929673031345e-10,0.39714232233106633,3.6140960747543908e-09,False,2023.09.5
168,descriptor,QED,0.44688383508706575,0.7895413058919534,-0.3426574708048876,,,,1.5465212858330377e-09,0.39714232233106633,1.9687066786536965e-08,False,2023.09.5
168,descriptor,NumRotatableBonds,5.6,3.533333333333333,2.0666666666666664,,,,0.00013415332826998636,0.39714232233106633,0.000640667100869573,False,2023.09.5
168,descriptor,NumHDonors,1.4333333333333333,1.2666666666666666,0.16666666666666674,,,,0.5965140779160073,0.39714232233106633,0.9176986186575842,False,2023.09.5
168,descriptor,NumHAcceptors,9.133333333333333,3.533333333333333,5.6,,,,1.8856833784331704e-11,0.39714232233106633,8.023908189881195e-10,False,2023.09.5
168,descriptor,NumAromaticRings,3.4,1.2666666666666666,2.1333333333333333,,,,1.81615175635068e-09,0.39714232233106633,2.2971708637036236e-08,False,2023.09.5
168,descriptor,NumAliphaticRings,0.7,1.3666666666666667,-0.6666666666666667,,,,0.006009290177817315,0.39714232233106633,0.02021306696174915,False,2023.09.5
168,descriptor,HeavyAtomCount,33.3,20.5,12.799999999999997,,,,2.4602761616633748e-11,0.39714232233106633,8.023908189881195e-10,False,2023.09.5
168,descriptor,FractionCSP3,0.3526311799692806,0.4818971322222096,-0.12926595225292897,,,,0.028627271470212098,0.39714232233106633,0.07936650402700958,False,2023.09.5
168,substructure,halogen_F,,,,46.666666666666664,23.333333333333332,23.333333333333332,0.10333511717207271,0.39714232233106633,0.23812789806998594,False,2023.09.5
168,substructure,halogen_Cl,,,,10.0,20.0,-10.0,0.4716445589655157,0.39714232233106633,0.7853847222987215,False,2023.09.5
168,substructure,halogen_Br,,,,6.666666666666667,20.0,-13.333333333333332,0.2542143363175797,0.39714232233106633,0.4790264433514032,False,2023.09.5
168,substructure,halogen_I,,,,0.0,0.0,0.0,1.0,0.39714232233106633,1.0,False,2023.09.5
168,substructure,boron,,,,0.0,0.0,0.0,1.0,0.39714232233106633,1.0,False,2023.09.5
168,substructure,boronic_acid_or_ester,,,,0.0,0.0,0.0,1.0,0.39714232233106633,1.0,False,2023.09.5
168,substructure,nitro,,,,0.0,0.0,0.0,1.0,0.39714232233106633,1.0,False,2023.09.5
168,substructure,nitrile,,,,3.3333333333333335,16.666666666666664,-13.33333333333333,0.19450977211904957,0.39714232233106633,0.3940963090170508,False,2023.09.5
168,substructure,aromatic_N,,,,100.0,50.0,50.0,5.832133695832843e-06,0.39714232233106633,3.5964824457635866e-05,True,2023.09.5
168,substructure,aromatic_O,,,,13.333333333333334,6.666666666666667,6.666666666666667,0.6707485199902685,0.39714232233106633,0.984610081809964,False,2023.09.5
168,substructure,aromatic_S,,,,13.333333333333334,0.0,13.333333333333334,0.11239964317573597,0.39714232233106633,0.2485978700182898,False,2023.09.5
168,substructure,pyridine,,,,30.0,30.0,0.0,1.0,0.39714232233106633,1.0,False,2023.09.5
168,substructure,benzene,,,,70.0,56.666666666666664,13.333333333333336,0.4219753810199023,0.39714232233106633,0.7210414411785893,False,2023.09.5
168,substructure,phenol,,,,0.0,6.666666666666667,-6.666666666666667,0.4915254237288137,0.39714232233106633,0.7853847222987215,False,2023.09.5
168,substructure,alcohol,,,,10.0,23.333333333333332,-13.333333333333332,0.2989793821568606,0.39714232233106633,0.5473140939249246,False,2023.09.5
168,substructure,carboxylic_acid,,,,43.333333333333336,20.0,23.333333333333336,0.09461077986808852,0.39714232233106633,0.221504481074963,False,2023.09.5
168,substructure,ester,,,,50.0,10.0,40.0,0.0015063632760577872,0.39714232233106633,0.005916361319357916,True,2023.09.5
168,substructure,amide,,,,63.33333333333333,56.666666666666664,6.666666666666664,0.7924942425907315,0.39714232233106633,1.0,False,2023.09.5
168,substructure,urea,,,,0.0,0.0,0.0,1.0,0.39714232233106633,1.0,False,2023.09.5
168,substructure,sulfone,,,,3.3333333333333335,0.0,3.3333333333333335,1.0,0.39714232233106633,1.0,False,2023.09.5
168,substructure,ether,,,,60.0,26.666666666666668,33.33333333333333,0.018243850221470598,0.39714232233106633,0.05398161661195971,False,2023.09.5
168,substructure,amine_primary,,,,10.0,16.666666666666664,-6.666666666666664,0.7064691994252865,0.39714232233106633,1.0,False,2023.09.5
168,substructure,amine_secondary,,,,20.0,30.0,-10.0,0.5520034313650507,0.39714232233106633,0.8627641471670887,False,2023.09.5
168,substructure,amine_tertiary,,,,10.0,6.666666666666667,3.333333333333333,1.0,0.39714232233106633,1.0,False,2023.09.5
168,substructure,ketone,,,,6.666666666666667,20.0,-13.333333333333332,0.2542143363175797,0.39714232233106633,0.4790264433514032,False,2023.09.5
168,substructure,alkyne,,,,3.3333333333333335,3.3333333333333335,0.0,1.0,0.39714232233106633,1.0,False,2023.09.5
176,descriptor,MolWt,461.3899666666668,270.3958666666667,190.99410000000012,,,,3.3383888204288e-11,0.8306607599675547,8.209118844768709e-10,False,2023.09.5
176,descriptor,MolLogP,3.8488613333333346,2.1234180000000005,1.725443333333334,,,,9.513937913202741e-06,0.8306607599675547,5.630146516946137e-05,False,2023.09.5
176,descriptor,TPSA,91.19233333333332,63.707,27.485333333333323,,,,1.5287507345195553e-05,0.8306607599675547,8.758790387790042e-05,False,2023.09.5
176,descriptor,QED,0.5105437683400917,0.7696880994054156,-0.25914433106532386,,,,5.532862121764326e-08,0.8306607599675547,4.919345066512557e-07,False,2023.09.5
176,descriptor,NumRotatableBonds,4.533333333333333,3.3666666666666667,1.1666666666666665,,,,0.013607440558700279,0.8306607599675547,0.04102959419032323,False,2023.09.5
176,descriptor,NumHDonors,1.2666666666666666,1.1,0.16666666666666652,,,,0.573698886697213,0.8306607599675547,0.8906956440918693,False,2023.09.5
176,descriptor,NumHAcceptors,6.066666666666666,4.066666666666666,2.0,,,,3.695370634352402e-05,0.8306607599675547,0.0001977023289378535,False,2023.09.5
176,descriptor,NumAromaticRings,2.7,1.5333333333333334,1.1666666666666667,,,,0.0012559766634920656,0.8306607599675547,0.005007463857769474,False,2023.09.5
176,descriptor,NumAliphaticRings,0.9333333333333333,0.8666666666666667,0.06666666666666665,,,,0.8409249647168394,0.8306607599675547,1.0,False,2023.09.5
176,descriptor,HeavyAtomCount,27.133333333333333,19.033333333333335,8.099999999999998,,,,1.2423520750448716e-09,0.8306607599675547,1.6286330679147838e-08,False,2023.09.5
176,descriptor,FractionCSP3,0.3673728703643565,0.46367997742997746,-0.09630710706562096,,,,0.08493038865928466,0.8306607599675547,0.20030583473267308,False,2023.09.5
176,substructure,halogen_F,,,,10.0,36.666666666666664,-26.666666666666664,0.03034142126191129,0.8306607599675547,0.0827284344186686,False,2023.09.5
176,substructure,halogen_Cl,,,,86.66666666666667,3.3333333333333335,83.33333333333334,1.877647534551273e-11,0.8306607599675547,8.023908189881195e-10,True,2023.09.5
176,substructure,halogen_Br,,,,63.33333333333333,0.0,63.33333333333333,5.3430400314183914e-08,0.8306607599675547,4.764210694681399e-07,True,2023.09.5
176,substructure,halogen_I,,,,0.0,0.0,0.0,1.0,0.8306607599675547,1.0,False,2023.09.5
176,substructure,boron,,,,0.0,0.0,0.0,1.0,0.8306607599675547,1.0,False,2023.09.5
176,substructure,boronic_acid_or_ester,,,,0.0,0.0,0.0,1.0,0.8306607599675547,1.0,False,2023.09.5
176,substructure,nitro,,,,0.0,0.0,0.0,1.0,0.8306607599675547,1.0,False,2023.09.5
176,substructure,nitrile,,,,13.333333333333334,23.333333333333332,-9.999999999999998,0.5061775943272466,0.8306607599675547,0.8015828383766278,False,2023.09.5
176,substructure,aromatic_N,,,,90.0,73.33333333333333,16.66666666666667,0.1805804037737829,0.8306607599675547,0.37607460207280724,False,2023.09.5
176,substructure,aromatic_O,,,,16.666666666666664,3.3333333333333335,13.33333333333333,0.19450977211904957,0.8306607599675547,0.3940963090170508,False,2023.09.5
176,substructure,aromatic_S,,,,3.3333333333333335,13.333333333333334,-10.0,0.35325602140945594,0.8306607599675547,0.6254013661859009,False,2023.09.5
176,substructure,pyridine,,,,36.666666666666664,30.0,6.666666666666664,0.7846525735627773,0.8306607599675547,1.0,False,2023.09.5
176,substructure,benzene,,,,66.66666666666666,43.333333333333336,23.33333333333332,0.11876489919201856,0.8306607599675547,0.26074145559628825,False,2023.09.5
176,substructure,phenol,,,,10.0,6.666666666666667,3.333333333333333,1.0,0.8306607599675547,1.0,False,2023.09.5
176,substructure,alcohol,,,,3.3333333333333335,16.666666666666664,-13.33333333333333,0.19450977211904957,0.8306607599675547,0.3940963090170508,False,2023.09.5
176,substructure,carboxylic_acid,,,,6.666666666666667,23.333333333333332,-16.666666666666664,0.1454992249936118,0.8306607599675547,0.30902973806314865,False,2023.09.5
176,substructure,ester,,,,10.0,6.666666666666667,3.333333333333333,1.0,0.8306607599675547,1.0,False,2023.09.5
176,substructure,amide,,,,36.666666666666664,26.666666666666668,9.999999999999996,0.5795597864797081,0.8306607599675547,0.8969809205133561,False,2023.09.5
176,substructure,urea,,,,0.0,0.0,0.0,1.0,0.8306607599675547,1.0,False,2023.09.5
176,substructure,sulfone,,,,33.33333333333333,3.3333333333333335,29.999999999999996,0.005579091919870972,0.8306607599675547,0.018910637766069504,False,2023.09.5
176,substructure,ether,,,,33.33333333333333,40.0,-6.666666666666671,0.7891703517397821,0.8306607599675547,1.0,False,2023.09.5
176,substructure,amine_primary,,,,10.0,16.666666666666664,-6.666666666666664,0.7064691994252865,0.8306607599675547,1.0,False,2023.09.5
176,substructure,amine_secondary,,,,20.0,16.666666666666664,3.3333333333333357,1.0,0.8306607599675547,1.0,False,2023.09.5
176,substructure,amine_tertiary,,,,16.666666666666664,23.333333333333332,-6.666666666666668,0.7480497930241055,0.8306607599675547,1.0,False,2023.09.5
176,substructure,ketone,,,,6.666666666666667,3.3333333333333335,3.3333333333333335,1.0,0.8306607599675547,1.0,False,2023.09.5
176,substructure,alkyne,,,,0.0,6.666666666666667,-6.666666666666667,0.4915254237288137,0.8306607599675547,0.7853847222987215,False,2023.09.5
188,descriptor,MolWt,469.8078666666668,299.8743333333333,169.93353333333351,,,,3.019859359162157e-11,0.46434142384725774,8.023908189881195e-10,False,2023.09.5
188,descriptor,MolLogP,4.393682000000003,2.666558000000001,1.7271240000000017,,,,1.336676003162719e-05,0.46434142384725774,7.714140373937616e-05,False,2023.09.5
188,descriptor,TPSA,93.11533333333337,58.64566666666668,34.46966666666669,,,,2.781817631641799e-07,0.46434142384725774,2.126103475611946e-06,False,2023.09.5
188,descriptor,QED,0.4508051729943175,0.8064986739018308,-0.35569350090751334,,,,3.158889488129529e-10,0.46434142384725774,4.9431001911086196e-09,False,2023.09.5
188,descriptor,NumRotatableBonds,5.566666666666666,3.466666666666667,2.0999999999999996,,,,1.5732618290422385e-05,0.46434142384725774,8.987797375437551e-05,False,2023.09.5
188,descriptor,NumHDonors,1.4333333333333333,1.4666666666666666,-0.033333333333333215,,,,0.8284256605944064,0.46434142384725774,1.0,False,2023.09.5
188,descriptor,NumHAcceptors,6.1,3.466666666666667,2.633333333333333,,,,6.540684954551496e-09,0.46434142384725774,6.850415802928405e-08,False,2023.09.5
188,descriptor,NumAromaticRings,3.2333333333333334,1.3,1.9333333333333333,,,,5.593948158431025e-10,0.46434142384725774,8.142073808539862e-09,False,2023.09.5
188,descriptor,NumAliphaticRings,0.6,1.2666666666666666,-0.6666666666666666,,,,0.011219685238313874,0.46434142384725774,0.03467294814635032,False,2023.09.5
188,descriptor,HeavyAtomCount,32.233333333333334,20.2,12.033333333333335,,,,2.1444455831262715e-11,0.46434142384725774,8.023908189881195e-10,False,2023.09.5
188,descriptor,FractionCSP3,0.33816034435942904,0.512479274538098,-0.174318930178669,,,,0.003911545060534836,0.46434142384725774,0.014065219704502648,False,2023.09.5
188,substructure,halogen_F,,,,73.33333333333333,20.0,53.33333333333333,7.293288208265018e-05,0.46434142384725774,0.00036092660020651504,True,2023.09.5
188,substructure,halogen_Cl,,,,53.333333333333336,20.0,33.333333333333336,0.014980696048219267,0.46434142384725774,0.044862765245764054,False,2023.09.5
188,substructure,halogen_Br,,,,13.333333333333334,20.0,-6.666666666666666,0.7306423241784982,0.46434142384725774,1.0,False,2023.09.5
188,substructure,halogen_I,,,,0.0,3.3333333333333335,-3.3333333333333335,1.0,0.46434142384725774,1.0,False,2023.09.5
188,substructure,boron,,,,0.0,0.0,0.0,1.0,0.46434142384725774,1.0,False,2023.09.5
188,substructure,boronic_acid_or_ester,,,,0.0,0.0,0.0,1.0,0.46434142384725774,1.0,False,2023.09.5
188,substructure,nitro,,,,0.0,0.0,0.0,1.0,0.46434142384725774,1.0,False,2023.09.5
188,substructure,nitrile,,,,23.333333333333332,16.666666666666664,6.666666666666668,0.7480497930241055,0.46434142384725774,1.0,False,2023.09.5
188,substructure,aromatic_N,,,,100.0,56.666666666666664,43.333333333333336,4.6356886214671344e-05,0.46434142384725774,0.00024180093876664542,True,2023.09.5
188,substructure,aromatic_O,,,,3.3333333333333335,10.0,-6.666666666666666,0.6119536128456737,0.46434142384725774,0.9176986186575842,False,2023.09.5
188,substructure,aromatic_S,,,,13.333333333333334,3.3333333333333335,10.0,0.35325602140945594,0.46434142384725774,0.6254013661859009,False,2023.09.5
188,substructure,pyridine,,,,53.333333333333336,23.333333333333332,30.000000000000004,0.032594202939933606,0.46434142384725774,0.08844444786785274,False,2023.09.5
188,substructure,benzene,,,,80.0,56.666666666666664,23.333333333333336,0.09461077986808852,0.46434142384725774,0.221504481074963,False,2023.09.5
188,substructure,phenol,,,,0.0,0.0,0.0,1.0,0.46434142384725774,1.0,False,2023.09.5
188,substructure,alcohol,,,,0.0,26.666666666666668,-26.666666666666668,0.004575062390691967,0.46434142384725774,0.015888308776096052,False,2023.09.5
188,substructure,carboxylic_acid,,,,20.0,16.666666666666664,3.3333333333333357,1.0,0.46434142384725774,1.0,False,2023.09.5
188,substructure,ester,,,,10.0,10.0,0.0,1.0,0.46434142384725774,1.0,False,2023.09.5
188,substructure,amide,,,,33.33333333333333,46.666666666666664,-13.333333333333336,0.4295691931947636,0.46434142384725774,0.7289603239854561,False,2023.09.5
188,substructure,urea,,,,0.0,0.0,0.0,1.0,0.46434142384725774,1.0,False,2023.09.5
188,substructure,sulfone,,,,0.0,0.0,0.0,1.0,0.46434142384725774,1.0,False,2023.09.5
188,substructure,ether,,,,36.666666666666664,33.33333333333333,3.3333333333333357,1.0,0.46434142384725774,1.0,False,2023.09.5
188,substructure,amine_primary,,,,13.333333333333334,10.0,3.333333333333334,1.0,0.46434142384725774,1.0,False,2023.09.5
188,substructure,amine_secondary,,,,20.0,33.33333333333333,-13.333333333333329,0.38165411884707007,0.46434142384725774,0.6694588642071557,False,2023.09.5
188,substructure,amine_tertiary,,,,36.666666666666664,10.0,26.666666666666664,0.03034142126191129,0.46434142384725774,0.0827284344186686,False,2023.09.5
188,substructure,ketone,,,,13.333333333333334,6.666666666666667,6.666666666666667,0.6707485199902685,0.46434142384725774,0.984610081809964,False,2023.09.5
188,substructure,alkyne,,,,0.0,3.3333333333333335,-3.3333333333333335,1.0,0.46434142384725774,1.0,False,2023.09.5
189,descriptor,MolWt,174.7123666666667,302.11953333333344,-127.40716666666674,,,,6.356042543170036e-05,0.34201659699257503,0.00032346177288613713,False,2023.09.5
189,descriptor,MolLogP,1.0970436666666668,2.3595573333333344,-1.2625136666666676,,,,0.0002005814957824269,0.34201659699257503,0.000925526971797935,False,2023.09.5
189,descriptor,TPSA,46.127333333333326,61.17199999999999,-15.044666666666664,,,,0.006966946599516058,0.34201659699257503,0.02310062109504529,False,2023.09.5
189,descriptor,QED,0.42156707281306904,0.7825288991089916,-0.36096182629592255,,,,1.2056679006359843e-10,0.34201659699257503,2.262198681809413e-09,False,2023.09.5
189,descriptor,NumRotatableBonds,1.5666666666666667,3.566666666666667,-2.0,,,,1.6032582781099337e-05,0.34201659699257503,9.132493171742032e-05,False,2023.09.5
189,descriptor,NumHDonors,0.43333333333333335,1.0666666666666667,-0.6333333333333333,,,,0.0011198224201831714,0.34201659699257503,0.0044917699711298645,False,2023.09.5
189,descriptor,NumHAcceptors,3.066666666666667,3.7666666666666666,-0.6999999999999997,,,,0.00212713370328377,0.34201659699257503,0.00798763811815065,False,2023.09.5
189,descriptor,NumAromaticRings,0.8333333333333334,1.2666666666666666,-0.43333333333333324,,,,0.005313380332303445,0.34201659699257503,0.018228485906056618,False,2023.09.5
189,descriptor,NumAliphaticRings,0.26666666666666666,1.3666666666666667,-1.1,,,,3.4589613400836254e-07,0.34201659699257503,2.6133641117158536e-06,False,2023.09.5
189,descriptor,HeavyAtomCount,11.166666666666666,21.3,-10.133333333333335,,,,6.421847776926087e-05,0.34201659699257503,0.00032346177288613713,False,2023.09.5
189,descriptor,FractionCSP3,0.6366229676755992,0.5481198995363082,0.08850306813929099,,,,0.12764173415623498,0.34201659699257503,0.2770469438182754,False,2023.09.5
189,substructure,halogen_F,,,,36.666666666666664,26.666666666666668,9.999999999999996,0.5795597864797081,0.34201659699257503,0.8969809205133561,False,2023.09.5
189,substructure,halogen_Cl,,,,16.666666666666664,6.666666666666667,9.999999999999996,0.42380990998296975,0.34201659699257503,0.7210414411785893,False,2023.09.5
189,substructure,halogen_Br,,,,6.666666666666667,6.666666666666667,0.0,1.0,0.34201659699257503,1.0,False,2023.09.5
189,substructure,halogen_I,,,,0.0,0.0,0.0,1.0,0.34201659699257503,1.0,False,2023.09.5
189,substructure,boron,,,,3.3333333333333335,0.0,3.3333333333333335,1.0,0.34201659699257503,1.0,False,2023.09.5
189,substructure,boronic_acid_or_ester,,,,0.0,0.0,0.0,1.0,0.34201659699257503,1.0,False,2023.09.5
189,substructure,nitro,,,,0.0,0.0,0.0,1.0,0.34201659699257503,1.0,False,2023.09.5
189,substructure,nitrile,,,,0.0,16.666666666666664,-16.666666666666664,0.052185548617305996,0.34201659699257503,0.13009702690761193,False,2023.09.5
189,substructure,aromatic_N,,,,30.0,53.333333333333336,-23.333333333333336,0.11537019209732839,0.34201659699257503,0.25417395131514925,False,2023.09.5
189,substructure,aromatic_O,,,,3.3333333333333335,3.3333333333333335,0.0,1.0,0.34201659699257503,1.0,False,2023.09.5
189,substructure,aromatic_S,,,,3.3333333333333335,0.0,3.3333333333333335,1.0,0.34201659699257503,1.0,False,2023.09.5
189,substructure,pyridine,,,,16.666666666666664,30.0,-13.333333333333336,0.36036045478232237,0.34201659699257503,0.6357696258837854,False,2023.09.5
189,substructure,benzene,,,,6.666666666666667,50.0,-43.333333333333336,0.0003716659746162567,0.34201659699257503,0.0016169512016546816,True,2023.09.5
189,substructure,phenol,,,,3.3333333333333335,6.666666666666667,-3.3333333333333335,1.0,0.34201659699257503,1.0,False,2023.09.5
189,substructure,alcohol,,,,0.0,23.333333333333332,-23.333333333333332,0.010542535074203226,0.34201659699257503,0.03268433544148048,False,2023.09.5
189,substructure,carboxylic_acid,,,,3.3333333333333335,33.33333333333333,-29.999999999999996,0.005579091919870972,0.34201659699257503,0.018910637766069504,False,2023.09.5
189,substructure,ester,,,,10.0,6.666666666666667,3.333333333333333,1.0,0.34201659699257503,1.0,False,2023.09.5
189,substructure,amide,,,,6.666666666666667,46.666666666666664,-40.0,0.0009098128565499236,0.34201659699257503,0.003717181732797882,True,2023.09.5
189,substructure,urea,,,,0.0,0.0,0.0,1.0,0.34201659699257503,1.0,False,2023.09.5
189,substructure,sulfone,,,,10.0,3.3333333333333335,6.666666666666666,0.6119536128456737,0.34201659699257503,0.9176986186575842,False,2023.09.5
189,substructure,ether,,,,43.333333333333336,23.333333333333332,20.000000000000004,0.17022170316928475,0.34201659699257503,0.3580806178784263,False,2023.09.5
189,substructure,amine_primary,,,,20.0,6.666666666666667,13.333333333333332,0.2542143363175797,0.34201659699257503,0.4790264433514032,False,2023.09.5
189,substructure,amine_secondary,,,,0.0,30.0,-30.0,0.0019356033191389092,0.34201659699257503,0.007333065588967408,False,2023.09.5
189,substructure,amine_tertiary,,,,3.3333333333333335,30.0,-26.666666666666668,0.012182915008697837,0.34201659699257503,0.037073144134846074,False,2023.09.5
189,substructure,ketone,,,,3.3333333333333335,6.666666666666667,-3.3333333333333335,1.0,0.34201659699257503,1.0,False,2023.09.5
189,substructure,alkyne,,,,0.0,13.333333333333334,-13.333333333333334,0.11239964317573597,0.34201659699257503,0.2485978700182898,False,2023.09.5
206,descriptor,MolWt,214.59589999999994,342.36530000000005,-127.7694000000001,,,,3.0179667984904466e-11,0.18337804954139889,8.023908189881195e-10,False,2023.09.5
206,descriptor,MolLogP,0.8680400000000001,2.7223520000000017,-1.8543120000000015,,,,2.491311449611175e-06,0.18337804954139889,1.6275745922459805e-05,False,2023.09.5
206,descriptor,TPSA,47.99766666666667,79.38633333333334,-31.388666666666673,,,,7.282395653128137e-07,0.18337804954139889,5.204152417100053e-06,False,2023.09.5
206,descriptor,QED,0.6214521484540019,0.7732909792292663,-0.1518388307752644,,,,2.9589845546014045e-05,0.18337804954139889,0.00016113644912884402,False,2023.09.5
206,descriptor,NumRotatableBonds,2.8,4.066666666666666,-1.2666666666666666,,,,0.005594564631138264,0.18337804954139889,0.018946861740527277,False,2023.09.5
206,descriptor,NumHDonors,0.8,1.4333333333333333,-0.6333333333333333,,,,0.003121106250381652,0.18337804954139889,0.011367488174113118,False,2023.09.5
206,descriptor,NumHAcceptors,3.2333333333333334,4.633333333333334,-1.4000000000000004,,,,0.00020147414019618514,0.18337804954139889,0.0009285635867714748,False,2023.09.5
206,descriptor,NumAromaticRings,0.3333333333333333,1.7,-1.3666666666666667,,,,2.6696031814517646e-07,0.18337804954139889,2.04824786731929e-06,False,2023.09.5
206,descriptor,NumAliphaticRings,1.2666666666666666,1.1666666666666667,0.09999999999999987,,,,0.6824923385699541,0.18337804954139889,1.0,False,2023.09.5
206,descriptor,HeavyAtomCount,14.0,23.6,-9.600000000000001,,,,6.07441561257465e-12,0.18337804954139889,8.023908189881195e-10,False,2023.09.5
206,descriptor,FractionCSP3,0.6748689273689273,0.4752248550669603,0.199644072301967,,,,0.004604108245463117,0.18337804954139889,0.015975166120761154,False,2023.09.5
206,substructure,halogen_F,,,,16.666666666666664,26.666666666666668,-10.000000000000004,0.5320924727590531,0.18337804954139889,0.8356025782043203,False,2023.09.5
206,substructure,halogen_Cl,,,,3.3333333333333335,16.666666666666664,-13.33333333333333,0.19450977211904957,0.18337804954139889,0.3940963090170508,False,2023.09.5
206,substructure,halogen_Br,,,,23.333333333333332,16.666666666666664,6.666666666666668,0.7480497930241055,0.18337804954139889,1.0,False,2023.09.5
206,substructure,halogen_I,,,,0.0,0.0,0.0,1.0,0.18337804954139889,1.0,False,2023.09.5
206,substructure,boron,,,,26.666666666666668,0.0,26.666666666666668,0.004575062390691967,0.18337804954139889,0.015888308776096052,False,2023.09.5
206,substructure,boronic_acid_or_ester,,,,26.666666666666668,0.0,26.666666666666668,0.004575062390691967,0.18337804954139889,0.015888308776096052,False,2023.09.5
206,substructure,nitro,,,,0.0,0.0,0.0,1.0,0.18337804954139889,1.0,False,2023.09.5
206,substructure,nitrile,,,,16.666666666666664,26.666666666666668,-10.000000000000004,0.5320924727590531,0.18337804954139889,0.8356025782043203,False,2023.09.5
206,substructure,aromatic_N,,,,13.333333333333334,66.66666666666666,-53.33333333333332,4.904409482795938e-05,0.18337804954139889,0.00025447650252148255,True,2023.09.5
206,substructure,aromatic_O,,,,0.0,26.666666666666668,-26.666666666666668,0.004575062390691967,0.18337804954139889,0.015888308776096052,False,2023.09.5
206,substructure,aromatic_S,,,,0.0,6.666666666666667,-6.666666666666667,0.4915254237288137,0.18337804954139889,0.7853847222987215,False,2023.09.5
206,substructure,pyridine,,,,6.666666666666667,40.0,-33.333333333333336,0.004769170151985977,0.18337804954139889,0.016418386636271726,False,2023.09.5
206,substructure,benzene,,,,20.0,43.333333333333336,-23.333333333333336,0.09461077986808852,0.18337804954139889,0.221504481074963,False,2023.09.5
206,substructure,phenol,,,,3.3333333333333335,6.666666666666667,-3.3333333333333335,1.0,0.18337804954139889,1.0,False,2023.09.5
206,substructure,alcohol,,,,3.3333333333333335,23.333333333333332,-20.0,0.05231484385878206,0.18337804954139889,0.13009702690761193,False,2023.09.5
206,substructure,carboxylic_acid,,,,20.0,16.666666666666664,3.3333333333333357,1.0,0.18337804954139889,1.0,False,2023.09.5
206,substructure,ester,,,,16.666666666666664,20.0,-3.3333333333333357,1.0,0.18337804954139889,1.0,False,2023.09.5
206,substructure,amide,,,,13.333333333333334,60.0,-46.666666666666664,0.00036817673390080477,0.18337804954139889,0.001610620651395896,True,2023.09.5
206,substructure,urea,,,,0.0,0.0,0.0,1.0,0.18337804954139889,1.0,False,2023.09.5
206,substructure,sulfone,,,,0.0,3.3333333333333335,-3.3333333333333335,1.0,0.18337804954139889,1.0,False,2023.09.5
206,substructure,ether,,,,66.66666666666666,43.333333333333336,23.33333333333332,0.11876489919201856,0.18337804954139889,0.26074145559628825,False,2023.09.5
206,substructure,amine_primary,,,,0.0,20.0,-20.0,0.023720703916957266,0.18337804954139889,0.067078762005167,False,2023.09.5
206,substructure,amine_secondary,,,,16.666666666666664,16.666666666666664,0.0,1.0,0.18337804954139889,1.0,False,2023.09.5
206,substructure,amine_tertiary,,,,20.0,10.0,10.0,0.4716445589655157,0.18337804954139889,0.7853847222987215,False,2023.09.5
206,substructure,ketone,,,,13.333333333333334,0.0,13.333333333333334,0.11239964317573597,0.18337804954139889,0.2485978700182898,False,2023.09.5
206,substructure,alkyne,,,,6.666666666666667,3.3333333333333335,3.3333333333333335,1.0,0.18337804954139889,1.0,False,2023.09.5
211,descriptor,MolWt,499.51740000000024,288.0696333333334,211.44776666666684,,,,3.0179667984904466e-11,0.429182005365945,8.023908189881195e-10,False,2023.09.5
211,descriptor,MolLogP,3.5405906666666684,2.424647333333334,1.1159433333333344,,,,0.0026242800643638355,0.429182005365945,0.009709836238146191,False,2023.09.5
211,descriptor,TPSA,116.99766666666669,54.84666666666668,62.15100000000001,,,,1.17249788812148e-09,0.429182005365945,1.5437935521127616e-08,False,2023.09.5
211,descriptor,QED,0.4109210747477428,0.7687875249047654,-0.3578664501570226,,,,2.0337965170597153e-09,0.429182005365945,2.54000012966543e-08,False,2023.09.5
211,descriptor,NumRotatableBonds,6.8,3.566666666666667,3.233333333333333,,,,4.701062104218955e-06,0.429182005365945,2.9542071223179118e-05,False,2023.09.5
211,descriptor,NumHDonors,1.5333333333333334,1.0666666666666667,0.4666666666666668,,,,0.09611591441549328,0.429182005365945,0.22489533402537698,False,2023.09.5
211,descriptor,NumHAcceptors,8.0,3.566666666666667,4.433333333333334,,,,6.464998667372458e-10,0.429182005365945,9.240046831815003e-09,False,2023.09.5
211,descriptor,NumAromaticRings,3.2333333333333334,1.2,2.033333333333333,,,,4.514892171236252e-09,0.429182005365945,4.9928653927162914e-08,False,2023.09.5
211,descriptor,NumAliphaticRings,0.9,1.4666666666666666,-0.5666666666666665,,,,0.03553871124574467,0.429182005365945,0.09590849203947044,False,2023.09.5
211,descriptor,HeavyAtomCount,34.96666666666667,19.3,15.666666666666668,,,,2.151380838431537e-11,0.429182005365945,8.023908189881195e-10,False,2023.09.5
211,descriptor,FractionCSP3,0.38456849882326616,0.5414517862311979,-0.15688328740793178,,,,0.012447651785783671,0.429182005365945,0.03784965700454498,False,2023.09.5
211,substructure,halogen_F,,,,43.333333333333336,26.666666666666668,16.666666666666668,0.2789124054147543,0.429182005365945,0.5196302178997706,False,2023.09.5
211,substructure,halogen_Cl,,,,10.0,13.333333333333334,-3.333333333333334,1.0,0.429182005365945,1.0,False,2023.09.5
211,substructure,halogen_Br,,,,13.333333333333334,13.333333333333334,0.0,1.0,0.429182005365945,1.0,False,2023.09.5
211,substructure,halogen_I,,,,0.0,3.3333333333333335,-3.3333333333333335,1.0,0.429182005365945,1.0,False,2023.09.5
211,substructure,boron,,,,0.0,0.0,0.0,1.0,0.429182005365945,1.0,False,2023.09.5
211,substructure,boronic_acid_or_ester,,,,0.0,0.0,0.0,1.0,0.429182005365945,1.0,False,2023.09.5
211,substructure,nitro,,,,0.0,0.0,0.0,1.0,0.429182005365945,1.0,False,2023.09.5
211,substructure,nitrile,,,,0.0,20.0,-20.0,0.023720703916957266,0.429182005365945,0.067078762005167,False,2023.09.5
211,substructure,aromatic_N,,,,90.0,46.666666666666664,43.333333333333336,0.0006310253578028924,0.429182005365945,0.002652048186349948,True,2023.09.5
211,substructure,aromatic_O,,,,10.0,6.666666666666667,3.333333333333333,1.0,0.429182005365945,1.0,False,2023.09.5
211,substructure,aromatic_S,,,,10.0,13.333333333333334,-3.333333333333334,1.0,0.429182005365945,1.0,False,2023.09.5
211,substructure,pyridine,,,,13.333333333333334,10.0,3.333333333333334,1.0,0.429182005365945,1.0,False,2023.09.5
211,substructure,benzene,,,,86.66666666666667,46.666666666666664,40.00000000000001,0.0021521918620873125,0.429182005365945,0.008061047854308107,True,2023.09.5
211,substructure,phenol,,,,0.0,0.0,0.0,1.0,0.429182005365945,1.0,False,2023.09.5
211,substructure,alcohol,,,,13.333333333333334,6.666666666666667,6.666666666666667,0.6707485199902685,0.429182005365945,0.984610081809964,False,2023.09.5
211,substructure,carboxylic_acid,,,,40.0,16.666666666666664,23.333333333333336,0.08403556788590366,0.429182005365945,0.19850645182595025,False,2023.09.5
211,substructure,ester,,,,56.666666666666664,13.333333333333334,43.33333333333333,0.0009162440773562211,0.429182005365945,0.0037357469642155298,True,2023.09.5
211,substructure,amide,,,,70.0,36.666666666666664,33.333333333333336,0.019096056845063346,0.429182005365945,0.056376800186134064,False,2023.09.5
211,substructure,urea,,,,0.0,0.0,0.0,1.0,0.429182005365945,1.0,False,2023.09.5
211,substructure,sulfone,,,,13.333333333333334,6.666666666666667,6.666666666666667,0.6707485199902685,0.429182005365945,0.984610081809964,False,2023.09.5
211,substructure,ether,,,,66.66666666666666,23.333333333333332,43.33333333333333,0.001603394571317411,0.429182005365945,0.006260196358822121,True,2023.09.5
211,substructure,amine_primary,,,,0.0,6.666666666666667,-6.666666666666667,0.4915254237288137,0.429182005365945,0.7853847222987215,False,2023.09.5
211,substructure,amine_secondary,,,,23.333333333333332,40.0,-16.666666666666668,0.2668356607208132,0.429182005365945,0.49948103110813213,False,2023.09.5
211,substructure,amine_tertiary,,,,20.0,10.0,10.0,0.4716445589655157,0.429182005365945,0.7853847222987215,False,2023.09.5
211,substructure,ketone,,,,6.666666666666667,0.0,6.666666666666667,0.4915254237288137,0.429182005365945,0.7853847222987215,False,2023.09.5
211,substructure,alkyne,,,,3.3333333333333335,6.666666666666667,-3.3333333333333335,1.0,0.429182005365945,1.0,False,2023.09.5
213,descriptor,MolWt,305.4488666666667,347.4273,-41.97843333333333,,,,8.291938835502516e-06,0.20936544581019528,4.951400580656781e-05,False,2023.09.5
213,descriptor,MolLogP,1.350532666666667,2.640058666666668,-1.2895260000000008,,,,0.0030339475794426483,0.20936544581019528,0.011070413333652945,False,2023.09.5
213,descriptor,TPSA,81.94933333333333,78.41866666666667,3.5306666666666615,,,,0.491752870916631,0.20936544581019528,0.7853847222987215,False,2023.09.5
213,descriptor,QED,0.7891717834115384,0.7718878945404497,0.01728388887108867,,,,0.673495052801603,0.20936544581019528,0.9882753573171039,False,2023.09.5
213,descriptor,NumRotatableBonds,3.4,3.433333333333333,-0.033333333333333215,,,,0.9023007886462223,0.20936544581019528,1.0,False,2023.09.5
213,descriptor,NumHDonors,1.6,1.3333333333333333,0.26666666666666683,,,,0.2006284504008885,0.20936544581019528,0.4054558627550371,False,2023.09.5
213,descriptor,NumHAcceptors,4.5,4.8,-0.2999999999999998,,,,0.6521011421418024,0.20936544581019528,0.9745822656622859,False,2023.09.5
213,descriptor,NumAromaticRings,1.0666666666666667,1.6,-0.5333333333333334,,,,0.0076472928128739365,0.20936544581019528,0.02518771401511474,False,2023.09.5
213,descriptor,NumAliphaticRings,0.5333333333333333,1.4333333333333333,-0.9,,,,0.00022288664412038994,0.20936544581019528,0.00102130581489887,False,2023.09.5
213,descriptor,HeavyAtomCount,16.433333333333334,24.266666666666666,-7.833333333333332,,,,4.711820410092047e-12,0.20936544581019528,8.023908189881195e-10,False,2023.09.5
213,descriptor,FractionCSP3,0.4079064454064454,0.48508370884212176,-0.07717726343567638,,,,0.24563662173595024,0.20936544581019528,0.47184637819147357,False,2023.09.5
213,substructure,halogen_F,,,,10.0,40.0,-30.0,0.01533162169738991,0.20936544581019528,0.04570624269575802,False,2023.09.5
213,substructure,halogen_Cl,,,,0.0,20.0,-20.0,0.023720703916957266,0.20936544581019528,0.067078762005167,False,2023.09.5
213,substructure,halogen_Br,,,,80.0,6.666666666666667,73.33333333333333,7.514926719734524e-09,0.20936544581019528,7.788375623934288e-08,True,2023.09.5
213,substructure,halogen_I,,,,0.0,0.0,0.0,1.0,0.20936544581019528,1.0,False,2023.09.5
213,substructure,boron,,,,0.0,0.0,0.0,1.0,0.20936544581019528,1.0,False,2023.09.5
213,substructure,boronic_acid_or_ester,,,,0.0,0.0,0.0,1.0,0.20936544581019528,1.0,False,2023.09.5
213,substructure,nitro,,,,0.0,0.0,0.0,1.0,0.20936544581019528,1.0,False,2023.09.5
213,substructure,nitrile,,,,16.666666666666664,30.0,-13.333333333333336,0.36036045478232237,0.20936544581019528,0.6357696258837854,False,2023.09.5
213,substructure,aromatic_N,,,,70.0,53.333333333333336,16.666666666666664,0.28817964270091767,0.20936544581019528,0.5358868978172536,False,2023.09.5
213,substructure,aromatic_O,,,,13.333333333333334,10.0,3.333333333333334,1.0,0.20936544581019528,1.0,False,2023.09.5
213,substructure,aromatic_S,,,,13.333333333333334,6.666666666666667,6.666666666666667,0.6707485199902685,0.20936544581019528,0.984610081809964,False,2023.09.5
213,substructure,pyridine,,,,40.0,23.333333333333332,16.666666666666668,0.2668356607208132,0.20936544581019528,0.49948103110813213,False,2023.09.5
213,substructure,benzene,,,,16.666666666666664,56.666666666666664,-40.0,0.002779673045104637,0.20936544581019528,0.01020846529273586,False,2023.09.5
213,substructure,phenol,,,,6.666666666666667,0.0,6.666666666666667,0.4915254237288137,0.20936544581019528,0.7853847222987215,False,2023.09.5
213,substructure,alcohol,,,,16.666666666666664,20.0,-3.3333333333333357,1.0,0.20936544581019528,1.0,False,2023.09.5
213,substructure,carboxylic_acid,,,,50.0,26.666666666666668,23.333333333333332,0.1102404124875744,0.20936544581019528,0.2485978700182898,False,2023.09.5
213,substructure,ester,,,,10.0,36.666666666666664,-26.666666666666664,0.03034142126191129,0.20936544581019528,0.0827284344186686,False,2023.09.5
213,substructure,amide,,,,30.0,66.66666666666666,-36.66666666666666,0.009205974713368526,0.20936544581019528,0.029752207257327343,False,2023.09.5
213,substructure,urea,,,,0.0,0.0,0.0,1.0,0.20936544581019528,1.0,False,2023.09.5
213,substructure,sulfone,,,,20.0,0.0,20.0,0.023720703916957266,0.20936544581019528,0.067078762005167,False,2023.09.5
213,substructure,ether,,,,23.333333333333332,46.666666666666664,-23.333333333333332,0.10333511717207271,0.20936544581019528,0.23812789806998594,False,2023.09.5
213,substructure,amine_primary,,,,23.333333333333332,10.0,13.333333333333332,0.2989793821568606,0.20936544581019528,0.5473140939249246,False,2023.09.5
213,substructure,amine_secondary,,,,23.333333333333332,33.33333333333333,-9.999999999999996,0.567489732503049,0.20936544581019528,0.8824398472032879,False,2023.09.5
213,substructure,amine_tertiary,,,,16.666666666666664,16.666666666666664,0.0,1.0,0.20936544581019528,1.0,False,2023.09.5
213,substructure,ketone,,,,6.666666666666667,3.3333333333333335,3.3333333333333335,1.0,0.20936544581019528,1.0,False,2023.09.5
213,substructure,alkyne,,,,0.0,0.0,0.0,1.0,0.20936544581019528,1.0,False,2023.09.5
217,descriptor,MolWt,168.4125,365.09343333333345,-196.68093333333346,,,,3.019859359162157e-11,0.46827229050976477,8.023908189881195e-10,False,2023.09.5
217,descriptor,MolLogP,2.8234123333333354,2.540854666666668,0.2825576666666674,,,,0.5894511694056184,0.46827229050976477,0.9101549062702196,False,2023.09.5
217,descriptor,TPSA,12.008333333333333,83.18900000000001,-71.18066666666667,,,,2.7012347649744355e-11,0.46827229050976477,8.023908189881195e-10,False,2023.09.5
217,descriptor,QED,0.5797854189537527,0.6878243475288136,-0.10803892857506092,,,,0.0023799639794362107,0.46827229050976477,0.008888940938290527,False,2023.09.5
217,descriptor,NumRotatableBonds,1.7,4.3,-2.5999999999999996,,,,1.7740931233479193e-07,0.46827229050976477,1.4333948317009004e-06,False,2023.09.5
217,descriptor,NumHDonors,0.13333333333333333,1.2,-1.0666666666666667,,,,1.4312193006793665e-06,0.46827229050976477,9.769305536878642e-06,False,2023.09.5
217,descriptor,NumHAcceptors,0.8333333333333334,5.366666666666666,-4.533333333333333,,,,1.7792185527735032e-11,0.46827229050976477,8.023908189881195e-10,False,2023.09.5
217,descriptor,NumAromaticRings,0.4666666666666667,1.9,-1.4333333333333331,,,,1.0519455768761554e-07,0.46827229050976477,8.804762238589216e-07,False,2023.09.5
217,descriptor,NumAliphaticRings,1.4333333333333333,1.0666666666666667,0.3666666666666667,,,,0.29262922843425543,0.46827229050976477,0.5436504530132412,False,2023.09.5
217,descriptor,HeavyAtomCount,11.666666666666666,24.8,-13.133333333333335,,,,2.7599481191761425e-11,0.46827229050976477,8.023908189881195e-10,False,2023.09.5
217,descriptor,FractionCSP3,0.6609378584378585,0.43404700662827606,0.2268908518095824,,,,0.0005097202331615857,0.46827229050976477,0.002169873551706148,False,2023.09.5
217,substructure,halogen_F,,,,0.0,36.666666666666664,-36.666666666666664,0.0003188052525640556,0.46827229050976477,0.00140238888322344,True,2023.09.5
217,substructure,halogen_Cl,,,,10.0,23.333333333333332,-13.333333333333332,0.2989793821568606,0.46827229050976477,0.5473140939249246,False,2023.09.5
217,substructure,halogen_Br,,,,10.0,16.666666666666664,-6.666666666666664,0.7064691994252865,0.46827229050976477,1.0,False,2023.09.5
217,substructure,halogen_I,,,,0.0,0.0,0.0,1.0,0.46827229050976477,1.0,False,2023.09.5
217,substructure,boron,,,,0.0,0.0,0.0,1.0,0.46827229050976477,1.0,False,2023.09.5
217,substructure,boronic_acid_or_ester,,,,0.0,0.0,0.0,1.0,0.46827229050976477,1.0,False,2023.09.5
217,substructure,nitro,,,,0.0,0.0,0.0,1.0,0.46827229050976477,1.0,False,2023.09.5
217,substructure,nitrile,,,,6.666666666666667,30.0,-23.333333333333332,0.04190011890841873,0.46827229050976477,0.11022097724812609,False,2023.09.5
217,substructure,aromatic_N,,,,10.0,76.66666666666667,-66.66666666666667,2.440523822271372e-07,0.46827229050976477,1.887115978978977e-06,True,2023.09.5
217,substructure,aromatic_O,,,,0.0,13.333333333333334,-13.333333333333334,0.11239964317573597,0.46827229050976477,0.2485978700182898,False,2023.09.5
217,substructure,aromatic_S,,,,6.666666666666667,16.666666666666664,-9.999999999999996,0.42380990998296975,0.46827229050976477,0.7210414411785893,False,2023.09.5
217,substructure,pyridine,,,,3.3333333333333335,26.666666666666668,-23.333333333333336,0.025690734963116434,0.46827229050976477,0.07142529474647329,False,2023.09.5
217,substructure,benzene,,,,36.666666666666664,60.0,-23.333333333333336,0.1204544137220084,0.46827229050976477,0.2639064880605596,False,2023.09.5
217,substructure,phenol,,,,0.0,0.0,0.0,1.0,0.46827229050976477,1.0,False,2023.09.5
217,substructure,alcohol,,,,10.0,20.0,-10.0,0.4716445589655157,0.46827229050976477,0.7853847222987215,False,2023.09.5
217,substructure,carboxylic_acid,,,,0.0,30.0,-30.0,0.0019356033191389092,0.46827229050976477,0.007333065588967408,False,2023.09.5
217,substructure,ester,,,,3.3333333333333335,16.666666666666664,-13.33333333333333,0.19450977211904957,0.46827229050976477,0.3940963090170508,False,2023.09.5
217,substructure,amide,,,,0.0,46.666666666666664,-46.666666666666664,1.6767384375519427e-05,0.46827229050976477,9.49672027792295e-05,True,2023.09.5
217,substructure,urea,,,,0.0,0.0,0.0,1.0,0.46827229050976477,1.0,False,2023.09.5
217,substructure,sulfone,,,,0.0,10.0,-10.0,0.23728813559322035,0.46827229050976477,0.4564741150697567,False,2023.09.5
217,substructure,ether,,,,10.0,50.0,-40.0,0.0015063632760577872,0.46827229050976477,0.005916361319357916,True,2023.09.5
217,substructure,amine_primary,,,,0.0,6.666666666666667,-6.666666666666667,0.4915254237288137,0.46827229050976477,0.7853847222987215,False,2023.09.5
217,substructure,amine_secondary,,,,3.3333333333333335,23.333333333333332,-20.0,0.05231484385878206,0.46827229050976477,0.13009702690761193,False,2023.09.5
217,substructure,amine_tertiary,,,,3.3333333333333335,23.333333333333332,-20.0,0.05231484385878206,0.46827229050976477,0.13009702690761193,False,2023.09.5
217,substructure,ketone,,,,26.666666666666668,13.333333333333334,13.333333333333334,0.3334117381152047,0.46827229050976477,0.6046619657343543,False,2023.09.5
217,substructure,alkyne,,,,3.3333333333333335,10.0,-6.666666666666666,0.6119536128456737,0.46827229050976477,0.9176986186575842,False,2023.09.5
226,descriptor,MolWt,106.43779999999998,356.6411333333334,-250.20333333333343,,,,3.019859359162157e-11,0.27759406002371,8.023908189881195e-10,False,2023.09.5
226,descriptor,MolLogP,0.4121903333333333,3.142949333333335,-2.7307590000000017,,,,2.6098527879558533e-10,0.27759406002371,4.2173090561294785e-09,False,2023.09.5
226,descriptor,TPSA,36.02,67.37933333333334,-31.359333333333332,,,,1.8541300757405873e-06,0.27759406002371,1.2462650203492335e-05,False,2023.09.5
226,descriptor,QED,0.4371294551478021,0.7771448999037756,-0.34001544475597345,,,,2.371469434621338e-10,0.27759406002371,3.895704353388331e-09,False,2023.09.5
226,descriptor,NumRotatableBonds,1.0666666666666667,4.2,-3.1333333333333337,,,,2.358959929347339e-09,0.27759406002371,2.882445172927813e-08,False,2023.09.5
226,descriptor,NumHDonors,0.4,1.0666666666666667,-0.6666666666666666,,,,0.00020802021979182605,0.27759406002371,0.0009576186629719061,False,2023.09.5
226,descriptor,NumHAcceptors,2.033333333333333,4.266666666666667,-2.2333333333333334,,,,3.476538214622706e-08,0.27759406002371,3.212208020468508e-07,False,2023.09.5
226,descriptor,NumAromaticRings,0.1,1.9666666666666666,-1.8666666666666665,,,,1.0444354526213014e-10,0.27759406002371,2.057174107924245e-09,False,2023.09.5
226,descriptor,NumAliphaticRings,0.3333333333333333,1.3666666666666667,-1.0333333333333334,,,,0.0002299121994599032,0.27759406002371,0.0010522802285107015,False,2023.09.5
226,descriptor,HeavyAtomCount,6.733333333333333,24.733333333333334,-18.0,,,,2.310718796407181e-11,0.27759406002371,8.023908189881195e-10,False,2023.09.5
226,descriptor,FractionCSP3,0.768015873015873,0.44014775091821134,0.3278681220976617,,,,2.07626015676741e-05,0.27759406002371,0.00011577343606538277,False,2023.09.5
226,substructure,halogen_F,,,,13.333333333333334,33.33333333333333,-19.999999999999993,0.12527840350750902,0.27759406002371,0.2723652935124812,False,2023.09.5
226,substructure,halogen_Cl,,,,10.0,16.666666666666664,-6.666666666666664,0.7064691994252865,0.27759406002371,1.0,False,2023.09.5
226,substructure,halogen_Br,,,,0.0,13.333333333333334,-13.333333333333334,0.11239964317573597,0.27759406002371,0.2485978700182898,False,2023.09.5
226,substructure,halogen_I,,,,0.0,0.0,0.0,1.0,0.27759406002371,1.0,False,2023.09.5
226,substructure,boron,,,,0.0,0.0,0.0,1.0,0.27759406002371,1.0,False,2023.09.5
226,substructure,boronic_acid_or_ester,,,,0.0,0.0,0.0,1.0,0.27759406002371,1.0,False,2023.09.5
226,substructure,nitro,,,,0.0,0.0,0.0,1.0,0.27759406002371,1.0,False,2023.09.5
226,substructure,nitrile,,,,6.666666666666667,13.333333333333334,-6.666666666666667,0.6707485199902685,0.27759406002371,0.984610081809964,False,2023.09.5
226,substructure,aromatic_N,,,,10.0,63.33333333333333,-53.33333333333333,3.324669067805033e-05,0.27759406002371,0.0001793237716544976,True,2023.09.5
226,substructure,aromatic_O,,,,3.3333333333333335,6.666666666666667,-3.3333333333333335,1.0,0.27759406002371,1.0,False,2023.09.5
226,substructure,aromatic_S,,,,3.3333333333333335,3.3333333333333335,0.0,1.0,0.27759406002371,1.0,False,2023.09.5
226,substructure,pyridine,,,,0.0,33.33333333333333,-33.33333333333333,0.0007970131314101389,0.27759406002371,0.0032800155792648026,True,2023.09.5
226,substructure,benzene,,,,0.0,76.66666666666667,-76.66666666666667,1.741091350220272e-10,0.27759406002371,3.036555354855532e-09,True,2023.09.5
226,substructure,phenol,,,,0.0,3.3333333333333335,-3.3333333333333335,1.0,0.27759406002371,1.0,False,2023.09.5
226,substructure,alcohol,,,,0.0,36.666666666666664,-36.666666666666664,0.0003188052525640556,0.27759406002371,0.00140238888322344,True,2023.09.5
226,substructure,carboxylic_acid,,,,0.0,13.333333333333334,-13.333333333333334,0.11239964317573597,0.27759406002371,0.2485978700182898,False,2023.09.5
226,substructure,ester,,,,10.0,13.333333333333334,-3.333333333333334,1.0,0.27759406002371,1.0,False,2023.09.5
226,substructure,amide,,,,3.3333333333333335,66.66666666666666,-63.33333333333332,2.293597672023505e-07,0.27759406002371,1.7909966831441926e-06,True,2023.09.5
226,substructure,urea,,,,3.3333333333333335,0.0,3.3333333333333335,1.0,0.27759406002371,1.0,False,2023.09.5
226,substructure,sulfone,,,,16.666666666666664,3.3333333333333335,13.33333333333333,0.19450977211904957,0.27759406002371,0.3940963090170508,False,2023.09.5
226,substructure,ether,,,,36.666666666666664,40.0,-3.3333333333333357,1.0,0.27759406002371,1.0,False,2023.09.5
226,substructure,amine_primary,,,,23.333333333333332,10.0,13.333333333333332,0.2989793821568606,0.27759406002371,0.5473140939249246,False,2023.09.5
226,substructure,amine_secondary,,,,3.3333333333333335,10.0,-6.666666666666666,0.6119536128456737,0.27759406002371,0.9176986186575842,False,2023.09.5
226,substructure,amine_tertiary,,,,6.666666666666667,6.666666666666667,0.0,1.0,0.27759406002371,1.0,False,2023.09.5
226,substructure,ketone,,,,6.666666666666667,0.0,6.666666666666667,0.4915254237288137,0.27759406002371,0.7853847222987215,False,2023.09.5
226,substructure,alkyne,,,,0.0,0.0,0.0,1.0,0.27759406002371,1.0,False,2023.09.5
247,descriptor,MolWt,172.4488333333333,335.69186666666684,-163.24303333333353,,,,8.152744512218774e-11,0.21226679977537904,1.6552161807114936e-09,False,2023.09.5
247,descriptor,MolLogP,0.787019,2.7193113333333345,-1.9322923333333346,,,,1.860848389843697e-06,0.21226679977537904,1.2465480161406424e-05,False,2023.09.5
247,descriptor,TPSA,48.49999999999999,71.94900000000001,-23.44900000000002,,,,6.761855199413293e-05,0.21226679977537904,0.0003390030931671003,False,2023.09.5
247,descriptor,QED,0.5507144393223847,0.8042268123381863,-0.25351237301580154,,,,3.3519512970119317e-08,0.21226679977537904,3.1151115457441875e-07,False,2023.09.5
247,descriptor,NumRotatableBonds,1.4333333333333333,3.966666666666667,-2.533333333333333,,,,2.9071062924021303e-08,0.21226679977537904,2.7273065904312874e-07,False,2023.09.5
247,descriptor,NumHDonors,0.7666666666666667,1.3,-0.5333333333333333,,,,0.011319716679994601,0.21226679977537904,0.03490245976331669,False,2023.09.5
247,descriptor,NumHAcceptors,3.1333333333333333,4.4,-1.266666666666667,,,,0.0011446628549952281,0.21226679977537904,0.004586761379479867,False,2023.09.5
247,descriptor,NumAromaticRings,0.5333333333333333,1.7666666666666666,-1.2333333333333334,,,,2.0368427621751177e-07,0.21226679977537904,1.6192490954721467e-06,False,2023.09.5
247,descriptor,NumAliphaticRings,0.36666666666666664,1.1,-0.7333333333333334,,,,0.0003949321782140899,0.21226679977537904,0.0017106526187632186,False,2023.09.5
247,descriptor,HeavyAtomCount,9.4,23.333333333333332,-13.933333333333332,,,,2.432160894375509e-11,0.21226679977537904,8.023908189881195e-10,False,2023.09.5
247,descriptor,FractionCSP3,0.5283333333333334,0.44044786425591376,0.08788546907741968,,,,0.2277449627119884,0.21226679977537904,0.4560659116726161,False,2023.09.5
247,substructure,halogen_F,,,,3.3333333333333335,20.0,-16.666666666666668,0.10278971697348147,0.21226679977537904,0.23742385618320486,False,2023.09.5
247,substructure,halogen_Cl,,,,60.0,10.0,50.0,9.41430621730966e-05,0.21226679977537904,0.0004573158075377784,True,2023.09.5
247,substructure,halogen_Br,,,,23.333333333333332,13.333333333333334,9.999999999999998,0.5061775943272466,0.21226679977537904,0.8015828383766278,False,2023.09.5
247,substructure,halogen_I,,,,0.0,0.0,0.0,1.0,0.21226679977537904,1.0,False,2023.09.5
247,substructure,boron,,,,0.0,0.0,0.0,1.0,0.21226679977537904,1.0,False,2023.09.5
247,substructure,boronic_acid_or_ester,,,,0.0,0.0,0.0,1.0,0.21226679977537904,1.0,False,2023.09.5
247,substructure,nitro,,,,0.0,0.0,0.0,1.0,0.21226679977537904,1.0,False,2023.09.5
247,substructure,nitrile,,,,10.0,23.333333333333332,-13.333333333333332,0.2989793821568606,0.21226679977537904,0.5473140939249246,False,2023.09.5
247,substructure,aromatic_N,,,,46.666666666666664,66.66666666666666,-19.999999999999993,0.19231688624363905,0.21226679977537904,0.3940963090170508,False,2023.09.5
247,substructure,aromatic_O,,,,10.0,10.0,0.0,1.0,0.21226679977537904,1.0,False,2023.09.5
247,substructure,aromatic_S,,,,20.0,10.0,10.0,0.4716445589655157,0.21226679977537904,0.7853847222987215,False,2023.09.5
247,substructure,pyridine,,,,0.0,26.666666666666668,-26.666666666666668,0.004575062390691967,0.21226679977537904,0.015888308776096052,False,2023.09.5
247,substructure,benzene,,,,3.3333333333333335,80.0,-76.66666666666667,6.91730887790216e-10,0.21226679977537904,9.78058065986238e-09,True,2023.09.5
247,substructure,phenol,,,,0.0,16.666666666666664,-16.666666666666664,0.052185548617305996,0.21226679977537904,0.13009702690761193,False,2023.09.5
247,substructure,alcohol,,,,0.0,10.0,-10.0,0.23728813559322035,0.21226679977537904,0.4564741150697567,False,2023.09.5
247,substructure,carboxylic_acid,,,,20.0,26.666666666666668,-6.666666666666668,0.7610684967280272,0.21226679977537904,1.0,False,2023.09.5
247,substructure,ester,,,,0.0,10.0,-10.0,0.23728813559322035,0.21226679977537904,0.4564741150697567,False,2023.09.5
247,substructure,amide,,,,10.0,60.0,-50.0,9.41430621730966e-05,0.21226679977537904,0.0004573158075377784,True,2023.09.5
247,substructure,urea,,,,3.3333333333333335,0.0,3.3333333333333335,1.0,0.21226679977537904,1.0,False,2023.09.5
247,substructure,sulfone,,,,0.0,6.666666666666667,-6.666666666666667,0.4915254237288137,0.21226679977537904,0.7853847222987215,False,2023.09.5
247,substructure,ether,,,,36.666666666666664,36.666666666666664,0.0,1.0,0.21226679977537904,1.0,False,2023.09.5
247,substructure,amine_primary,,,,20.0,23.333333333333332,-3.333333333333332,1.0,0.21226679977537904,1.0,False,2023.09.5
247,substructure,amine_secondary,,,,16.666666666666664,16.666666666666664,0.0,1.0,0.21226679977537904,1.0,False,2023.09.5
247,substructure,amine_tertiary,,,,6.666666666666667,20.0,-13.333333333333332,0.2542143363175797,0.21226679977537904,0.4790264433514032,False,2023.09.5
247,substructure,ketone,,,,0.0,3.3333333333333335,-3.3333333333333335,1.0,0.21226679977537904,1.0,False,2023.09.5
247,substructure,alkyne,,,,0.0,0.0,0.0,1.0,0.21226679977537904,1.0,False,2023.09.5
251,descriptor,MolWt,436.7489000000002,309.89970000000005,126.84920000000017,,,,5.572653248454238e-10,0.46312472702314844,8.141008933811928e-09,False,2023.09.5
251,descriptor,MolLogP,3.7453780000000014,2.1808353333333335,1.564542666666668,,,,1.7479133317173934e-05,0.46312472702314844,9.84146157025142e-05,False,2023.09.5
251,descriptor,TPSA,99.18866666666668,63.15733333333333,36.03133333333335,,,,1.6062129082998958e-06,0.46312472702314844,1.0907370332691744e-05,False,2023.09.5
251,descriptor,QED,0.4972559254112161,0.8012972677264454,-0.3040413423152293,,,,4.18250049245679e-09,0.46312472702314844,4.664371675953924e-08,False,2023.09.5
251,descriptor,NumRotatableBonds,4.7,3.5,1.2000000000000002,,,,0.00195430683483183,0.46312472702314844,0.007389781049760472,False,2023.09.5
251,descriptor,NumHDonors,2.1666666666666665,1.1666666666666667,0.9999999999999998,,,,0.00031597434207718007,0.46312472702314844,0.00140238888322344,False,2023.09.5
251,descriptor,NumHAcceptors,6.4,4.033333333333333,2.366666666666667,,,,3.5823185364944965e-06,0.46312472702314844,2.2764685531270806e-05,False,2023.09.5
251,descriptor,NumAromaticRings,3.6666666666666665,1.2666666666666666,2.4,,,,4.051651911514282e-11,0.46312472702314844,9.55118084531446e-10,False,2023.09.5
251,descriptor,NumAliphaticRings,1.1,1.1333333333333333,-0.033333333333333215,,,,0.7035711988328068,0.46312472702314844,1.0,False,2023.09.5
251,descriptor,HeavyAtomCount,30.8,20.4,10.400000000000002,,,,2.5937977799496456e-11,0.46312472702314844,8.023908189881195e-10,False,2023.09.5
251,descriptor,FractionCSP3,0.3282099331580643,0.5247449663626135,-0.19653503320454918,,,,0.00040792620449593676,0.46312472702314844,0.001761155772736547,False,2023.09.5
251,substructure,halogen_F,,,,23.333333333333332,40.0,-16.666666666666668,0.2668356607208132,0.46312472702314844,0.49948103110813213,False,2023.09.5
251,substructure,halogen_Cl,,,,16.666666666666664,3.3333333333333335,13.33333333333333,0.19450977211904957,0.46312472702314844,0.3940963090170508,False,2023.09.5
251,substructure,halogen_Br,,,,16.666666666666664,30.0,-13.333333333333336,0.36036045478232237,0.46312472702314844,0.6357696258837854,False,2023.09.5
251,substructure,halogen_I,,,,0.0,0.0,0.0,1.0,0.46312472702314844,1.0,False,2023.09.5
251,substructure,boron,,,,0.0,0.0,0.0,1.0,0.46312472702314844,1.0,False,2023.09.5
251,substructure,boronic_acid_or_ester,,,,0.0,0.0,0.0,1.0,0.46312472702314844,1.0,False,2023.09.5
251,substructure,nitro,,,,0.0,0.0,0.0,1.0,0.46312472702314844,1.0,False,2023.09.5
251,substructure,nitrile,,,,13.333333333333334,20.0,-6.666666666666666,0.7306423241784982,0.46312472702314844,1.0,False,2023.09.5
251,substructure,aromatic_N,,,,100.0,60.0,40.0,0.0001236183632391236,0.46312472702314844,0.0005925001211424823,True,2023.09.5
251,substructure,aromatic_O,,,,6.666666666666667,3.3333333333333335,3.3333333333333335,1.0,0.46312472702314844,1.0,False,2023.09.5
251,substructure,aromatic_S,,,,10.0,6.666666666666667,3.333333333333333,1.0,0.46312472702314844,1.0,False,2023.09.5
251,substructure,pyridine,,,,46.666666666666664,13.333333333333334,33.33333333333333,0.010122970908879406,0.46312472702314844,0.03255632967364223,False,2023.09.5
251,substructure,benzene,,,,83.33333333333334,43.333333333333336,40.00000000000001,0.002779673045104636,0.46312472702314844,0.01020846529273586,False,2023.09.5
251,substructure,phenol,,,,0.0,3.3333333333333335,-3.3333333333333335,1.0,0.46312472702314844,1.0,False,2023.09.5
251,substructure,alcohol,,,,3.3333333333333335,26.666666666666668,-23.333333333333336,0.025690734963116434,0.46312472702314844,0.07142529474647329,False,2023.09.5
251,substructure,carboxylic_acid,,,,13.333333333333334,3.3333333333333335,10.0,0.35325602140945594,0.46312472702314844,0.6254013661859009,False,2023.09.5
251,substructure,ester,,,,16.666666666666664,13.333333333333334,3.3333333333333304,1.0,0.46312472702314844,1.0,False,2023.09.5
251,substructure,amide,,,,23.333333333333332,63.33333333333333,-40.0,0.003756337620393834,0.46312472702314844,0.013519400581035627,False,2023.09.5
251,substructure,urea,,,,0.0,0.0,0.0,1.0,0.46312472702314844,1.0,False,2023.09.5
251,substructure,sulfone,,,,0.0,0.0,0.0,1.0,0.46312472702314844,1.0,False,2023.09.5
251,substructure,ether,,,,33.33333333333333,30.0,3.3333333333333286,1.0,0.46312472702314844,1.0,False,2023.09.5
251,substructure,amine_primary,,,,6.666666666666667,26.666666666666668,-20.0,0.07972201478079077,0.46312472702314844,0.1899034034399222,False,2023.09.5
251,substructure,amine_secondary,,,,50.0,13.333333333333334,36.666666666666664,0.004788880469513642,0.46312472702314844,0.01647191813970852,False,2023.09.5
251,substructure,amine_tertiary,,,,23.333333333333332,20.0,3.333333333333332,1.0,0.46312472702314844,1.0,False,2023.09.5
251,substructure,ketone,,,,0.0,3.3333333333333335,-3.3333333333333335,1.0,0.46312472702314844,1.0,False,2023.09.5
251,substructure,alkyne,,,,3.3333333333333335,13.333333333333334,-10.0,0.35325602140945594,0.46312472702314844,0.6254013661859009,False,2023.09.5
260,descriptor,MolWt,192.96233333333333,326.90790000000015,-133.94556666666682,,,,3.0179667984904466e-11,0.10725650464840582,8.023908189881195e-10,False,2023.09.5
260,descriptor,MolLogP,2.6140173333333343,2.6383066666666672,-0.02428933333333294,,,,0.8766349003139949,0.10725650464840582,1.0,False,2023.09.5
260,descriptor,TPSA,22.429666666666662,67.29366666666667,-44.864000000000004,,,,1.1407291819365275e-09,0.10725650464840582,1.5205881586823945e-08,False,2023.09.5
260,descriptor,QED,0.6547721283652752,0.8171428419565179,-0.16237071359124267,,,,4.801068993625725e-07,0.10725650464840582,3.5728255913090684e-06,False,2023.09.5
260,descriptor,NumRotatableBonds,2.2666666666666666,3.8333333333333335,-1.5666666666666669,,,,2.746143524306638e-05,0.10725650464840582,0.00015016550017582845,False,2023.09.5
260,descriptor,NumHDonors,0.4666666666666667,1.3333333333333333,-0.8666666666666666,,,,2.1107374538782455e-05,0.10725650464840582,0.00011753037383831188,False,2023.09.5
260,descriptor,NumHAcceptors,1.2333333333333334,4.133333333333334,-2.9000000000000004,,,,2.1513010193966602e-10,0.10725650464840582,3.6140960747543908e-09,False,2023.09.5
260,descriptor,NumAromaticRings,0.8666666666666667,1.5,-0.6333333333333333,,,,0.0016266120986395299,0.10725650464840582,0.006344588471442265,False,2023.09.5
260,descriptor,NumAliphaticRings,0.5666666666666667,1.8,-1.2333333333333334,,,,3.082708285746448e-05,0.10725650464840582,0.00016741347192414523,False,2023.09.5
260,descriptor,HeavyAtomCount,12.4,23.033333333333335,-10.633333333333335,,,,1.224565796168475e-11,0.10725650464840582,8.023908189881195e-10,False,2023.09.5
260,descriptor,FractionCSP3,0.42739898989898983,0.5453760463822382,-0.11797705648324841,,,,0.03557988393077738,0.10725650464840582,0.0959541965135883,False,2023.09.5
260,substructure,halogen_F,,,,20.0,23.333333333333332,-3.333333333333332,1.0,0.10725650464840582,1.0,False,2023.09.5
260,substructure,halogen_Cl,,,,23.333333333333332,6.666666666666667,16.666666666666664,0.1454992249936118,0.10725650464840582,0.30902973806314865,False,2023.09.5
260,substructure,halogen_Br,,,,30.0,3.3333333333333335,26.666666666666668,0.012182915008697837,0.10725650464840582,0.037073144134846074,False,2023.09.5
260,substructure,halogen_I,,,,0.0,3.3333333333333335,-3.3333333333333335,1.0,0.10725650464840582,1.0,False,2023.09.5
260,substructure,boron,,,,0.0,0.0,0.0,1.0,0.10725650464840582,1.0,False,2023.09.5
260,substructure,boronic_acid_or_ester,,,,0.0,0.0,0.0,1.0,0.10725650464840582,1.0,False,2023.09.5
260,substructure,nitro,,,,0.0,0.0,0.0,1.0,0.10725650464840582,1.0,False,2023.09.5
260,substructure,nitrile,,,,30.0,13.333333333333334,16.666666666666664,0.20923627896279956,0.10725650464840582,0.4200641117716651,False,2023.09.5
260,substructure,aromatic_N,,,,3.3333333333333335,70.0,-66.66666666666667,6.147503375736076e-08,0.10725650464840582,5.349003486711895e-07,True,2023.09.5
260,substructure,aromatic_O,,,,0.0,13.333333333333334,-13.333333333333334,0.11239964317573597,0.10725650464840582,0.2485978700182898,False,2023.09.5
260,substructure,aromatic_S,,,,0.0,3.3333333333333335,-3.3333333333333335,1.0,0.10725650464840582,1.0,False,2023.09.5
260,substructure,pyridine,,,,3.3333333333333335,30.0,-26.666666666666668,0.012182915008697837,0.10725650464840582,0.037073144134846074,False,2023.09.5
260,substructure,benzene,,,,80.0,43.333333333333336,36.666666666666664,0.007274786783094237,0.10725650464840582,0.0240608862775857,False,2023.09.5
260,substructure,phenol,,,,0.0,3.3333333333333335,-3.3333333333333335,1.0,0.10725650464840582,1.0,False,2023.09.5
260,substructure,alcohol,,,,6.666666666666667,16.666666666666664,-9.999999999999996,0.42380990998296975,0.10725650464840582,0.7210414411785893,False,2023.09.5
260,substructure,carboxylic_acid,,,,0.0,16.666666666666664,-16.666666666666664,0.052185548617305996,0.10725650464840582,0.13009702690761193,False,2023.09.5
260,substructure,ester,,,,6.666666666666667,10.0,-3.333333333333333,1.0,0.10725650464840582,1.0,False,2023.09.5
260,substructure,amide,,,,0.0,56.666666666666664,-56.666666666666664,6.185596344065138e-07,0.10725650464840582,4.436372450390196e-06,True,2023.09.5
260,substructure,urea,,,,0.0,3.3333333333333335,-3.3333333333333335,1.0,0.10725650464840582,1.0,False,2023.09.5
260,substructure,sulfone,,,,0.0,10.0,-10.0,0.23728813559322035,0.10725650464840582,0.4564741150697567,False,2023.09.5
260,substructure,ether,,,,10.0,26.666666666666668,-16.666666666666668,0.18058040377378287,0.10725650464840582,0.37607460207280724,False,2023.09.5
260,substructure,amine_primary,,,,13.333333333333334,16.666666666666664,-3.3333333333333304,1.0,0.10725650464840582,1.0,False,2023.09.5
260,substructure,amine_secondary,,,,26.666666666666668,40.0,-13.333333333333332,0.411756597048106,0.10725650464840582,0.7152893232617163,False,2023.09.5
260,substructure,amine_tertiary,,,,0.0,13.333333333333334,-13.333333333333334,0.11239964317573597,0.10725650464840582,0.2485978700182898,False,2023.09.5
260,substructure,ketone,,,,10.0,0.0,10.0,0.23728813559322035,0.10725650464840582,0.4564741150697567,False,2023.09.5
260,substructure,alkyne,,,,0.0,6.666666666666667,-6.666666666666667,0.4915254237288137,0.10725650464840582,0.7853847222987215,False,2023.09.5
266,descriptor,MolWt,142.05890000000002,358.6597333333335,-216.6008333333335,,,,3.019859359162157e-11,0.49575715979284957,8.023908189881195e-10,False,2023.09.5
266,descriptor,MolLogP,0.648083,3.179306666666668,-2.5312236666666683,,,,1.8491566103379364e-08,0.49575715979284957,1.789929344823445e-07,False,2023.09.5
266,descriptor,TPSA,37.64766666666666,73.07366666666667,-35.42600000000001,,,,7.848553097301369e-07,0.49575715979284957,5.588565056153978e-06,False,2023.09.5
266,descriptor,QED,0.48806725359311537,0.7638393634079086,-0.2757721098147932,,,,1.4109773081080244e-09,0.49575715979284957,1.827401940249836e-08,False,2023.09.5
266,descriptor,NumRotatableBonds,1.4666666666666666,4.0,-2.533333333333333,,,,9.803717380457097e-08,0.49575715979284957,8.240534418095467e-07,False,2023.09.5
266,descriptor,NumHDonors,0.36666666666666664,1.0,-0.6333333333333333,,,,0.00095135720228867,0.49575715979284957,0.003865275790078047,False,2023.09.5
266,descriptor,NumHAcceptors,2.1,4.5,-2.4,,,,8.256490893005905e-08,0.49575715979284957,7.075205074764151e-07,False,2023.09.5
266,descriptor,NumAromaticRings,0.1,1.9,-1.7999999999999998,,,,1.496247421979247e-10,0.49575715979284957,2.717267680557724e-09,False,2023.09.5
266,descriptor,NumAliphaticRings,0.26666666666666666,1.3,-1.0333333333333334,,,,5.540688864553555e-05,0.49575715979284957,0.00028561962519228545,False,2023.09.5
266,descriptor,HeavyAtomCount,7.9,24.6,-16.700000000000003,,,,2.220438831310781e-11,0.49575715979284957,8.023908189881195e-10,False,2023.09.5
266,descriptor,FractionCSP3,0.7827777777777778,0.4336349973269478,0.34914278045082997,,,,2.2085369694119992e-05,0.49575715979284957,0.00012280334075705205,False,2023.09.5
266,substructure,halogen_F,,,,40.0,23.333333333333332,16.666666666666668,0.2668356607208132,0.49575715979284957,0.49948103110813213,False,2023.09.5
266,substructure,halogen_Cl,,,,13.333333333333334,26.666666666666668,-13.333333333333334,0.3334117381152047,0.49575715979284957,0.6046619657343543,False,2023.09.5
266,substructure,halogen_Br,,,,10.0,16.666666666666664,-6.666666666666664,0.7064691994252865,0.49575715979284957,1.0,False,2023.09.5
266,substructure,halogen_I,,,,0.0,0.0,0.0,1.0,0.49575715979284957,1.0,False,2023.09.5
266,substructure,boron,,,,13.333333333333334,3.3333333333333335,10.0,0.35325602140945594,0.49575715979284957,0.6254013661859009,False,2023.09.5
266,substructure,boronic_acid_or_ester,,,,0.0,3.3333333333333335,-3.3333333333333335,1.0,0.49575715979284957,1.0,False,2023.09.5
266,substructure,nitro,,,,0.0,0.0,0.0,1.0,0.49575715979284957,1.0,False,2023.09.5
266,substructure,nitrile,,,,0.0,30.0,-30.0,0.0019356033191389092,0.49575715979284957,0.007333065588967408,False,2023.09.5
266,substructure,aromatic_N,,,,10.0,56.666666666666664,-46.666666666666664,0.000250733731731787,0.49575715979284957,0.0011357606909910122,True,2023.09.5
266,substructure,aromatic_O,,,,0.0,23.333333333333332,-23.333333333333332,0.010542535074203226,0.49575715979284957,0.03268433544148048,False,2023.09.5
266,substructure,aromatic_S,,,,3.3333333333333335,10.0,-6.666666666666666,0.6119536128456737,0.49575715979284957,0.9176986186575842,False,2023.09.5
266,substructure,pyridine,,,,0.0,10.0,-10.0,0.23728813559322035,0.49575715979284957,0.4564741150697567,False,2023.09.5
266,substructure,benzene,,,,0.0,70.0,-70.0,3.583746362536726e-09,0.49575715979284957,4.0770263934720976e-08,True,2023.09.5
266,substructure,phenol,,,,0.0,6.666666666666667,-6.666666666666667,0.4915254237288137,0.49575715979284957,0.7853847222987215,False,2023.09.5
266,substructure,alcohol,,,,0.0,10.0,-10.0,0.23728813559322035,0.49575715979284957,0.4564741150697567,False,2023.09.5
266,substructure,carboxylic_acid,,,,3.3333333333333335,23.333333333333332,-20.0,0.05231484385878206,0.49575715979284957,0.13009702690761193,False,2023.09.5
266,substructure,ester,,,,6.666666666666667,10.0,-3.333333333333333,1.0,0.49575715979284957,1.0,False,2023.09.5
266,substructure,amide,,,,3.3333333333333335,63.33333333333333,-59.99999999999999,7.96243282730887e-07,0.49575715979284957,5.639225682167409e-06,True,2023.09.5
266,substructure,urea,,,,0.0,0.0,0.0,1.0,0.49575715979284957,1.0,False,2023.09.5
266,substructure,sulfone,,,,36.666666666666664,10.0,26.666666666666664,0.03034142126191129,0.49575715979284957,0.0827284344186686,False,2023.09.5
266,substructure,ether,,,,23.333333333333332,30.0,-6.666666666666668,0.771023976031026,0.49575715979284957,1.0,False,2023.09.5
266,substructure,amine_primary,,,,13.333333333333334,16.666666666666664,-3.3333333333333304,1.0,0.49575715979284957,1.0,False,2023.09.5
266,substructure,amine_secondary,,,,3.3333333333333335,13.333333333333334,-10.0,0.35325602140945594,0.49575715979284957,0.6254013661859009,False,2023.09.5
266,substructure,amine_tertiary,,,,10.0,16.666666666666664,-6.666666666666664,0.7064691994252865,0.49575715979284957,1.0,False,2023.09.5
266,substructure,ketone,,,,0.0,10.0,-10.0,0.23728813559322035,0.49575715979284957,0.4564741150697567,False,2023.09.5
266,substructure,alkyne,,,,3.3333333333333335,3.3333333333333335,0.0,1.0,0.49575715979284957,1.0,False,2023.09.5
311,descriptor,MolWt,105.38026666666666,333.6218000000001,-228.24153333333345,,,,3.019859359162157e-11,0.018000873525925002,8.023908189881195e-10,False,2023.09.5
311,descriptor,MolLogP,0.5460746666666665,2.3278010000000005,-1.781726333333334,,,,1.1566543205869282e-07,0.018000873525925002,9.640409379376104e-07,False,2023.09.5
311,descriptor,TPSA,35.21033333333334,76.36133333333332,-41.15099999999998,,,,1.0997698812633801e-08,0.018000873525925002,1.1069834793151672e-07,False,2023.09.5
311,descriptor,QED,0.4398893270175635,0.7745913835254119,-0.3347020565078484,,,,1.0936695631098952e-10,0.018000873525925002,2.101863009879648e-09,False,2023.09.5
311,descriptor,NumRotatableBonds,1.1,3.8666666666666667,-2.7666666666666666,,,,4.059195592286922e-08,0.018000873525925002,3.702846854807356e-07,False,2023.09.5
311,descriptor,NumHDonors,0.5,1.1666666666666667,-0.6666666666666667,,,,0.0016032875250747267,0.018000873525925002,0.006260196358822121,False,2023.09.5
311,descriptor,NumHAcceptors,1.9666666666666666,4.533333333333333,-2.5666666666666664,,,,3.8815288413951254e-09,0.018000873525925002,4.353250051864958e-08,False,2023.09.5
311,descriptor,NumAromaticRings,0.16666666666666666,1.6666666666666667,-1.5,,,,6.115595527847163e-10,0.018000873525925002,8.836365946987927e-09,False,2023.09.5
311,descriptor,NumAliphaticRings,0.2,1.3,-1.1,,,,1.3001322991005358e-06,0.018000873525925002,8.92066511635879e-06,False,2023.09.5
311,descriptor,HeavyAtomCount,6.733333333333333,23.366666666666667,-16.633333333333333,,,,2.3465566981088655e-11,0.018000873525925002,8.023908189881195e-10,False,2023.09.5
311,descriptor,FractionCSP3,0.7219047619047618,0.4460892281031263,0.27581553380163554,,,,0.0002866726116718493,0.018000873525925002,0.0012824145419309057,False,2023.09.5
311,substructure,halogen_F,,,,6.666666666666667,23.333333333333332,-16.666666666666664,0.1454992249936118,0.018000873525925002,0.30902973806314865,False,2023.09.5
311,substructure,halogen_Cl,,,,13.333333333333334,13.333333333333334,0.0,1.0,0.018000873525925002,1.0,False,2023.09.5
311,substructure,halogen_Br,,,,0.0,10.0,-10.0,0.23728813559322035,0.018000873525925002,0.4564741150697567,False,2023.09.5
311,substructure,halogen_I,,,,0.0,0.0,0.0,1.0,0.018000873525925002,1.0,False,2023.09.5
311,substructure,boron,,,,0.0,0.0,0.0,1.0,0.018000873525925002,1.0,False,2023.09.5
311,substructure,boronic_acid_or_ester,,,,0.0,0.0,0.0,1.0,0.018000873525925002,1.0,False,2023.09.5
311,substructure,nitro,,,,0.0,0.0,0.0,1.0,0.018000873525925002,1.0,False,2023.09.5
311,substructure,nitrile,,,,3.3333333333333335,40.0,-36.666666666666664,0.001050756087532551,0.018000873525925002,0.004219009483307677,True,2023.09.5
311,substructure,aromatic_N,,,,16.666666666666664,80.0,-63.333333333333336,1.5488900683552224e-06,0.018000873525925002,1.0536178317213618e-05,True,2023.09.5
311,substructure,aromatic_O,,,,6.666666666666667,6.666666666666667,0.0,1.0,0.018000873525925002,1.0,False,2023.09.5
311,substructure,aromatic_S,,,,3.3333333333333335,3.3333333333333335,0.0,1.0,0.018000873525925002,1.0,False,2023.09.5
311,substructure,pyridine,,,,0.0,30.0,-30.0,0.0019356033191389092,0.018000873525925002,0.007333065588967408,False,2023.09.5
311,substructure,benzene,,,,0.0,56.666666666666664,-56.666666666666664,6.185596344065138e-07,0.018000873525925002,4.436372450390196e-06,True,2023.09.5
311,substructure,phenol,,,,0.0,3.3333333333333335,-3.3333333333333335,1.0,0.018000873525925002,1.0,False,2023.09.5
311,substructure,alcohol,,,,0.0,16.666666666666664,-16.666666666666664,0.052185548617305996,0.018000873525925002,0.13009702690761193,False,2023.09.5
311,substructure,carboxylic_acid,,,,0.0,26.666666666666668,-26.666666666666668,0.004575062390691967,0.018000873525925002,0.015888308776096052,False,2023.09.5
311,substructure,ester,,,,3.3333333333333335,16.666666666666664,-13.33333333333333,0.19450977211904957,0.018000873525925002,0.3940963090170508,False,2023.09.5
311,substructure,amide,,,,10.0,50.0,-40.0,0.0015063632760577872,0.018000873525925002,0.005916361319357916,True,2023.09.5
311,substructure,urea,,,,6.666666666666667,0.0,6.666666666666667,0.4915254237288137,0.018000873525925002,0.7853847222987215,False,2023.09.5
311,substructure,sulfone,,,,3.3333333333333335,16.666666666666664,-13.33333333333333,0.19450977211904957,0.018000873525925002,0.3940963090170508,False,2023.09.5
311,substructure,ether,,,,26.666666666666668,33.33333333333333,-6.666666666666661,0.7787156770945833,0.018000873525925002,1.0,False,2023.09.5
311,substructure,amine_primary,,,,16.666666666666664,0.0,16.666666666666664,0.052185548617305996,0.018000873525925002,0.13009702690761193,False,2023.09.5
311,substructure,amine_secondary,,,,6.666666666666667,36.666666666666664,-29.999999999999996,0.010248938246969973,0.018000873525925002,0.03268433544148048,False,2023.09.5
311,substructure,amine_tertiary,,,,3.3333333333333335,16.666666666666664,-13.33333333333333,0.19450977211904957,0.018000873525925002,0.3940963090170508,False,2023.09.5
311,substructure,ketone,,,,6.666666666666667,3.3333333333333335,3.3333333333333335,1.0,0.018000873525925002,1.0,False,2023.09.5
311,substructure,alkyne,,,,0.0,23.333333333333332,-23.333333333333332,0.010542535074203226,0.018000873525925002,0.03268433544148048,False,2023.09.5
321,descriptor,MolWt,168.46436666666665,361.1963,-192.73193333333336,,,,3.0179667984904466e-11,0.1592000998315343,8.023908189881195e-10,False,2023.09.5
321,descriptor,MolLogP,2.586885000000002,3.2604446666666678,-0.6735596666666659,,,,0.0635326507348074,0.1592000998315343,0.15564713134845454,False,2023.09.5
321,descriptor,TPSA,20.715,64.55433333333333,-43.83933333333333,,,,6.321013018132181e-10,0.1592000998315343,9.09996019592193e-09,False,2023.09.5
321,descriptor,QED,0.5472434007398742,0.7886091542872173,-0.24136575354734313,,,,2.028294855539196e-07,0.1592000998315343,1.6156980549456091e-06,False,2023.09.5
321,descriptor,NumRotatableBonds,2.8,3.7666666666666666,-0.9666666666666668,,,,0.02456158562745562,0.1592000998315343,0.06935757310919886,False,2023.09.5
321,descriptor,NumHDonors,0.2,0.8666666666666667,-0.6666666666666667,,,,3.0425432081640728e-05,0.1592000998315343,0.00016545918353188963,False,2023.09.5
321,descriptor,NumHAcceptors,1.2,3.8666666666666667,-2.666666666666667,,,,1.9498283416097266e-10,0.1592000998315343,3.3372544440344437e-09,False,2023.09.5
321,descriptor,NumAromaticRings,0.23333333333333334,1.8,-1.5666666666666667,,,,2.1421204621528455e-09,0.1592000998315343,2.6585125108661803e-08,False,2023.09.5
321,descriptor,NumAliphaticRings,0.8666666666666667,1.2666666666666666,-0.3999999999999999,,,,0.14281477764982076,0.1592000998315343,0.30753692726716775,False,2023.09.5
321,descriptor,HeavyAtomCount,11.566666666666666,24.2,-12.633333333333333,,,,2.7932635089866763e-11,0.1592000998315343,8.023908189881195e-10,False,2023.09.5
321,descriptor,FractionCSP3,0.7172224997224997,0.42223774045435786,0.2949847592681419,,,,6.883579459225449e-05,0.1592000998315343,0.0003440920590792115,False,2023.09.5
321,substructure,halogen_F,,,,0.0,50.0,-50.0,5.832133695832843e-06,0.1592000998315343,3.5964824457635866e-05,True,2023.09.5
321,substructure,halogen_Cl,,,,33.33333333333333,10.0,23.33333333333333,0.05746627333208208,0.1592000998315343,0.14148568166773196,False,2023.09.5
321,substructure,halogen_Br,,,,0.0,26.666666666666668,-26.666666666666668,0.004575062390691967,0.1592000998315343,0.015888308776096052,False,2023.09.5
321,substructure,halogen_I,,,,0.0,0.0,0.0,1.0,0.1592000998315343,1.0,False,2023.09.5
321,substructure,boron,,,,0.0,0.0,0.0,1.0,0.1592000998315343,1.0,False,2023.09.5
321,substructure,boronic_acid_or_ester,,,,0.0,0.0,0.0,1.0,0.1592000998315343,1.0,False,2023.09.5
321,substructure,nitro,,,,0.0,0.0,0.0,1.0,0.1592000998315343,1.0,False,2023.09.5
321,substructure,nitrile,,,,0.0,33.33333333333333,-33.33333333333333,0.0007970131314101389,0.1592000998315343,0.0032800155792648026,True,2023.09.5
321,substructure,aromatic_N,,,,3.3333333333333335,60.0,-56.666666666666664,2.591374415237919e-06,0.1592000998315343,1.679091867418482e-05,True,2023.09.5
321,substructure,aromatic_O,,,,0.0,6.666666666666667,-6.666666666666667,0.4915254237288137,0.1592000998315343,0.7853847222987215,False,2023.09.5
321,substructure,aromatic_S,,,,0.0,16.666666666666664,-16.666666666666664,0.052185548617305996,0.1592000998315343,0.13009702690761193,False,2023.09.5
321,substructure,pyridine,,,,3.3333333333333335,33.33333333333333,-29.999999999999996,0.005579091919870972,0.1592000998315343,0.018910637766069504,False,2023.09.5
321,substructure,benzene,,,,20.0,80.0,-60.0,6.318788152259724e-06,0.1592000998315343,3.836822437852185e-05,True,2023.09.5
321,substructure,phenol,,,,0.0,3.3333333333333335,-3.3333333333333335,1.0,0.1592000998315343,1.0,False,2023.09.5
321,substructure,alcohol,,,,13.333333333333334,10.0,3.333333333333334,1.0,0.1592000998315343,1.0,False,2023.09.5
321,substructure,carboxylic_acid,,,,6.666666666666667,20.0,-13.333333333333332,0.2542143363175797,0.1592000998315343,0.4790264433514032,False,2023.09.5
321,substructure,ester,,,,10.0,10.0,0.0,1.0,0.1592000998315343,1.0,False,2023.09.5
321,substructure,amide,,,,0.0,73.33333333333333,-73.33333333333333,8.27018391354629e-10,0.1592000998315343,1.1290226935768883e-08,True,2023.09.5
321,substructure,urea,,,,0.0,0.0,0.0,1.0,0.1592000998315343,1.0,False,2023.09.5
321,substructure,sulfone,,,,0.0,10.0,-10.0,0.23728813559322035,0.1592000998315343,0.4564741150697567,False,2023.09.5
321,substructure,ether,,,,26.666666666666668,40.0,-13.333333333333332,0.411756597048106,0.1592000998315343,0.7152893232617163,False,2023.09.5
321,substructure,amine_primary,,,,0.0,13.333333333333334,-13.333333333333334,0.11239964317573597,0.1592000998315343,0.2485978700182898,False,2023.09.5
321,substructure,amine_secondary,,,,0.0,10.0,-10.0,0.23728813559322035,0.1592000998315343,0.4564741150697567,False,2023.09.5
321,substructure,amine_tertiary,,,,3.3333333333333335,16.666666666666664,-13.33333333333333,0.19450977211904957,0.1592000998315343,0.3940963090170508,False,2023.09.5
321,substructure,ketone,,,,26.666666666666668,0.0,26.666666666666668,0.004575062390691967,0.1592000998315343,0.015888308776096052,False,2023.09.5
321,substructure,alkyne,,,,0.0,0.0,0.0,1.0,0.1592000998315343,1.0,False,2023.09.5
334,descriptor,MolWt,505.16983333333354,291.3077,213.86213333333353,,,,3.019859359162157e-11,0.4405378423909653,8.023908189881195e-10,False,2023.09.5
334,descriptor,MolLogP,3.5592760000000028,2.1802853333333343,1.3789906666666685,,,,0.0004981816723342355,0.4405378423909653,0.002123036857665488,False,2023.09.5
334,descriptor,TPSA,119.33666666666666,63.18433333333333,56.15233333333333,,,,3.195141325358297e-09,0.4405378423909653,3.777878967783216e-08,False,2023.09.5
334,descriptor,QED,0.4179781285633709,0.7874258615554092,-0.36944773299203826,,,,3.4741966068317727e-10,0.4405378423909653,5.3727907681433546e-09,False,2023.09.5
334,descriptor,NumRotatableBonds,6.9,3.3333333333333335,3.566666666666667,,,,9.787567973416979e-07,0.4405378423909653,6.786161402234294e-06,False,2023.09.5
334,descriptor,NumHDonors,1.5666666666666667,1.2666666666666666,0.30000000000000004,,,,0.2220608362041281,0.4405378423909653,0.44490832516808865,False,2023.09.5
334,descriptor,NumHAcceptors,8.033333333333333,3.6,4.433333333333334,,,,2.4007087930234297e-10,0.4405378423909653,3.9274405419751065e-09,False,2023.09.5
334,descriptor,NumAromaticRings,2.9,1.1,1.7999999999999998,,,,9.657776637406066e-09,0.4405378423909653,9.778807597823686e-08,False,2023.09.5
334,descriptor,NumAliphaticRings,0.9666666666666667,1.3333333333333333,-0.3666666666666666,,,,0.22014141679607324,0.4405378423909653,0.4412860096686856,False,2023.09.5
334,descriptor,HeavyAtomCount,35.333333333333336,19.866666666666667,15.466666666666669,,,,1.939321104193536e-11,0.4405378423909653,8.023908189881195e-10,False,2023.09.5
334,descriptor,FractionCSP3,0.4299740015331167,0.5414170311113035,-0.11144302957818675,,,,0.04354267922948783,0.4405378423909653,0.11416256097320684,False,2023.09.5
334,substructure,halogen_F,,,,36.666666666666664,36.666666666666664,0.0,1.0,0.4405378423909653,1.0,False,2023.09.5
334,substructure,halogen_Cl,,,,10.0,16.666666666666664,-6.666666666666664,0.7064691994252865,0.4405378423909653,1.0,False,2023.09.5
334,substructure,halogen_Br,,,,10.0,13.333333333333334,-3.333333333333334,1.0,0.4405378423909653,1.0,False,2023.09.5
334,substructure,halogen_I,,,,0.0,0.0,0.0,1.0,0.4405378423909653,1.0,False,2023.09.5
334,substructure,boron,,,,0.0,0.0,0.0,1.0,0.4405378423909653,1.0,False,2023.09.5
334,substructure,boronic_acid_or_ester,,,,0.0,0.0,0.0,1.0,0.4405378423909653,1.0,False,2023.09.5
334,substructure,nitro,,,,0.0,0.0,0.0,1.0,0.4405378423909653,1.0,False,2023.09.5
334,substructure,nitrile,,,,3.3333333333333335,23.333333333333332,-20.0,0.05231484385878206,0.4405378423909653,0.13009702690761193,False,2023.09.5
334,substructure,aromatic_N,,,,90.0,46.666666666666664,43.333333333333336,0.0006310253578028924,0.4405378423909653,0.002652048186349948,True,2023.09.5
334,substructure,aromatic_O,,,,10.0,6.666666666666667,3.333333333333333,1.0,0.4405378423909653,1.0,False,2023.09.5
334,substructure,aromatic_S,,,,6.666666666666667,6.666666666666667,0.0,1.0,0.4405378423909653,1.0,False,2023.09.5
334,substructure,pyridine,,,,13.333333333333334,23.333333333333332,-9.999999999999998,0.5061775943272466,0.4405378423909653,0.8015828383766278,False,2023.09.5
334,substructure,benzene,,,,83.33333333333334,53.333333333333336,30.000000000000007,0.02505842413910355,0.4405378423909653,0.07050909819951028,False,2023.09.5
334,substructure,phenol,,,,0.0,0.0,0.0,1.0,0.4405378423909653,1.0,False,2023.09.5
334,substructure,alcohol,,,,16.666666666666664,26.666666666666668,-10.000000000000004,0.5320924727590531,0.4405378423909653,0.8356025782043203,False,2023.09.5
334,substructure,carboxylic_acid,,,,40.0,16.666666666666664,23.333333333333336,0.08403556788590366,0.4405378423909653,0.19850645182595025,False,2023.09.5
334,substructure,ester,,,,63.33333333333333,13.333333333333334,49.99999999999999,0.0001390140727483938,0.4405378423909653,0.0006622824476665357,True,2023.09.5
334,substructure,amide,,,,76.66666666666667,50.0,26.66666666666667,0.059601580173895594,0.4405378423909653,0.14646968088668696,False,2023.09.5
334,substructure,urea,,,,0.0,0.0,0.0,1.0,0.4405378423909653,1.0,False,2023.09.5
334,substructure,sulfone,,,,13.333333333333334,6.666666666666667,6.666666666666667,0.6707485199902685,0.4405378423909653,0.984610081809964,False,2023.09.5
334,substructure,ether,,,,73.33333333333333,36.666666666666664,36.666666666666664,0.008869577361950336,0.4405378423909653,0.028735398343667257,False,2023.09.5
334,substructure,amine_primary,,,,0.0,23.333333333333332,-23.333333333333332,0.010542535074203226,0.4405378423909653,0.03268433544148048,False,2023.09.5
334,substructure,amine_secondary,,,,23.333333333333332,30.0,-6.666666666666668,0.771023976031026,0.4405378423909653,1.0,False,2023.09.5
334,substructure,amine_tertiary,,,,23.333333333333332,0.0,23.333333333333332,0.010542535074203226,0.4405378423909653,0.03268433544148048,False,2023.09.5
334,substructure,ketone,,,,10.0,0.0,10.0,0.23728813559322035,0.4405378423909653,0.4564741150697567,False,2023.09.5
334,substructure,alkyne,,,,3.3333333333333335,6.666666666666667,-3.3333333333333335,1.0,0.4405378423909653,1.0,False,2023.09.5
346,descriptor,MolWt,404.66266666666667,335.27640000000014,69.38626666666653,,,,6.765008246371499e-05,0.7715105759031634,0.0003390030931671003,False,2023.09.5
346,descriptor,MolLogP,3.7310506666666687,2.466444000000001,1.2646066666666678,,,,0.0022657813274275305,0.7715105759031634,0.00847847663070472,False,2023.09.5
346,descriptor,TPSA,49.51199999999999,79.88899999999998,-30.37699999999999,,,,3.5842721016581536e-05,0.7715105759031634,0.00019266301404894965,False,2023.09.5
346,descriptor,QED,0.7078134806064995,0.6910637477088457,0.016749732897653802,,,,0.641423522520332,0.7715105759031634,0.9597111586009048,False,2023.09.5
346,descriptor,NumRotatableBonds,3.466666666666667,3.8,-0.33333333333333304,,,,0.36586119652865123,0.7715105759031634,0.6451868494685659,False,2023.09.5
346,descriptor,NumHDonors,0.36666666666666664,1.7666666666666666,-1.4,,,,6.506266212201954e-08,0.7715105759031634,5.638436189895298e-07,False,2023.09.5
346,descriptor,NumHAcceptors,3.9,4.466666666666667,-0.5666666666666669,,,,0.4231643941364005,0.7715105759031634,0.7210414411785893,False,2023.09.5
346,descriptor,NumAromaticRings,2.3,1.5666666666666667,0.7333333333333332,,,,0.0046724970371738676,0.7715105759031634,0.01619826249577175,False,2023.09.5
346,descriptor,NumAliphaticRings,0.1,1.5333333333333334,-1.4333333333333333,,,,5.3943005474736565e-09,0.7715105759031634,5.8509687308077273e-08,False,2023.09.5
346,descriptor,HeavyAtomCount,20.066666666666666,23.4,-3.333333333333332,,,,0.02195542585257781,0.7715105759031634,0.06395991975743602,False,2023.09.5
346,descriptor,FractionCSP3,0.21704415954415957,0.48845554643155265,-0.2714113868873931,,,,2.6528906154077777e-06,0.7715105759031634,1.716142801699247e-05,False,2023.09.5
346,substructure,halogen_F,,,,36.666666666666664,20.0,16.666666666666664,0.25156918928788474,0.7715105759031634,0.4790264433514032,False,2023.09.5
346,substructure,halogen_Cl,,,,13.333333333333334,20.0,-6.666666666666666,0.7306423241784982,0.7715105759031634,1.0,False,2023.09.5
346,substructure,halogen_Br,,,,100.0,0.0,100.0,1.6911233892144735e-17,0.7715105759031634,2.2317191659667003e-14,True,2023.09.5
346,substructure,halogen_I,,,,0.0,0.0,0.0,1.0,0.7715105759031634,1.0,False,2023.09.5
346,substructure,boron,,,,0.0,0.0,0.0,1.0,0.7715105759031634,1.0,False,2023.09.5
346,substructure,boronic_acid_or_ester,,,,0.0,0.0,0.0,1.0,0.7715105759031634,1.0,False,2023.09.5
346,substructure,nitro,,,,0.0,0.0,0.0,1.0,0.7715105759031634,1.0,False,2023.09.5
346,substructure,nitrile,,,,3.3333333333333335,16.666666666666664,-13.33333333333333,0.19450977211904957,0.7715105759031634,0.3940963090170508,False,2023.09.5
346,substructure,aromatic_N,,,,96.66666666666667,43.333333333333336,53.333333333333336,7.954964600623307e-06,0.7715105759031634,4.7717734627072225e-05,True,2023.09.5
346,substructure,aromatic_O,,,,16.666666666666664,10.0,6.666666666666664,0.7064691994252865,0.7715105759031634,1.0,False,2023.09.5
346,substructure,aromatic_S,,,,0.0,13.333333333333334,-13.333333333333334,0.11239964317573597,0.7715105759031634,0.2485978700182898,False,2023.09.5
346,substructure,pyridine,,,,76.66666666666667,26.666666666666668,50.0,0.00023089337753119202,0.7715105759031634,0.0010543331968235169,True,2023.09.5
346,substructure,benzene,,,,46.666666666666664,63.33333333333333,-16.666666666666664,0.29930159468235956,0.7715105759031634,0.5473140939249246,False,2023.09.5
346,substructure,phenol,,,,0.0,13.333333333333334,-13.333333333333334,0.11239964317573597,0.7715105759031634,0.2485978700182898,False,2023.09.5
346,substructure,alcohol,,,,3.3333333333333335,26.666666666666668,-23.333333333333336,0.025690734963116434,0.7715105759031634,0.07142529474647329,False,2023.09.5
346,substructure,carboxylic_acid,,,,0.0,33.33333333333333,-33.33333333333333,0.0007970131314101389,0.7715105759031634,0.0032800155792648026,True,2023.09.5
346,substructure,ester,,,,6.666666666666667,20.0,-13.333333333333332,0.2542143363175797,0.7715105759031634,0.4790264433514032,False,2023.09.5
346,substructure,amide,,,,23.333333333333332,50.0,-26.666666666666668,0.05960158017389561,0.7715105759031634,0.14646968088668696,False,2023.09.5
346,substructure,urea,,,,0.0,0.0,0.0,1.0,0.7715105759031634,1.0,False,2023.09.5
346,substructure,sulfone,,,,0.0,10.0,-10.0,0.23728813559322035,0.7715105759031634,0.4564741150697567,False,2023.09.5
346,substructure,ether,,,,13.333333333333334,36.666666666666664,-23.33333333333333,0.07161837006434509,0.7715105759031634,0.17278313655377342,False,2023.09.5
346,substructure,amine_primary,,,,13.333333333333334,33.33333333333333,-19.999999999999993,0.12527840350750902,0.7715105759031634,0.2723652935124812,False,2023.09.5
346,substructure,amine_secondary,,,,6.666666666666667,20.0,-13.333333333333332,0.2542143363175797,0.7715105759031634,0.4790264433514032,False,2023.09.5
346,substructure,amine_tertiary,,,,36.666666666666664,13.333333333333334,23.33333333333333,0.07161837006434509,0.7715105759031634,0.17278313655377342,False,2023.09.5
346,substructure,ketone,,,,0.0,0.0,0.0,1.0,0.7715105759031634,1.0,False,2023.09.5
346,substructure,alkyne,,,,0.0,3.3333333333333335,-3.3333333333333335,1.0,0.7715105759031634,1.0,False,2023.09.5
353,descriptor,MolWt,260.45826666666665,346.55556666666683,-86.09730000000019,,,,8.476735207602058e-09,0.5336307481125601,8.657203949354729e-08,False,2023.09.5
353,descriptor,MolLogP,1.1664600000000003,3.052281666666668,-1.8858216666666676,,,,7.73643681370684e-06,0.5336307481125601,4.676115014574867e-05,False,2023.09.5
353,descriptor,TPSA,47.78933333333334,69.18566666666666,-21.396333333333324,,,,0.0006173409340010067,0.5336307481125601,0.0026139601686737813,False,2023.09.5
353,descriptor,QED,0.7578292071095746,0.7710850234036077,-0.013255816294033163,,,,0.12597019317097233,0.5336307481125601,0.2735688396949421,False,2023.09.5
353,descriptor,NumRotatableBonds,2.1666666666666665,4.0,-1.8333333333333335,,,,1.6555727157901931e-06,0.5336307481125601,1.1204123729595512e-05,False,2023.09.5
353,descriptor,NumHDonors,1.1333333333333333,1.1333333333333333,0.0,,,,0.90196114168891,0.5336307481125601,1.0,False,2023.09.5
353,descriptor,NumHAcceptors,3.2333333333333334,4.066666666666666,-0.833333333333333,,,,0.057045096862882595,0.5336307481125601,0.14115096155009513,False,2023.09.5
353,descriptor,NumAromaticRings,0.2,1.9,-1.7,,,,3.5791666627150355e-10,0.5336307481125601,5.5135878668049905e-09,False,2023.09.5
353,descriptor,NumAliphaticRings,4.2,1.1,3.1,,,,7.490207776420053e-11,0.5336307481125601,1.5689805601506342e-09,False,2023.09.5
353,descriptor,HeavyAtomCount,18.7,24.566666666666666,-5.866666666666667,,,,6.131100165550634e-09,0.5336307481125601,6.472806814777323e-08,False,2023.09.5
353,descriptor,FractionCSP3,0.8440571302336008,0.42212087705895757,0.4219362531746433,,,,3.680262944867698e-08,0.5336307481125601,3.3727224534100037e-07,False,2023.09.5
353,substructure,halogen_F,,,,20.0,36.666666666666664,-16.666666666666664,0.25156918928788474,0.5336307481125601,0.4790264433514032,False,2023.09.5
353,substructure,halogen_Cl,,,,0.0,16.666666666666664,-16.666666666666664,0.052185548617305996,0.5336307481125601,0.13009702690761193,False,2023.09.5
353,substructure,halogen_Br,,,,0.0,6.666666666666667,-6.666666666666667,0.4915254237288137,0.5336307481125601,0.7853847222987215,False,2023.09.5
353,substructure,halogen_I,,,,0.0,0.0,0.0,1.0,0.5336307481125601,1.0,False,2023.09.5
353,substructure,boron,,,,0.0,0.0,0.0,1.0,0.5336307481125601,1.0,False,2023.09.5
353,substructure,boronic_acid_or_ester,,,,0.0,0.0,0.0,1.0,0.5336307481125601,1.0,False,2023.09.5
353,substructure,nitro,,,,0.0,0.0,0.0,1.0,0.5336307481125601,1.0,False,2023.09.5
353,substructure,nitrile,,,,0.0,33.33333333333333,-33.33333333333333,0.0007970131314101389,0.5336307481125601,0.0032800155792648026,True,2023.09.5
353,substructure,aromatic_N,,,,6.666666666666667,66.66666666666666,-59.99999999999999,1.9082071016522476e-06,0.5336307481125601,1.2675489791008807e-05,True,2023.09.5
353,substructure,aromatic_O,,,,3.3333333333333335,6.666666666666667,-3.3333333333333335,1.0,0.5336307481125601,1.0,False,2023.09.5
353,substructure,aromatic_S,,,,0.0,0.0,0.0,1.0,0.5336307481125601,1.0,False,2023.09.5
353,substructure,pyridine,,,,0.0,26.666666666666668,-26.666666666666668,0.004575062390691967,0.5336307481125601,0.015888308776096052,False,2023.09.5
353,substructure,benzene,,,,13.333333333333334,76.66666666666667,-63.333333333333336,1.3241241459778508e-06,0.5336307481125601,9.069563138280816e-06,True,2023.09.5
353,substructure,phenol,,,,0.0,6.666666666666667,-6.666666666666667,0.4915254237288137,0.5336307481125601,0.7853847222987215,False,2023.09.5
353,substructure,alcohol,,,,53.333333333333336,10.0,43.333333333333336,0.0006310253578028923,0.5336307481125601,0.002652048186349948,True,2023.09.5
353,substructure,carboxylic_acid,,,,6.666666666666667,16.666666666666664,-9.999999999999996,0.42380990998296975,0.5336307481125601,0.7210414411785893,False,2023.09.5
353,substructure,ester,,,,6.666666666666667,13.333333333333334,-6.666666666666667,0.6707485199902685,0.5336307481125601,0.984610081809964,False,2023.09.5
353,substructure,amide,,,,56.666666666666664,66.66666666666666,-9.999999999999993,0.5959098408345822,0.5336307481125601,0.9176986186575842,False,2023.09.5
353,substructure,urea,,,,0.0,0.0,0.0,1.0,0.5336307481125601,1.0,False,2023.09.5
353,substructure,sulfone,,,,0.0,3.3333333333333335,-3.3333333333333335,1.0,0.5336307481125601,1.0,False,2023.09.5
353,substructure,ether,,,,73.33333333333333,26.666666666666668,46.66666666666666,0.000655730677789972,0.5336307481125601,0.00274712989774656,True,2023.09.5
353,substructure,amine_primary,,,,3.3333333333333335,3.3333333333333335,0.0,1.0,0.5336307481125601,1.0,False,2023.09.5
353,substructure,amine_secondary,,,,43.333333333333336,30.0,13.333333333333336,0.42197538101990234,0.5336307481125601,0.7210414411785893,False,2023.09.5
353,substructure,amine_tertiary,,,,3.3333333333333335,20.0,-16.666666666666668,0.10278971697348147,0.5336307481125601,0.23742385618320486,False,2023.09.5
353,substructure,ketone,,,,10.0,3.3333333333333335,6.666666666666666,0.6119536128456737,0.5336307481125601,0.9176986186575842,False,2023.09.5
353,substructure,alkyne,,,,0.0,3.3333333333333335,-3.3333333333333335,1.0,0.5336307481125601,1.0,False,2023.09.5
354,descriptor,MolWt,458.5147666666669,299.7368,158.77796666666688,,,,3.3383888204288e-11,0.5300430523491608,8.209118844768709e-10,False,2023.09.5
354,descriptor,MolLogP,1.822924666666667,2.0562100000000005,-0.23328533333333357,,,,0.3478277829758114,0.5300430523491608,0.6254013661859009,False,2023.09.5
354,descriptor,TPSA,138.13233333333335,67.52200000000002,70.61033333333333,,,,3.0104073709630884e-11,0.5300430523491608,8.023908189881195e-10,False,2023.09.5
354,descriptor,QED,0.44691739920494233,0.829379125371408,-0.3824617261664657,,,,3.6897258539809896e-11,0.5300430523491608,8.853105852067113e-10,False,2023.09.5
354,descriptor,NumRotatableBonds,7.466666666666667,3.7,3.7666666666666666,,,,8.382308346092897e-08,0.5300430523491608,7.12136453694888e-07,False,2023.09.5
354,descriptor,NumHDonors,1.6,1.5333333333333334,0.06666666666666665,,,,0.6004000655063025,0.5300430523491608,0.9176986186575842,False,2023.09.5
354,descriptor,NumHAcceptors,8.233333333333333,3.9,4.333333333333332,,,,9.243374035203288e-11,0.5300430523491608,1.8575897363131887e-09,False,2023.09.5
354,descriptor,NumAromaticRings,1.5333333333333334,1.1,0.43333333333333335,,,,0.08872207566079304,0.5300430523491608,0.20858117431180503,False,2023.09.5
354,descriptor,NumAliphaticRings,0.7666666666666667,1.5,-0.7333333333333333,,,,0.007803206433136271,0.5300430523491608,0.02567987886017165,False,2023.09.5
354,descriptor,HeavyAtomCount,29.833333333333332,20.566666666666666,9.266666666666666,,,,2.441499884724786e-11,0.5300430523491608,8.023908189881195e-10,False,2023.09.5
354,descriptor,FractionCSP3,0.47309677167430564,0.5634009155332685,-0.0903041438589629,,,,0.24249156709284592,0.5300430523491608,0.4660311233595034,False,2023.09.5
354,substructure,halogen_F,,,,36.666666666666664,10.0,26.666666666666664,0.03034142126191129,0.5300430523491608,0.0827284344186686,False,2023.09.5
354,substructure,halogen_Cl,,,,23.333333333333332,20.0,3.333333333333332,1.0,0.5300430523491608,1.0,False,2023.09.5
354,substructure,halogen_Br,,,,23.333333333333332,13.333333333333334,9.999999999999998,0.5061775943272466,0.5300430523491608,0.8015828383766278,False,2023.09.5
354,substructure,halogen_I,,,,0.0,0.0,0.0,1.0,0.5300430523491608,1.0,False,2023.09.5
354,substructure,boron,,,,0.0,0.0,0.0,1.0,0.5300430523491608,1.0,False,2023.09.5
354,substructure,boronic_acid_or_ester,,,,0.0,0.0,0.0,1.0,0.5300430523491608,1.0,False,2023.09.5
354,substructure,nitro,,,,0.0,0.0,0.0,1.0,0.5300430523491608,1.0,False,2023.09.5
354,substructure,nitrile,,,,3.3333333333333335,23.333333333333332,-20.0,0.05231484385878206,0.5300430523491608,0.13009702690761193,False,2023.09.5
354,substructure,aromatic_N,,,,43.333333333333336,53.333333333333336,-10.0,0.6058071732731874,0.5300430523491608,0.9176986186575842,False,2023.09.5
354,substructure,aromatic_O,,,,13.333333333333334,0.0,13.333333333333334,0.11239964317573597,0.5300430523491608,0.2485978700182898,False,2023.09.5
354,substructure,aromatic_S,,,,3.3333333333333335,6.666666666666667,-3.3333333333333335,1.0,0.5300430523491608,1.0,False,2023.09.5
354,substructure,pyridine,,,,13.333333333333334,20.0,-6.666666666666666,0.7306423241784982,0.5300430523491608,1.0,False,2023.09.5
354,substructure,benzene,,,,73.33333333333333,43.333333333333336,29.999999999999993,0.03521738569492147,0.5300430523491608,0.09510615959494823,False,2023.09.5
354,substructure,phenol,,,,3.3333333333333335,10.0,-6.666666666666666,0.6119536128456737,0.5300430523491608,0.9176986186575842,False,2023.09.5
354,substructure,alcohol,,,,10.0,36.666666666666664,-26.666666666666664,0.03034142126191129,0.5300430523491608,0.0827284344186686,False,2023.09.5
354,substructure,carboxylic_acid,,,,56.666666666666664,16.666666666666664,40.0,0.002779673045104637,0.5300430523491608,0.01020846529273586,False,2023.09.5
354,substructure,ester,,,,63.33333333333333,10.0,53.33333333333333,3.324669067805033e-05,0.5300430523491608,0.0001793237716544976,True,2023.09.5
354,substructure,amide,,,,40.0,70.0,-30.0,0.0369923959405111,0.5300430523491608,0.09942491210351899,False,2023.09.5
354,substructure,urea,,,,0.0,3.3333333333333335,-3.3333333333333335,1.0,0.5300430523491608,1.0,False,2023.09.5
354,substructure,sulfone,,,,63.33333333333333,3.3333333333333335,59.99999999999999,7.96243282730887e-07,0.5300430523491608,5.639225682167409e-06,True,2023.09.5
354,substructure,ether,,,,80.0,36.666666666666664,43.333333333333336,0.0014305830891172976,0.5300430523491608,0.005669347797612995,True,2023.09.5
354,substructure,amine_primary,,,,3.3333333333333335,23.333333333333332,-20.0,0.05231484385878206,0.5300430523491608,0.13009702690761193,False,2023.09.5
354,substructure,amine_secondary,,,,40.0,20.0,20.0,0.15806205176119764,0.5300430523491608,0.33409912595973384,False,2023.09.5
354,substructure,amine_tertiary,,,,36.666666666666664,23.333333333333332,13.333333333333332,0.3985089768298216,0.5300430523491608,0.6962475901453061,False,2023.09.5
354,substructure,ketone,,,,3.3333333333333335,3.3333333333333335,0.0,1.0,0.5300430523491608,1.0,False,2023.09.5
354,substructure,alkyne,,,,0.0,3.3333333333333335,-3.3333333333333335,1.0,0.5300430523491608,1.0,False,2023.09.5
363,descriptor,MolWt,457.96286666666686,291.8865,166.07636666666684,,,,3.019859359162157e-11,0.32975603668808884,8.023908189881195e-10,False,2023.09.5
363,descriptor,MolLogP,4.187511333333337,2.0674346666666668,2.12007666666667,,,,1.7290312624849194e-06,0.32975603668808884,1.166138802074582e-05,False,2023.09.5
363,descriptor,TPSA,94.32833333333335,69.608,24.720333333333343,,,,0.0015177961906131159,0.32975603668808884,0.005955356906479015,False,2023.09.5
363,descriptor,QED,0.43401436416324957,0.7669596974697633,-0.33294533330651377,,,,1.77690788708274e-10,0.32975603668808884,3.0719556004194617e-09,False,2023.09.5
363,descriptor,NumRotatableBonds,4.666666666666667,3.0,1.666666666666667,,,,1.4149088011717588e-05,0.32975603668808884,8.141895267207839e-05,False,2023.09.5
363,descriptor,NumHDonors,0.8333333333333334,1.1,-0.2666666666666667,,,,0.2079067845550573,0.32975603668808884,0.4193086908066591,False,2023.09.5
363,descriptor,NumHAcceptors,7.5,4.2,3.3,,,,3.5509966243256766e-08,0.32975603668808884,3.269394333884966e-07,False,2023.09.5
363,descriptor,NumAromaticRings,4.133333333333334,1.6,2.5333333333333337,,,,2.997208967969732e-11,0.32975603668808884,8.023908189881195e-10,False,2023.09.5
363,descriptor,NumAliphaticRings,0.7333333333333333,0.9666666666666667,-0.2333333333333334,,,,0.20447501500705967,0.32975603668808884,0.4128080491651959,False,2023.09.5
363,descriptor,HeavyAtomCount,31.333333333333332,20.166666666666668,11.166666666666664,,,,2.5675552334155196e-11,0.32975603668808884,8.023908189881195e-10,False,2023.09.5
363,descriptor,FractionCSP3,0.2281411209210599,0.38462133998898707,-0.15648021906792717,,,,0.00243323163922922,0.32975603668808884,0.009070775950761284,False,2023.09.5
363,substructure,halogen_F,,,,30.0,43.333333333333336,-13.333333333333336,0.42197538101990234,0.32975603668808884,0.7210414411785893,False,2023.09.5
363,substructure,halogen_Cl,,,,66.66666666666666,13.333333333333334,53.33333333333332,4.904409482795938e-05,0.32975603668808884,0.00025447650252148255,True,2023.09.5
363,substructure,halogen_Br,,,,20.0,13.333333333333334,6.666666666666666,0.7306423241784982,0.32975603668808884,1.0,False,2023.09.5
363,substructure,halogen_I,,,,0.0,0.0,0.0,1.0,0.32975603668808884,1.0,False,2023.09.5
363,substructure,boron,,,,0.0,0.0,0.0,1.0,0.32975603668808884,1.0,False,2023.09.5
363,substructure,boronic_acid_or_ester,,,,0.0,0.0,0.0,1.0,0.32975603668808884,1.0,False,2023.09.5
363,substructure,nitro,,,,0.0,0.0,0.0,1.0,0.32975603668808884,1.0,False,2023.09.5
363,substructure,nitrile,,,,10.0,26.666666666666668,-16.666666666666668,0.18058040377378287,0.32975603668808884,0.37607460207280724,False,2023.09.5
363,substructure,aromatic_N,,,,100.0,70.0,30.0,0.001935603319138909,0.32975603668808884,0.007333065588967408,False,2023.09.5
363,substructure,aromatic_O,,,,46.666666666666664,3.3333333333333335,43.33333333333333,0.00016986089389113158,0.32975603668808884,0.0007920839563191872,True,2023.09.5
363,substructure,aromatic_S,,,,6.666666666666667,3.3333333333333335,3.3333333333333335,1.0,0.32975603668808884,1.0,False,2023.09.5
363,substructure,pyridine,,,,50.0,40.0,10.0,0.6042080137327137,0.32975603668808884,0.9176986186575842,False,2023.09.5
363,substructure,benzene,,,,96.66666666666667,50.0,46.66666666666667,6.415347065416128e-05,0.32975603668808884,0.00032346177288613713,True,2023.09.5
363,substructure,phenol,,,,0.0,10.0,-10.0,0.23728813559322035,0.32975603668808884,0.4564741150697567,False,2023.09.5
363,substructure,alcohol,,,,0.0,13.333333333333334,-13.333333333333334,0.11239964317573597,0.32975603668808884,0.2485978700182898,False,2023.09.5
363,substructure,carboxylic_acid,,,,13.333333333333334,23.333333333333332,-9.999999999999998,0.5061775943272466,0.32975603668808884,0.8015828383766278,False,2023.09.5
363,substructure,ester,,,,16.666666666666664,10.0,6.666666666666664,0.7064691994252865,0.32975603668808884,1.0,False,2023.09.5
363,substructure,amide,,,,23.333333333333332,40.0,-16.666666666666668,0.2668356607208132,0.32975603668808884,0.49948103110813213,False,2023.09.5
363,substructure,urea,,,,0.0,0.0,0.0,1.0,0.32975603668808884,1.0,False,2023.09.5
363,substructure,sulfone,,,,0.0,6.666666666666667,-6.666666666666667,0.4915254237288137,0.32975603668808884,0.7853847222987215,False,2023.09.5
363,substructure,ether,,,,40.0,16.666666666666664,23.333333333333336,0.08403556788590366,0.32975603668808884,0.19850645182595025,False,2023.09.5
363,substructure,amine_primary,,,,0.0,10.0,-10.0,0.23728813559322035,0.32975603668808884,0.4564741150697567,False,2023.09.5
363,substructure,amine_secondary,,,,36.666666666666664,20.0,16.666666666666664,0.25156918928788474,0.32975603668808884,0.4790264433514032,False,2023.09.5
363,substructure,amine_tertiary,,,,16.666666666666664,26.666666666666668,-10.000000000000004,0.5320924727590531,0.32975603668808884,0.8356025782043203,False,2023.09.5
363,substructure,ketone,,,,0.0,10.0,-10.0,0.23728813559322035,0.32975603668808884,0.4564741150697567,False,2023.09.5
363,substructure,alkyne,,,,3.3333333333333335,6.666666666666667,-3.3333333333333335,1.0,0.32975603668808884,1.0,False,2023.09.5
365,descriptor,MolWt,510.7688666666669,311.5940666666667,199.17480000000018,,,,3.019859359162157e-11,0.37000062394708927,8.023908189881195e-10,False,2023.09.5
365,descriptor,MolLogP,3.9945973333333367,2.2851886666666674,1.7094086666666692,,,,1.4298355871314211e-05,0.37000062394708927,8.215847735055582e-05,False,2023.09.5
365,descriptor,TPSA,111.03533333333331,72.34133333333334,38.693999999999974,,,,6.280939427426934e-06,0.37000062394708927,3.8196988007961955e-05,False,2023.09.5
365,descriptor,QED,0.42386248061217874,0.8106125612184251,-0.3867500806062463,,,,9.918628618948002e-11,0.37000062394708927,1.96886332106756e-09,False,2023.09.5
365,descriptor,NumRotatableBonds,7.233333333333333,3.533333333333333,3.7,,,,8.842707737689758e-07,0.37000062394708927,6.196155740444912e-06,False,2023.09.5
365,descriptor,NumHDonors,1.4666666666666666,1.3666666666666667,0.09999999999999987,,,,0.6905859093725144,0.37000062394708927,1.0,False,2023.09.5
365,descriptor,NumHAcceptors,7.466666666666667,3.8,3.666666666666667,,,,3.4750734804303116e-09,0.37000062394708927,4.067852700257455e-08,False,2023.09.5
365,descriptor,NumAromaticRings,2.6666666666666665,1.4666666666666666,1.2,,,,1.069531782293364e-06,0.37000062394708927,7.363958827999004e-06,False,2023.09.5
365,descriptor,NumAliphaticRings,1.0333333333333334,1.3666666666666667,-0.33333333333333326,,,,0.20539008804883696,0.37000062394708927,0.41444411752566035,False,2023.09.5
365,descriptor,HeavyAtomCount,35.56666666666667,21.8,13.76666666666667,,,,1.637269134636458e-11,0.37000062394708927,8.023908189881195e-10,False,2023.09.5
365,descriptor,FractionCSP3,0.46312726055479686,0.4296210391489029,0.03350622140589399,,,,0.5345557540615367,0.37000062394708927,0.8389034872604775,False,2023.09.5
365,substructure,halogen_F,,,,40.0,40.0,0.0,1.0,0.37000062394708927,1.0,False,2023.09.5
365,substructure,halogen_Cl,,,,10.0,13.333333333333334,-3.333333333333334,1.0,0.37000062394708927,1.0,False,2023.09.5
365,substructure,halogen_Br,,,,13.333333333333334,10.0,3.333333333333334,1.0,0.37000062394708927,1.0,False,2023.09.5
365,substructure,halogen_I,,,,0.0,0.0,0.0,1.0,0.37000062394708927,1.0,False,2023.09.5
365,substructure,boron,,,,3.3333333333333335,0.0,3.3333333333333335,1.0,0.37000062394708927,1.0,False,2023.09.5
365,substructure,boronic_acid_or_ester,,,,3.3333333333333335,0.0,3.3333333333333335,1.0,0.37000062394708927,1.0,False,2023.09.5
365,substructure,nitro,,,,0.0,0.0,0.0,1.0,0.37000062394708927,1.0,False,2023.09.5
365,substructure,nitrile,,,,6.666666666666667,36.666666666666664,-29.999999999999996,0.010248938246969973,0.37000062394708927,0.03268433544148048,False,2023.09.5
365,substructure,aromatic_N,,,,80.0,60.0,20.0,0.15806205176119764,0.37000062394708927,0.33409912595973384,False,2023.09.5
365,substructure,aromatic_O,,,,13.333333333333334,3.3333333333333335,10.0,0.35325602140945594,0.37000062394708927,0.6254013661859009,False,2023.09.5
365,substructure,aromatic_S,,,,10.0,0.0,10.0,0.23728813559322035,0.37000062394708927,0.4564741150697567,False,2023.09.5
365,substructure,pyridine,,,,10.0,30.0,-20.0,0.10416473660307204,0.37000062394708927,0.23892711020368612,False,2023.09.5
365,substructure,benzene,,,,83.33333333333334,63.33333333333333,20.000000000000014,0.14316508132189698,0.37000062394708927,0.30753692726716775,False,2023.09.5
365,substructure,phenol,,,,0.0,10.0,-10.0,0.23728813559322035,0.37000062394708927,0.4564741150697567,False,2023.09.5
365,substructure,alcohol,,,,16.666666666666664,6.666666666666667,9.999999999999996,0.42380990998296975,0.37000062394708927,0.7210414411785893,False,2023.09.5
365,substructure,carboxylic_acid,,,,33.33333333333333,26.666666666666668,6.666666666666661,0.7787156770945833,0.37000062394708927,1.0,False,2023.09.5
365,substructure,ester,,,,70.0,3.3333333333333335,66.66666666666667,6.147503375736076e-08,0.37000062394708927,5.349003486711895e-07,True,2023.09.5
365,substructure,amide,,,,76.66666666666667,70.0,6.666666666666671,0.771023976031026,0.37000062394708927,1.0,False,2023.09.5
365,substructure,urea,,,,0.0,0.0,0.0,1.0,0.37000062394708927,1.0,False,2023.09.5
365,substructure,sulfone,,,,13.333333333333334,10.0,3.333333333333334,1.0,0.37000062394708927,1.0,False,2023.09.5
365,substructure,ether,,,,80.0,26.666666666666668,53.33333333333333,7.293288208265017e-05,0.37000062394708927,0.00036092660020651504,True,2023.09.5
365,substructure,amine_primary,,,,0.0,16.666666666666664,-16.666666666666664,0.052185548617305996,0.37000062394708927,0.13009702690761193,False,2023.09.5
365,substructure,amine_secondary,,,,20.0,16.666666666666664,3.3333333333333357,1.0,0.37000062394708927,1.0,False,2023.09.5
365,substructure,amine_tertiary,,,,26.666666666666668,6.666666666666667,20.0,0.07972201478079077,0.37000062394708927,0.1899034034399222,False,2023.09.5
365,substructure,ketone,,,,13.333333333333334,0.0,13.333333333333334,0.11239964317573597,0.37000062394708927,0.2485978700182898,False,2023.09.5
365,substructure,alkyne,,,,6.666666666666667,3.3333333333333335,3.3333333333333335,1.0,0.37000062394708927,1.0,False,2023.09.5
381,descriptor,MolWt,323.0115000000001,347.15626666666674,-24.144766666666612,,,,0.030317428813310024,0.5813003057340738,0.0827284344186686,False,2023.09.5
381,descriptor,MolLogP,3.514735333333335,2.6431306666666674,0.8716046666666677,,,,0.0028913253050786105,0.5813003057340738,0.010608671809829676,False,2023.09.5
381,descriptor,TPSA,47.705666666666666,78.916,-31.21033333333333,,,,0.0003461281717362264,0.5813003057340738,0.0015158422919288941,False,2023.09.5
381,descriptor,QED,0.6191227116414033,0.66156255520839,-0.04243984356698671,,,,0.1536672354850899,0.5813003057340738,0.32602818075319984,False,2023.09.5
381,descriptor,NumRotatableBonds,4.233333333333333,4.633333333333334,-0.40000000000000036,,,,0.5869799757827644,0.5813003057340738,0.9077553609859235,False,2023.09.5
381,descriptor,NumHDonors,0.6666666666666666,1.3666666666666667,-0.7000000000000001,,,,0.003699424201793982,0.5813003057340738,0.01332667917643528,False,2023.09.5
381,descriptor,NumHAcceptors,3.2666666666666666,5.133333333333334,-1.8666666666666671,,,,0.0001884098820311914,0.5813003057340738,0.0008734364437488135,False,2023.09.5
381,descriptor,NumAromaticRings,1.2,1.8,-0.6000000000000001,,,,0.004445466294050785,0.5813003057340738,0.015841225074839836,False,2023.09.5
381,descriptor,NumAliphaticRings,0.7333333333333333,1.1666666666666667,-0.43333333333333346,,,,0.047224688481102936,0.5813003057340738,0.12292080321938627,False,2023.09.5
381,descriptor,HeavyAtomCount,21.433333333333334,23.9,-2.466666666666665,,,,0.0031935848799293587,0.5813003057340738,0.011620774393051774,False,2023.09.5
381,descriptor,FractionCSP3,0.5233947566881004,0.4191666222095957,0.10422813447850471,,,,0.06893227270948929,0.5813003057340738,0.1673224203904771,False,2023.09.5
381,substructure,halogen_F,,,,23.333333333333332,26.666666666666668,-3.3333333333333357,1.0,0.5813003057340738,1.0,False,2023.09.5
381,substructure,halogen_Cl,,,,16.666666666666664,13.333333333333334,3.3333333333333304,1.0,0.5813003057340738,1.0,False,2023.09.5
381,substructure,halogen_Br,,,,13.333333333333334,10.0,3.333333333333334,1.0,0.5813003057340738,1.0,False,2023.09.5
381,substructure,halogen_I,,,,0.0,0.0,0.0,1.0,0.5813003057340738,1.0,False,2023.09.5
381,substructure,boron,,,,13.333333333333334,0.0,13.333333333333334,0.11239964317573597,0.5813003057340738,0.2485978700182898,False,2023.09.5
381,substructure,boronic_acid_or_ester,,,,10.0,0.0,10.0,0.23728813559322035,0.5813003057340738,0.4564741150697567,False,2023.09.5
381,substructure,nitro,,,,0.0,0.0,0.0,1.0,0.5813003057340738,1.0,False,2023.09.5
381,substructure,nitrile,,,,10.0,23.333333333333332,-13.333333333333332,0.2989793821568606,0.5813003057340738,0.5473140939249246,False,2023.09.5
381,substructure,aromatic_N,,,,50.0,70.0,-20.0,0.187187106633885,0.5813003057340738,0.38819997651312244,False,2023.09.5
381,substructure,aromatic_O,,,,0.0,13.333333333333334,-13.333333333333334,0.11239964317573597,0.5813003057340738,0.2485978700182898,False,2023.09.5
381,substructure,aromatic_S,,,,3.3333333333333335,16.666666666666664,-13.33333333333333,0.19450977211904957,0.5813003057340738,0.3940963090170508,False,2023.09.5
381,substructure,pyridine,,,,23.333333333333332,30.0,-6.666666666666668,0.771023976031026,0.5813003057340738,1.0,False,2023.09.5
381,substructure,benzene,,,,46.666666666666664,56.666666666666664,-10.0,0.6058071732731877,0.5813003057340738,0.9176986186575842,False,2023.09.5
381,substructure,phenol,,,,0.0,3.3333333333333335,-3.3333333333333335,1.0,0.5813003057340738,1.0,False,2023.09.5
381,substructure,alcohol,,,,6.666666666666667,13.333333333333334,-6.666666666666667,0.6707485199902685,0.5813003057340738,0.984610081809964,False,2023.09.5
381,substructure,carboxylic_acid,,,,6.666666666666667,23.333333333333332,-16.666666666666664,0.1454992249936118,0.5813003057340738,0.30902973806314865,False,2023.09.5
381,substructure,ester,,,,6.666666666666667,13.333333333333334,-6.666666666666667,0.6707485199902685,0.5813003057340738,0.984610081809964,False,2023.09.5
381,substructure,amide,,,,16.666666666666664,33.33333333333333,-16.666666666666664,0.2325984703938369,0.5813003057340738,0.4564741150697567,False,2023.09.5
381,substructure,urea,,,,0.0,0.0,0.0,1.0,0.5813003057340738,1.0,False,2023.09.5
381,substructure,sulfone,,,,3.3333333333333335,16.666666666666664,-13.33333333333333,0.19450977211904957,0.5813003057340738,0.3940963090170508,False,2023.09.5
381,substructure,ether,,,,26.666666666666668,40.0,-13.333333333333332,0.411756597048106,0.5813003057340738,0.7152893232617163,False,2023.09.5
381,substructure,amine_primary,,,,13.333333333333334,10.0,3.333333333333334,1.0,0.5813003057340738,1.0,False,2023.09.5
381,substructure,amine_secondary,,,,13.333333333333334,46.666666666666664,-33.33333333333333,0.010122970908879406,0.5813003057340738,0.03255632967364223,False,2023.09.5
381,substructure,amine_tertiary,,,,0.0,20.0,-20.0,0.023720703916957266,0.5813003057340738,0.067078762005167,False,2023.09.5
381,substructure,ketone,,,,40.0,16.666666666666664,23.333333333333336,0.08403556788590366,0.5813003057340738,0.19850645182595025,False,2023.09.5
381,substructure,alkyne,,,,53.333333333333336,6.666666666666667,46.66666666666667,0.0001447265143279506,0.5813003057340738,0.000683737792630497,True,2023.09.5
387,descriptor,MolWt,341.19563333333343,303.8128666666667,37.382766666666726,,,,0.007958995661045572,0.7503899669308043,0.026041044481057374,False,2023.09.5
387,descriptor,MolLogP,2.729298000000001,2.3012560000000013,0.4280419999999996,,,,0.23984999119107964,0.7503899669308043,0.46117829777828284,False,2023.09.5
387,descriptor,TPSA,92.95566666666667,67.39233333333333,25.563333333333347,,,,6.353059168950582e-05,0.7503899669308043,0.00032346177288613713,False,2023.09.5
387,descriptor,QED,0.6399854766749732,0.7501584360360359,-0.11017295936106275,,,,0.0019526766739305424,0.7503899669308043,0.007389781049760472,False,2023.09.5
387,descriptor,NumRotatableBonds,3.2666666666666666,4.1,-0.833333333333333,,,,0.037514534669599135,0.7503899669308043,0.10075986618517163,False,2023.09.5
387,descriptor,NumHDonors,2.466666666666667,1.3666666666666667,1.1,,,,2.877640128480948e-07,0.7503899669308043,2.1908802439723215e-06,False,2023.09.5
387,descriptor,NumHAcceptors,4.2,4.2,0.0,,,,0.9033696875702921,0.7503899669308043,1.0,False,2023.09.5
387,descriptor,NumAromaticRings,3.066666666666667,1.0666666666666667,2.0,,,,4.451294634473825e-09,0.7503899669308043,4.936323657669992e-08,False,2023.09.5
387,descriptor,NumAliphaticRings,0.43333333333333335,1.3666666666666667,-0.9333333333333333,,,,8.604078777347054e-05,0.7503899669308043,0.0004210574521571939,False,2023.09.5
387,descriptor,HeavyAtomCount,22.966666666666665,21.266666666666666,1.6999999999999993,,,,0.01197356118423621,0.7503899669308043,0.036832423254383184,False,2023.09.5
387,descriptor,FractionCSP3,0.2355869748013711,0.6083759783363364,-0.37278900353496525,,,,6.243511303218975e-07,0.7503899669308043,4.469812160839769e-06,False,2023.09.5
387,substructure,halogen_F,,,,40.0,16.666666666666664,23.333333333333336,0.08403556788590366,0.7503899669308043,0.19850645182595025,False,2023.09.5
387,substructure,halogen_Cl,,,,10.0,13.333333333333334,-3.333333333333334,1.0,0.7503899669308043,1.0,False,2023.09.5
387,substructure,halogen_Br,,,,33.33333333333333,0.0,33.33333333333333,0.0007970131314101389,0.7503899669308043,0.0032800155792648026,True,2023.09.5
387,substructure,halogen_I,,,,3.3333333333333335,0.0,3.3333333333333335,1.0,0.7503899669308043,1.0,False,2023.09.5
387,substructure,boron,,,,0.0,0.0,0.0,1.0,0.7503899669308043,1.0,False,2023.09.5
387,substructure,boronic_acid_or_ester,,,,0.0,0.0,0.0,1.0,0.7503899669308043,1.0,False,2023.09.5
387,substructure,nitro,,,,0.0,0.0,0.0,1.0,0.7503899669308043,1.0,False,2023.09.5
387,substructure,nitrile,,,,16.666666666666664,23.333333333333332,-6.666666666666668,0.7480497930241055,0.7503899669308043,1.0,False,2023.09.5
387,substructure,aromatic_N,,,,100.0,46.666666666666664,53.333333333333336,1.9440445652776148e-06,0.7503899669308043,1.280611053899181e-05,True,2023.09.5
387,substructure,aromatic_O,,,,3.3333333333333335,3.3333333333333335,0.0,1.0,0.7503899669308043,1.0,False,2023.09.5
387,substructure,aromatic_S,,,,6.666666666666667,6.666666666666667,0.0,1.0,0.7503899669308043,1.0,False,2023.09.5
387,substructure,pyridine,,,,20.0,23.333333333333332,-3.333333333333332,1.0,0.7503899669308043,1.0,False,2023.09.5
387,substructure,benzene,,,,63.33333333333333,36.666666666666664,26.666666666666664,0.06984870998949959,0.7503899669308043,0.16913213629873325,False,2023.09.5
387,substructure,phenol,,,,0.0,0.0,0.0,1.0,0.7503899669308043,1.0,False,2023.09.5
387,substructure,alcohol,,,,6.666666666666667,23.333333333333332,-16.666666666666664,0.1454992249936118,0.7503899669308043,0.30902973806314865,False,2023.09.5
387,substructure,carboxylic_acid,,,,13.333333333333334,10.0,3.333333333333334,1.0,0.7503899669308043,1.0,False,2023.09.5
387,substructure,ester,,,,3.3333333333333335,23.333333333333332,-20.0,0.05231484385878206,0.7503899669308043,0.13009702690761193,False,2023.09.5
387,substructure,amide,,,,6.666666666666667,43.333333333333336,-36.66666666666667,0.002128557265634993,0.7503899669308043,0.00798763811815065,True,2023.09.5
387,substructure,urea,,,,0.0,0.0,0.0,1.0,0.7503899669308043,1.0,False,2023.09.5
387,substructure,sulfone,,,,0.0,13.333333333333334,-13.333333333333334,0.11239964317573597,0.7503899669308043,0.2485978700182898,False,2023.09.5
387,substructure,ether,,,,16.666666666666664,40.0,-23.333333333333336,0.08403556788590366,0.7503899669308043,0.19850645182595025,False,2023.09.5
387,substructure,amine_primary,,,,3.3333333333333335,16.666666666666664,-13.33333333333333,0.19450977211904957,0.7503899669308043,0.3940963090170508,False,2023.09.5
387,substructure,amine_secondary,,,,16.666666666666664,50.0,-33.333333333333336,0.01269894629179263,0.7503899669308043,0.03846605077980644,False,2023.09.5
387,substructure,amine_tertiary,,,,0.0,16.666666666666664,-16.666666666666664,0.052185548617305996,0.7503899669308043,0.13009702690761193,False,2023.09.5
387,substructure,ketone,,,,13.333333333333334,6.666666666666667,6.666666666666667,0.6707485199902685,0.7503899669308043,0.984610081809964,False,2023.09.5
387,substructure,alkyne,,,,0.0,3.3333333333333335,-3.3333333333333335,1.0,0.7503899669308043,1.0,False,2023.09.5
391,descriptor,MolWt,213.29503333333332,347.68960000000004,-134.39456666666672,,,,8.152744512218774e-11,0.19186372995569975,1.6552161807114936e-09,False,2023.09.5
391,descriptor,MolLogP,3.091858666666668,2.778447333333335,0.3134113333333328,,,,0.4552969069031376,0.19186372995569975,0.7699788357238453,False,2023.09.5
391,descriptor,TPSA,21.93266666666667,75.06766666666665,-53.134999999999984,,,,5.866005102972701e-11,0.19186372995569975,1.3046918091387035e-09,False,2023.09.5
391,descriptor,QED,0.6703489714159461,0.746717046425012,-0.07636807500906595,,,,0.045146208380795055,0.19186372995569975,0.11805405480816884,False,2023.09.5
391,descriptor,NumRotatableBonds,2.466666666666667,4.4,-1.9333333333333336,,,,9.114782920937963e-05,0.19186372995569975,0.00044494976059178046,False,2023.09.5
391,descriptor,NumHDonors,0.43333333333333335,1.3,-0.8666666666666667,,,,8.659206018669975e-05,0.19186372995569975,0.0004232320571347461,False,2023.09.5
391,descriptor,NumHAcceptors,1.3666666666666667,4.666666666666667,-3.3000000000000003,,,,6.361248324247411e-10,0.19186372995569975,9.124703665107066e-09,False,2023.09.5
391,descriptor,NumAromaticRings,0.8,1.8,-1.0,,,,1.3176668488177085e-05,0.19186372995569975,7.649036736758516e-05,False,2023.09.5
391,descriptor,NumAliphaticRings,1.2666666666666666,1.0666666666666667,0.19999999999999996,,,,0.3947512043098266,0.19186372995569975,0.6918193970175314,False,2023.09.5
391,descriptor,HeavyAtomCount,14.7,23.9,-9.2,,,,1.4527209937044092e-11,0.19186372995569975,8.023908189881195e-10,False,2023.09.5
391,descriptor,FractionCSP3,0.5362876012876013,0.4414423032534487,0.09484529803415265,,,,0.14107851025838655,0.19186372995569975,0.30470803170373834,False,2023.09.5
391,substructure,halogen_F,,,,3.3333333333333335,36.666666666666664,-33.33333333333333,0.0024658610351383074,0.19186372995569975,0.009140771384000523,True,2023.09.5
391,substructure,halogen_Cl,,,,6.666666666666667,13.333333333333334,-6.666666666666667,0.6707485199902685,0.19186372995569975,0.984610081809964,False,2023.09.5
391,substructure,halogen_Br,,,,13.333333333333334,20.0,-6.666666666666666,0.7306423241784982,0.19186372995569975,1.0,False,2023.09.5
391,substructure,halogen_I,,,,0.0,0.0,0.0,1.0,0.19186372995569975,1.0,False,2023.09.5
391,substructure,boron,,,,0.0,0.0,0.0,1.0,0.19186372995569975,1.0,False,2023.09.5
391,substructure,boronic_acid_or_ester,,,,0.0,0.0,0.0,1.0,0.19186372995569975,1.0,False,2023.09.5
391,substructure,nitro,,,,0.0,0.0,0.0,1.0,0.19186372995569975,1.0,False,2023.09.5
391,substructure,nitrile,,,,3.3333333333333335,26.666666666666668,-23.333333333333336,0.025690734963116434,0.19186372995569975,0.07142529474647329,False,2023.09.5
391,substructure,aromatic_N,,,,6.666666666666667,70.0,-63.333333333333336,5.474571568875942e-07,0.19186372995569975,4.0136720076259e-06,True,2023.09.5
391,substructure,aromatic_O,,,,3.3333333333333335,6.666666666666667,-3.3333333333333335,1.0,0.19186372995569975,1.0,False,2023.09.5
391,substructure,aromatic_S,,,,6.666666666666667,6.666666666666667,0.0,1.0,0.19186372995569975,1.0,False,2023.09.5
391,substructure,pyridine,,,,0.0,20.0,-20.0,0.023720703916957266,0.19186372995569975,0.067078762005167,False,2023.09.5
391,substructure,benzene,,,,60.0,76.66666666666667,-16.66666666666667,0.2668356607208132,0.19186372995569975,0.49948103110813213,False,2023.09.5
391,substructure,phenol,,,,0.0,0.0,0.0,1.0,0.19186372995569975,1.0,False,2023.09.5
391,substructure,alcohol,,,,26.666666666666668,10.0,16.666666666666668,0.18058040377378287,0.19186372995569975,0.37607460207280724,False,2023.09.5
391,substructure,carboxylic_acid,,,,6.666666666666667,30.0,-23.333333333333332,0.04190011890841873,0.19186372995569975,0.11022097724812609,False,2023.09.5
391,substructure,ester,,,,6.666666666666667,26.666666666666668,-20.0,0.07972201478079077,0.19186372995569975,0.1899034034399222,False,2023.09.5
391,substructure,amide,,,,3.3333333333333335,40.0,-36.666666666666664,0.001050756087532551,0.19186372995569975,0.004219009483307677,True,2023.09.5
391,substructure,urea,,,,0.0,0.0,0.0,1.0,0.19186372995569975,1.0,False,2023.09.5
391,substructure,sulfone,,,,0.0,0.0,0.0,1.0,0.19186372995569975,1.0,False,2023.09.5
391,substructure,ether,,,,30.0,36.666666666666664,-6.666666666666664,0.7846525735627773,0.19186372995569975,1.0,False,2023.09.5
391,substructure,amine_primary,,,,0.0,23.333333333333332,-23.333333333333332,0.010542535074203226,0.19186372995569975,0.03268433544148048,False,2023.09.5
391,substructure,amine_secondary,,,,3.3333333333333335,16.666666666666664,-13.33333333333333,0.19450977211904957,0.19186372995569975,0.3940963090170508,False,2023.09.5
391,substructure,amine_tertiary,,,,6.666666666666667,26.666666666666668,-20.0,0.07972201478079077,0.19186372995569975,0.1899034034399222,False,2023.09.5
391,substructure,ketone,,,,33.33333333333333,0.0,33.33333333333333,0.0007970131314101389,0.19186372995569975,0.0032800155792648026,True,2023.09.5
391,substructure,alkyne,,,,10.0,3.3333333333333335,6.666666666666666,0.6119536128456737,0.19186372995569975,0.9176986186575842,False,2023.09.5
400,descriptor,MolWt,134.53689999999997,350.81086666666675,-216.27396666666678,,,,3.019859359162157e-11,0.33961440069882076,8.023908189881195e-10,False,2023.09.5
400,descriptor,MolLogP,0.48924000000000006,2.8527080000000016,-2.3634680000000015,,,,3.1967402228021653e-09,0.33961440069882076,3.777878967783216e-08,False,2023.09.5
400,descriptor,TPSA,48.27833333333334,70.65766666666667,-22.379333333333328,,,,3.155671620889871e-05,0.33961440069882076,0.0001709070307401231,False,2023.09.5
400,descriptor,QED,0.4861314365625597,0.7937097062786921,-0.3075782697161324,,,,2.371469434621338e-10,0.33961440069882076,3.895704353388331e-09,False,2023.09.5
400,descriptor,NumRotatableBonds,0.7666666666666667,4.033333333333333,-3.2666666666666666,,,,1.5447949049859164e-10,0.33961440069882076,2.779928649472383e-09,False,2023.09.5
400,descriptor,NumHDonors,0.6666666666666666,1.3666666666666667,-0.7000000000000001,,,,0.0020060401174399616,0.33961440069882076,0.007578161092504587,False,2023.09.5
400,descriptor,NumHAcceptors,2.6333333333333333,4.133333333333334,-1.5000000000000004,,,,1.1935066548561502e-05,0.33961440069882076,6.969163490524335e-05,False,2023.09.5
400,descriptor,NumAromaticRings,0.7,1.7666666666666666,-1.0666666666666667,,,,7.985093153219963e-06,0.33961440069882076,4.782599666202395e-05,False,2023.09.5
400,descriptor,NumAliphaticRings,0.16666666666666666,1.5,-1.3333333333333333,,,,8.506320627176028e-09,0.33961440069882076,8.657203949354729e-08,False,2023.09.5
400,descriptor,HeavyAtomCount,8.166666666666666,24.866666666666667,-16.700000000000003,,,,2.2448668386506737e-11,0.33961440069882076,8.023908189881195e-10,False,2023.09.5
400,descriptor,FractionCSP3,0.4422222222222222,0.44642991684110955,-0.00420769461888737,,,,0.6780675646744343,0.33961440069882076,0.9942479587207723,False,2023.09.5
400,substructure,halogen_F,,,,3.3333333333333335,50.0,-46.666666666666664,6.415347065416128e-05,0.33961440069882076,0.00032346177288613713,True,2023.09.5
400,substructure,halogen_Cl,,,,16.666666666666664,23.333333333333332,-6.666666666666668,0.7480497930241055,0.33961440069882076,1.0,False,2023.09.5
400,substructure,halogen_Br,,,,10.0,0.0,10.0,0.23728813559322035,0.33961440069882076,0.4564741150697567,False,2023.09.5
400,substructure,halogen_I,,,,0.0,0.0,0.0,1.0,0.33961440069882076,1.0,False,2023.09.5
400,substructure,boron,,,,0.0,0.0,0.0,1.0,0.33961440069882076,1.0,False,2023.09.5
400,substructure,boronic_acid_or_ester,,,,0.0,0.0,0.0,1.0,0.33961440069882076,1.0,False,2023.09.5
400,substructure,nitro,,,,0.0,0.0,0.0,1.0,0.33961440069882076,1.0,False,2023.09.5
400,substructure,nitrile,,,,13.333333333333334,26.666666666666668,-13.333333333333334,0.3334117381152047,0.33961440069882076,0.6046619657343543,False,2023.09.5
400,substructure,aromatic_N,,,,56.666666666666664,53.333333333333336,3.3333333333333286,1.0,0.33961440069882076,1.0,False,2023.09.5
400,substructure,aromatic_O,,,,6.666666666666667,6.666666666666667,0.0,1.0,0.33961440069882076,1.0,False,2023.09.5
400,substructure,aromatic_S,,,,13.333333333333334,3.3333333333333335,10.0,0.35325602140945594,0.33961440069882076,0.6254013661859009,False,2023.09.5
400,substructure,pyridine,,,,6.666666666666667,30.0,-23.333333333333332,0.04190011890841873,0.33961440069882076,0.11022097724812609,False,2023.09.5
400,substructure,benzene,,,,0.0,83.33333333333334,-83.33333333333334,5.48992768087473e-12,0.33961440069882076,8.023908189881195e-10,True,2023.09.5
400,substructure,phenol,,,,0.0,6.666666666666667,-6.666666666666667,0.4915254237288137,0.33961440069882076,0.7853847222987215,False,2023.09.5
400,substructure,alcohol,,,,0.0,13.333333333333334,-13.333333333333334,0.11239964317573597,0.33961440069882076,0.2485978700182898,False,2023.09.5
400,substructure,carboxylic_acid,,,,0.0,26.666666666666668,-26.666666666666668,0.004575062390691967,0.33961440069882076,0.015888308776096052,False,2023.09.5
400,substructure,ester,,,,0.0,6.666666666666667,-6.666666666666667,0.4915254237288137,0.33961440069882076,0.7853847222987215,False,2023.09.5
400,substructure,amide,,,,3.3333333333333335,63.33333333333333,-59.99999999999999,7.96243282730887e-07,0.33961440069882076,5.639225682167409e-06,True,2023.09.5
400,substructure,urea,,,,3.3333333333333335,0.0,3.3333333333333335,1.0,0.33961440069882076,1.0,False,2023.09.5
400,substructure,sulfone,,,,16.666666666666664,6.666666666666667,9.999999999999996,0.42380990998296975,0.33961440069882076,0.7210414411785893,False,2023.09.5
400,substructure,ether,,,,3.3333333333333335,36.666666666666664,-33.33333333333333,0.0024658610351383074,0.33961440069882076,0.009140771384000523,True,2023.09.5
400,substructure,amine_primary,,,,20.0,16.666666666666664,3.3333333333333357,1.0,0.33961440069882076,1.0,False,2023.09.5
400,substructure,amine_secondary,,,,10.0,33.33333333333333,-23.33333333333333,0.05746627333208208,0.33961440069882076,0.14148568166773196,False,2023.09.5
400,substructure,amine_tertiary,,,,10.0,23.333333333333332,-13.333333333333332,0.2989793821568606,0.33961440069882076,0.5473140939249246,False,2023.09.5
400,substructure,ketone,,,,0.0,6.666666666666667,-6.666666666666667,0.4915254237288137,0.33961440069882076,0.7853847222987215,False,2023.09.5
400,substructure,alkyne,,,,0.0,0.0,0.0,1.0,0.33961440069882076,1.0,False,2023.09.5
406,descriptor,MolWt,116.20406666666666,339.85096666666675,-223.64690000000007,,,,3.3383888204288e-11,0.03528420789917015,8.209118844768709e-10,False,2023.09.5
406,descriptor,MolLogP,0.3538060000000001,2.6078306666666675,-2.2540246666666675,,,,2.2272692640697765e-09,0.03528420789917015,2.7384344771590822e-08,False,2023.09.5
406,descriptor,TPSA,41.76,69.40966666666667,-27.64966666666667,,,,8.387839007920535e-05,0.03528420789917015,0.00041098334941036383,False,2023.09.5
406,descriptor,QED,0.4421546492137874,0.7734168840049443,-0.33126223479115696,,,,8.48477290014798e-09,0.03528420789917015,8.657203949354729e-08,False,2023.09.5
406,descriptor,NumRotatableBonds,1.2,3.966666666666667,-2.7666666666666666,,,,2.498157375991213e-08,0.03528420789917015,2.3660777635285196e-07,False,2023.09.5
406,descriptor,NumHDonors,0.6333333333333333,1.2333333333333334,-0.6000000000000001,,,,0.005922865872898895,0.03528420789917015,0.019966978803740966,False,2023.09.5
406,descriptor,NumHAcceptors,2.2333333333333334,4.233333333333333,-2.0,,,,3.136244345773844e-06,0.03528420789917015,2.0180495128371967e-05,False,2023.09.5
406,descriptor,NumAromaticRings,0.13333333333333333,1.7,-1.5666666666666667,,,,9.946265830096289e-11,0.03528420789917015,1.96886332106756e-09,False,2023.09.5
406,descriptor,NumAliphaticRings,0.23333333333333334,1.2333333333333334,-1.0,,,,6.598925836242284e-05,0.03528420789917015,0.00033153740337161423,False,2023.09.5
406,descriptor,HeavyAtomCount,6.866666666666666,22.933333333333334,-16.066666666666666,,,,2.3255900637400533e-11,0.03528420789917015,8.023908189881195e-10,False,2023.09.5
406,descriptor,FractionCSP3,0.7438888888888889,0.4312434808913137,0.31264540799757523,,,,9.366668700353237e-05,0.03528420789917015,0.0004561210502422936,False,2023.09.5
406,substructure,halogen_F,,,,6.666666666666667,36.666666666666664,-29.999999999999996,0.010248938246969973,0.03528420789917015,0.03268433544148048,False,2023.09.5
406,substructure,halogen_Cl,,,,16.666666666666664,33.33333333333333,-16.666666666666664,0.2325984703938369,0.03528420789917015,0.4564741150697567,False,2023.09.5
406,substructure,halogen_Br,,,,3.3333333333333335,16.666666666666664,-13.33333333333333,0.19450977211904957,0.03528420789917015,0.3940963090170508,False,2023.09.5
406,substructure,halogen_I,,,,0.0,0.0,0.0,1.0,0.03528420789917015,1.0,False,2023.09.5
406,substructure,boron,,,,0.0,0.0,0.0,1.0,0.03528420789917015,1.0,False,2023.09.5
406,substructure,boronic_acid_or_ester,,,,0.0,0.0,0.0,1.0,0.03528420789917015,1.0,False,2023.09.5
406,substructure,nitro,,,,0.0,0.0,0.0,1.0,0.03528420789917015,1.0,False,2023.09.5
406,substructure,nitrile,,,,6.666666666666667,10.0,-3.333333333333333,1.0,0.03528420789917015,1.0,False,2023.09.5
406,substructure,aromatic_N,,,,13.333333333333334,56.666666666666664,-43.33333333333333,0.0009162440773562211,0.03528420789917015,0.0037357469642155298,True,2023.09.5
406,substructure,aromatic_O,,,,6.666666666666667,3.3333333333333335,3.3333333333333335,1.0,0.03528420789917015,1.0,False,2023.09.5
406,substructure,aromatic_S,,,,6.666666666666667,6.666666666666667,0.0,1.0,0.03528420789917015,1.0,False,2023.09.5
406,substructure,pyridine,,,,0.0,20.0,-20.0,0.023720703916957266,0.03528420789917015,0.067078762005167,False,2023.09.5
406,substructure,benzene,,,,0.0,63.33333333333333,-63.33333333333333,5.3430400314183914e-08,0.03528420789917015,4.764210694681399e-07,True,2023.09.5
406,substructure,phenol,,,,0.0,6.666666666666667,-6.666666666666667,0.4915254237288137,0.03528420789917015,0.7853847222987215,False,2023.09.5
406,substructure,alcohol,,,,0.0,16.666666666666664,-16.666666666666664,0.052185548617305996,0.03528420789917015,0.13009702690761193,False,2023.09.5
406,substructure,carboxylic_acid,,,,0.0,6.666666666666667,-6.666666666666667,0.4915254237288137,0.03528420789917015,0.7853847222987215,False,2023.09.5
406,substructure,ester,,,,3.3333333333333335,6.666666666666667,-3.3333333333333335,1.0,0.03528420789917015,1.0,False,2023.09.5
406,substructure,amide,,,,10.0,63.33333333333333,-53.33333333333333,3.324669067805033e-05,0.03528420789917015,0.0001793237716544976,True,2023.09.5
406,substructure,urea,,,,6.666666666666667,0.0,6.666666666666667,0.4915254237288137,0.03528420789917015,0.7853847222987215,False,2023.09.5
406,substructure,sulfone,,,,16.666666666666664,16.666666666666664,0.0,1.0,0.03528420789917015,1.0,False,2023.09.5
406,substructure,ether,,,,23.333333333333332,23.333333333333332,0.0,1.0,0.03528420789917015,1.0,False,2023.09.5
406,substructure,amine_primary,,,,26.666666666666668,23.333333333333332,3.3333333333333357,1.0,0.03528420789917015,1.0,False,2023.09.5
406,substructure,amine_secondary,,,,10.0,36.666666666666664,-26.666666666666664,0.03034142126191129,0.03528420789917015,0.0827284344186686,False,2023.09.5
406,substructure,amine_tertiary,,,,10.0,16.666666666666664,-6.666666666666664,0.7064691994252865,0.03528420789917015,1.0,False,2023.09.5
406,substructure,ketone,,,,0.0,6.666666666666667,-6.666666666666667,0.4915254237288137,0.03528420789917015,0.7853847222987215,False,2023.09.5
406,substructure,alkyne,,,,0.0,10.0,-10.0,0.23728813559322035,0.03528420789917015,0.4564741150697567,False,2023.09.5
410,descriptor,MolWt,114.44973333333333,335.2934666666668,-220.8437333333335,,,,3.019859359162157e-11,0.04561053222686716,8.023908189881195e-10,False,2023.09.5
410,descriptor,MolLogP,1.3522166666666666,2.4728706666666675,-1.120654000000001,,,,0.0003367900904319431,0.04561053222686716,0.001478217259445746,False,2023.09.5
410,descriptor,TPSA,18.898000000000003,72.411,-53.513,,,,1.1845255423139864e-10,0.04561053222686716,2.262198681809413e-09,False,2023.09.5
410,descriptor,QED,0.45653722561639554,0.7615274207385571,-0.3049901951221615,,,,2.438626624144956e-09,0.04561053222686716,2.9524534571834495e-08,False,2023.09.5
410,descriptor,NumRotatableBonds,0.8333333333333334,4.1,-3.266666666666666,,,,1.4124399942320025e-09,0.04561053222686716,1.827401940249836e-08,False,2023.09.5
410,descriptor,NumHDonors,0.1,1.2,-1.0999999999999999,,,,6.057288086843289e-08,0.04561053222686716,5.305487507923137e-07,False,2023.09.5
410,descriptor,NumHAcceptors,1.2,4.666666666666667,-3.466666666666667,,,,7.85858998321173e-11,0.04561053222686716,1.6289087823840442e-09,False,2023.09.5
410,descriptor,NumAromaticRings,0.3,1.7,-1.4,,,,1.8363894008914996e-08,0.04561053222686716,1.7819278524827076e-07,False,2023.09.5
410,descriptor,NumAliphaticRings,0.5,1.2666666666666666,-0.7666666666666666,,,,0.010685781322701402,0.04561053222686716,0.03307662881671216,False,2023.09.5
410,descriptor,HeavyAtomCount,7.333333333333333,23.1,-15.76666666666667,,,,2.4998175298546228e-11,0.04561053222686716,8.023908189881195e-10,False,2023.09.5
410,descriptor,FractionCSP3,0.6252777777777777,0.488444420503244,0.13683335727453372,,,,0.06601341818951992,0.04561053222686716,0.1606312984709953,False,2023.09.5
410,substructure,halogen_F,,,,16.666666666666664,23.333333333333332,-6.666666666666668,0.7480497930241055,0.04561053222686716,1.0,False,2023.09.5
410,substructure,halogen_Cl,,,,16.666666666666664,10.0,6.666666666666664,0.7064691994252865,0.04561053222686716,1.0,False,2023.09.5
410,substructure,halogen_Br,,,,6.666666666666667,13.333333333333334,-6.666666666666667,0.6707485199902685,0.04561053222686716,0.984610081809964,False,2023.09.5
410,substructure,halogen_I,,,,0.0,0.0,0.0,1.0,0.04561053222686716,1.0,False,2023.09.5
410,substructure,boron,,,,6.666666666666667,0.0,6.666666666666667,0.4915254237288137,0.04561053222686716,0.7853847222987215,False,2023.09.5
410,substructure,boronic_acid_or_ester,,,,0.0,0.0,0.0,1.0,0.04561053222686716,1.0,False,2023.09.5
410,substructure,nitro,,,,0.0,0.0,0.0,1.0,0.04561053222686716,1.0,False,2023.09.5
410,substructure,nitrile,,,,0.0,26.666666666666668,-26.666666666666668,0.004575062390691967,0.04561053222686716,0.015888308776096052,False,2023.09.5
410,substructure,aromatic_N,,,,23.333333333333332,66.66666666666666,-43.33333333333333,0.001603394571317411,0.04561053222686716,0.006260196358822121,True,2023.09.5
410,substructure,aromatic_O,,,,3.3333333333333335,13.333333333333334,-10.0,0.35325602140945594,0.04561053222686716,0.6254013661859009,False,2023.09.5
410,substructure,aromatic_S,,,,6.666666666666667,10.0,-3.333333333333333,1.0,0.04561053222686716,1.0,False,2023.09.5
410,substructure,pyridine,,,,10.0,16.666666666666664,-6.666666666666664,0.7064691994252865,0.04561053222686716,1.0,False,2023.09.5
410,substructure,benzene,,,,3.3333333333333335,50.0,-46.666666666666664,6.415347065416128e-05,0.04561053222686716,0.00032346177288613713,True,2023.09.5
410,substructure,phenol,,,,0.0,0.0,0.0,1.0,0.04561053222686716,1.0,False,2023.09.5
410,substructure,alcohol,,,,0.0,13.333333333333334,-13.333333333333334,0.11239964317573597,0.04561053222686716,0.2485978700182898,False,2023.09.5
410,substructure,carboxylic_acid,,,,0.0,13.333333333333334,-13.333333333333334,0.11239964317573597,0.04561053222686716,0.2485978700182898,False,2023.09.5
410,substructure,ester,,,,6.666666666666667,16.666666666666664,-9.999999999999996,0.42380990998296975,0.04561053222686716,0.7210414411785893,False,2023.09.5
410,substructure,amide,,,,0.0,50.0,-50.0,5.832133695832843e-06,0.04561053222686716,3.5964824457635866e-05,True,2023.09.5
410,substructure,urea,,,,0.0,0.0,0.0,1.0,0.04561053222686716,1.0,False,2023.09.5
410,substructure,sulfone,,,,3.3333333333333335,13.333333333333334,-10.0,0.35325602140945594,0.04561053222686716,0.6254013661859009,False,2023.09.5
410,substructure,ether,,,,23.333333333333332,26.666666666666668,-3.3333333333333357,1.0,0.04561053222686716,1.0,False,2023.09.5
410,substructure,amine_primary,,,,3.3333333333333335,16.666666666666664,-13.33333333333333,0.19450977211904957,0.04561053222686716,0.3940963090170508,False,2023.09.5
410,substructure,amine_secondary,,,,0.0,30.0,-30.0,0.0019356033191389092,0.04561053222686716,0.007333065588967408,False,2023.09.5
410,substructure,amine_tertiary,,,,0.0,23.333333333333332,-23.333333333333332,0.010542535074203226,0.04561053222686716,0.03268433544148048,False,2023.09.5
410,substructure,ketone,,,,6.666666666666667,3.3333333333333335,3.3333333333333335,1.0,0.04561053222686716,1.0,False,2023.09.5
410,substructure,alkyne,,,,0.0,3.3333333333333335,-3.3333333333333335,1.0,0.04561053222686716,1.0,False,2023.09.5
419,descriptor,MolWt,400.1280000000001,327.4127666666667,72.7152333333334,,,,7.596465466692694e-07,0.14260310725650466,5.418812032907455e-06,False,2023.09.5
419,descriptor,MolLogP,3.3055666666666683,2.6682820000000005,0.6372846666666678,,,,0.016283322893916402,0.14260310725650466,0.04843843623260436,False,2023.09.5
419,descriptor,TPSA,119.906,71.11833333333333,48.78766666666668,,,,1.0153351036829117e-09,0.14260310725650466,1.360839474895009e-08,False,2023.09.5
419,descriptor,QED,0.5578750412824248,0.7700609305464933,-0.21218588926406845,,,,5.092196223484032e-08,0.14260310725650466,4.571429670923647e-07,False,2023.09.5
419,descriptor,NumRotatableBonds,5.0,4.0,1.0,,,,0.006344951556953368,0.14260310725650466,0.021180154480588857,False,2023.09.5
419,descriptor,NumHDonors,1.1333333333333333,1.1666666666666667,-0.03333333333333344,,,,0.7383967792974577,0.14260310725650466,1.0,False,2023.09.5
419,descriptor,NumHAcceptors,6.266666666666667,4.4,1.8666666666666663,,,,2.366634686508407e-05,0.14260310725650466,0.00013013203783176087,False,2023.09.5
419,descriptor,NumAromaticRings,1.7,1.7666666666666666,-0.06666666666666665,,,,0.9668468086938741,0.14260310725650466,1.0,False,2023.09.5
419,descriptor,NumAliphaticRings,0.8666666666666667,1.0,-0.1333333333333333,,,,0.7109650488083437,0.14260310725650466,1.0,False,2023.09.5
419,descriptor,HeavyAtomCount,24.466666666666665,23.033333333333335,1.43333333333333,,,,0.01066660989326458,0.14260310725650466,0.033043120944784406,False,2023.09.5
419,descriptor,FractionCSP3,0.32050546131428476,0.41822917479264227,-0.09772371347835751,,,,0.040447224773268294,0.14260310725650466,0.10783202887364929,False,2023.09.5
419,substructure,halogen_F,,,,10.0,40.0,-30.0,0.01533162169738991,0.14260310725650466,0.04570624269575802,False,2023.09.5
419,substructure,halogen_Cl,,,,3.3333333333333335,16.666666666666664,-13.33333333333333,0.19450977211904957,0.14260310725650466,0.3940963090170508,False,2023.09.5
419,substructure,halogen_Br,,,,90.0,6.666666666666667,83.33333333333333,3.1091066753433604e-11,0.14260310725650466,8.205968885122909e-10,True,2023.09.5
419,substructure,halogen_I,,,,0.0,0.0,0.0,1.0,0.14260310725650466,1.0,False,2023.09.5
419,substructure,boron,,,,0.0,0.0,0.0,1.0,0.14260310725650466,1.0,False,2023.09.5
419,substructure,boronic_acid_or_ester,,,,0.0,0.0,0.0,1.0,0.14260310725650466,1.0,False,2023.09.5
419,substructure,nitro,,,,0.0,0.0,0.0,1.0,0.14260310725650466,1.0,False,2023.09.5
419,substructure,nitrile,,,,3.3333333333333335,16.666666666666664,-13.33333333333333,0.19450977211904957,0.14260310725650466,0.3940963090170508,False,2023.09.5
419,substructure,aromatic_N,,,,20.0,63.33333333333333,-43.33333333333333,0.0014305830891172976,0.14260310725650466,0.005669347797612995,True,2023.09.5
419,substructure,aromatic_O,,,,6.666666666666667,3.3333333333333335,3.3333333333333335,1.0,0.14260310725650466,1.0,False,2023.09.5
419,substructure,aromatic_S,,,,3.3333333333333335,0.0,3.3333333333333335,1.0,0.14260310725650466,1.0,False,2023.09.5
419,substructure,pyridine,,,,10.0,26.666666666666668,-16.666666666666668,0.18058040377378287,0.14260310725650466,0.37607460207280724,False,2023.09.5
419,substructure,benzene,,,,96.66666666666667,70.0,26.66666666666667,0.012182915008697838,0.14260310725650466,0.037073144134846074,False,2023.09.5
419,substructure,phenol,,,,6.666666666666667,10.0,-3.333333333333333,1.0,0.14260310725650466,1.0,False,2023.09.5
419,substructure,alcohol,,,,30.0,6.666666666666667,23.333333333333332,0.04190011890841873,0.14260310725650466,0.11022097724812609,False,2023.09.5
419,substructure,carboxylic_acid,,,,36.666666666666664,26.666666666666668,9.999999999999996,0.5795597864797081,0.14260310725650466,0.8969809205133561,False,2023.09.5
419,substructure,ester,,,,3.3333333333333335,13.333333333333334,-10.0,0.35325602140945594,0.14260310725650466,0.6254013661859009,False,2023.09.5
419,substructure,amide,,,,0.0,46.666666666666664,-46.666666666666664,1.6767384375519427e-05,0.14260310725650466,9.49672027792295e-05,True,2023.09.5
419,substructure,urea,,,,0.0,0.0,0.0,1.0,0.14260310725650466,1.0,False,2023.09.5
419,substructure,sulfone,,,,0.0,3.3333333333333335,-3.3333333333333335,1.0,0.14260310725650466,1.0,False,2023.09.5
419,substructure,ether,,,,6.666666666666667,40.0,-33.333333333333336,0.004769170151985977,0.14260310725650466,0.016418386636271726,False,2023.09.5
419,substructure,amine_primary,,,,6.666666666666667,26.666666666666668,-20.0,0.07972201478079077,0.14260310725650466,0.1899034034399222,False,2023.09.5
419,substructure,amine_secondary,,,,30.0,10.0,20.0,0.10416473660307204,0.14260310725650466,0.23892711020368612,False,2023.09.5
419,substructure,amine_tertiary,,,,70.0,20.0,50.0,0.00021334221137024294,0.14260310725650466,0.0009787043045362594,True,2023.09.5
419,substructure,ketone,,,,0.0,10.0,-10.0,0.23728813559322035,0.14260310725650466,0.4564741150697567,False,2023.09.5
419,substructure,alkyne,,,,0.0,6.666666666666667,-6.666666666666667,0.4915254237288137,0.14260310725650466,0.7853847222987215,False,2023.09.5
424,descriptor,MolWt,106.40500000000002,369.44060000000013,-263.0356000000001,,,,3.019859359162157e-11,0.4683034878642291,8.023908189881195e-10,False,2023.09.5
424,descriptor,MolLogP,0.5195696666666667,3.1242493333333345,-2.6046796666666676,,,,4.9751664405934084e-11,0.4683034878642291,1.117478102551713e-09,False,2023.09.5
424,descriptor,TPSA,34.90966666666667,69.90399999999998,-34.99433333333331,,,,1.655744273878432e-07,0.4683034878642291,1.3432564713698178e-06,False,2023.09.5
424,descriptor,QED,0.43082623466320197,0.7821827362571511,-0.3513565015939491,,,,7.380285855777029e-10,0.4683034878642291,1.0288222430641288e-08,False,2023.09.5
424,descriptor,NumRotatableBonds,0.9333333333333333,4.833333333333333,-3.8999999999999995,,,,1.8441412662189918e-10,0.4683034878642291,3.174328379548256e-09,False,2023.09.5
424,descriptor,NumHDonors,0.43333333333333335,1.3333333333333333,-0.8999999999999999,,,,3.4672205131551796e-05,0.4683034878642291,0.00018675817702831776,False,2023.09.5
424,descriptor,NumHAcceptors,2.033333333333333,4.466666666666667,-2.4333333333333336,,,,3.5756905484883686e-07,0.4683034878642291,2.686178155875797e-06,False,2023.09.5
424,descriptor,NumAromaticRings,0.2,1.9,-1.7,,,,8.735773914544861e-11,0.4683034878642291,1.7645371901879136e-09,False,2023.09.5
424,descriptor,NumAliphaticRings,0.26666666666666666,1.4333333333333333,-1.1666666666666667,,,,3.5566719220756068e-06,0.4683034878642291,2.26380452403494e-05,False,2023.09.5
424,descriptor,HeavyAtomCount,6.733333333333333,25.366666666666667,-18.633333333333333,,,,2.239097091981571e-11,0.4683034878642291,8.023908189881195e-10,False,2023.09.5
424,descriptor,FractionCSP3,0.6772222222222221,0.4456508843280281,0.23157133789419398,,,,0.002944675454905655,0.4683034878642291,0.010794416783306933,False,2023.09.5
424,substructure,halogen_F,,,,6.666666666666667,40.0,-33.333333333333336,0.004769170151985977,0.4683034878642291,0.016418386636271726,False,2023.09.5
424,substructure,halogen_Cl,,,,13.333333333333334,16.666666666666664,-3.3333333333333304,1.0,0.4683034878642291,1.0,False,2023.09.5
424,substructure,halogen_Br,,,,3.3333333333333335,13.333333333333334,-10.0,0.35325602140945594,0.4683034878642291,0.6254013661859009,False,2023.09.5
424,substructure,halogen_I,,,,0.0,0.0,0.0,1.0,0.4683034878642291,1.0,False,2023.09.5
424,substructure,boron,,,,0.0,0.0,0.0,1.0,0.4683034878642291,1.0,False,2023.09.5
424,substructure,boronic_acid_or_ester,,,,0.0,0.0,0.0,1.0,0.4683034878642291,1.0,False,2023.09.5
424,substructure,nitro,,,,0.0,0.0,0.0,1.0,0.4683034878642291,1.0,False,2023.09.5
424,substructure,nitrile,,,,6.666666666666667,16.666666666666664,-9.999999999999996,0.42380990998296975,0.4683034878642291,0.7210414411785893,False,2023.09.5
424,substructure,aromatic_N,,,,20.0,60.0,-40.0,0.003329949289659802,0.4683034878642291,0.012083656496574845,False,2023.09.5
424,substructure,aromatic_O,,,,6.666666666666667,10.0,-3.333333333333333,1.0,0.4683034878642291,1.0,False,2023.09.5
424,substructure,aromatic_S,,,,3.3333333333333335,16.666666666666664,-13.33333333333333,0.19450977211904957,0.4683034878642291,0.3940963090170508,False,2023.09.5
424,substructure,pyridine,,,,6.666666666666667,16.666666666666664,-9.999999999999996,0.42380990998296975,0.4683034878642291,0.7210414411785893,False,2023.09.5
424,substructure,benzene,,,,0.0,76.66666666666667,-76.66666666666667,1.741091350220272e-10,0.4683034878642291,3.036555354855532e-09,True,2023.09.5
424,substructure,phenol,,,,0.0,3.3333333333333335,-3.3333333333333335,1.0,0.4683034878642291,1.0,False,2023.09.5
424,substructure,alcohol,,,,0.0,16.666666666666664,-16.666666666666664,0.052185548617305996,0.4683034878642291,0.13009702690761193,False,2023.09.5
424,substructure,carboxylic_acid,,,,0.0,23.333333333333332,-23.333333333333332,0.010542535074203226,0.4683034878642291,0.03268433544148048,False,2023.09.5
424,substructure,ester,,,,6.666666666666667,16.666666666666664,-9.999999999999996,0.42380990998296975,0.4683034878642291,0.7210414411785893,False,2023.09.5
424,substructure,amide,,,,6.666666666666667,63.33333333333333,-56.666666666666664,6.181636680251984e-06,0.4683034878642291,3.770893623592851e-05,True,2023.09.5
424,substructure,urea,,,,3.3333333333333335,0.0,3.3333333333333335,1.0,0.4683034878642291,1.0,False,2023.09.5
424,substructure,sulfone,,,,3.3333333333333335,10.0,-6.666666666666666,0.6119536128456737,0.4683034878642291,0.9176986186575842,False,2023.09.5
424,substructure,ether,,,,33.33333333333333,30.0,3.3333333333333286,1.0,0.4683034878642291,1.0,False,2023.09.5
424,substructure,amine_primary,,,,20.0,6.666666666666667,13.333333333333332,0.2542143363175797,0.4683034878642291,0.4790264433514032,False,2023.09.5
424,substructure,amine_secondary,,,,6.666666666666667,30.0,-23.333333333333332,0.04190011890841873,0.4683034878642291,0.11022097724812609,False,2023.09.5
424,substructure,amine_tertiary,,,,3.3333333333333335,13.333333333333334,-10.0,0.35325602140945594,0.4683034878642291,0.6254013661859009,False,2023.09.5
424,substructure,ketone,,,,3.3333333333333335,3.3333333333333335,0.0,1.0,0.4683034878642291,1.0,False,2023.09.5
424,substructure,alkyne,,,,0.0,3.3333333333333335,-3.3333333333333335,1.0,0.4683034878642291,1.0,False,2023.09.5
425,descriptor,MolWt,116.08376666666668,362.5743333333334,-246.49056666666672,,,,3.0179667984904466e-11,0.0902227491108754,8.023908189881195e-10,False,2023.09.5
425,descriptor,MolLogP,0.7758386666666667,2.8272426666666672,-2.0514040000000007,,,,5.45909406167198e-09,0.0902227491108754,5.875830166724567e-08,False,2023.09.5
425,descriptor,TPSA,30.612000000000002,71.77433333333333,-41.16233333333333,,,,3.787158883336353e-09,0.0902227491108754,4.2838177197510345e-08,False,2023.09.5
425,descriptor,QED,0.44743357849316984,0.7571952833964922,-0.3097617049033224,,,,4.197345029530687e-10,0.0902227491108754,6.366777383874326e-09,False,2023.09.5
425,descriptor,NumRotatableBonds,1.0333333333333334,3.7,-2.666666666666667,,,,1.1016708533725078e-08,0.0902227491108754,1.1069834793151672e-07,False,2023.09.5
425,descriptor,NumHDonors,0.26666666666666666,1.0666666666666667,-0.8,,,,0.000155785225062627,0.0902227491108754,0.0007324865867255824,False,2023.09.5
425,descriptor,NumHAcceptors,1.9,4.5,-2.6,,,,5.484311288605784e-09,0.0902227491108754,5.8841160952819245e-08,False,2023.09.5
425,descriptor,NumAromaticRings,0.06666666666666667,1.8666666666666667,-1.8,,,,4.517547730566008e-12,0.0902227491108754,8.023908189881195e-10,False,2023.09.5
425,descriptor,NumAliphaticRings,0.36666666666666664,1.3333333333333333,-0.9666666666666666,,,,1.0042788605083373e-05,0.0902227491108754,5.934238819033594e-05,False,2023.09.5
425,descriptor,HeavyAtomCount,7.1,24.866666666666667,-17.766666666666666,,,,2.389008698483234e-11,0.0902227491108754,8.023908189881195e-10,False,2023.09.5
425,descriptor,FractionCSP3,0.7741269841269841,0.4347969141543311,0.339330069972653,,,,1.9065516596222786e-06,0.0902227491108754,1.2675489791008807e-05,False,2023.09.5
425,substructure,halogen_F,,,,20.0,50.0,-30.0,0.029178250088207194,0.0902227491108754,0.08055557329094301,False,2023.09.5
425,substructure,halogen_Cl,,,,3.3333333333333335,10.0,-6.666666666666666,0.6119536128456737,0.0902227491108754,0.9176986186575842,False,2023.09.5
425,substructure,halogen_Br,,,,10.0,16.666666666666664,-6.666666666666664,0.7064691994252865,0.0902227491108754,1.0,False,2023.09.5
425,substructure,halogen_I,,,,0.0,3.3333333333333335,-3.3333333333333335,1.0,0.0902227491108754,1.0,False,2023.09.5
425,substructure,boron,,,,3.3333333333333335,0.0,3.3333333333333335,1.0,0.0902227491108754,1.0,False,2023.09.5
425,substructure,boronic_acid_or_ester,,,,0.0,0.0,0.0,1.0,0.0902227491108754,1.0,False,2023.09.5
425,substructure,nitro,,,,0.0,0.0,0.0,1.0,0.0902227491108754,1.0,False,2023.09.5
425,substructure,nitrile,,,,3.3333333333333335,33.33333333333333,-29.999999999999996,0.005579091919870972,0.0902227491108754,0.018910637766069504,False,2023.09.5
425,substructure,aromatic_N,,,,6.666666666666667,73.33333333333333,-66.66666666666666,1.4466116294181512e-07,0.0902227491108754,1.190672648828786e-06,True,2023.09.5
425,substructure,aromatic_O,,,,3.3333333333333335,10.0,-6.666666666666666,0.6119536128456737,0.0902227491108754,0.9176986186575842,False,2023.09.5
425,substructure,aromatic_S,,,,3.3333333333333335,10.0,-6.666666666666666,0.6119536128456737,0.0902227491108754,0.9176986186575842,False,2023.09.5
425,substructure,pyridine,,,,0.0,23.333333333333332,-23.333333333333332,0.010542535074203226,0.0902227491108754,0.03268433544148048,False,2023.09.5
425,substructure,benzene,,,,0.0,73.33333333333333,-73.33333333333333,8.27018391354629e-10,0.0902227491108754,1.1290226935768883e-08,True,2023.09.5
425,substructure,phenol,,,,0.0,10.0,-10.0,0.23728813559322035,0.0902227491108754,0.4564741150697567,False,2023.09.5
425,substructure,alcohol,,,,0.0,16.666666666666664,-16.666666666666664,0.052185548617305996,0.0902227491108754,0.13009702690761193,False,2023.09.5
425,substructure,carboxylic_acid,,,,3.3333333333333335,10.0,-6.666666666666666,0.6119536128456737,0.0902227491108754,0.9176986186575842,False,2023.09.5
425,substructure,ester,,,,16.666666666666664,16.666666666666664,0.0,1.0,0.0902227491108754,1.0,False,2023.09.5
425,substructure,amide,,,,3.3333333333333335,70.0,-66.66666666666667,6.147503375736076e-08,0.0902227491108754,5.349003486711895e-07,True,2023.09.5
425,substructure,urea,,,,3.3333333333333335,6.666666666666667,-3.3333333333333335,1.0,0.0902227491108754,1.0,False,2023.09.5
425,substructure,sulfone,,,,10.0,3.3333333333333335,6.666666666666666,0.6119536128456737,0.0902227491108754,0.9176986186575842,False,2023.09.5
425,substructure,ether,,,,46.666666666666664,43.333333333333336,3.3333333333333286,1.0,0.0902227491108754,1.0,False,2023.09.5
425,substructure,amine_primary,,,,13.333333333333334,6.666666666666667,6.666666666666667,0.6707485199902685,0.0902227491108754,0.984610081809964,False,2023.09.5
425,substructure,amine_secondary,,,,0.0,23.333333333333332,-23.333333333333332,0.010542535074203226,0.0902227491108754,0.03268433544148048,False,2023.09.5
425,substructure,amine_tertiary,,,,0.0,6.666666666666667,-6.666666666666667,0.4915254237288137,0.0902227491108754,0.7853847222987215,False,2023.09.5
425,substructure,ketone,,,,6.666666666666667,10.0,-3.333333333333333,1.0,0.0902227491108754,1.0,False,2023.09.5
425,substructure,alkyne,,,,3.3333333333333335,3.3333333333333335,0.0,1.0,0.0902227491108754,1.0,False,2023.09.5
439,descriptor,MolWt,508.82096666666695,290.26993333333337,218.55103333333358,,,,3.016075319890922e-11,0.33895925625506956,8.023908189881195e-10,False,2023.09.5
439,descriptor,MolLogP,3.806197333333336,1.9693480000000005,1.8368493333333356,,,,1.6350572081705153e-05,0.33895925625506956,9.28721877639465e-05,False,2023.09.5
439,descriptor,TPSA,111.79233333333333,69.24,42.55233333333334,,,,8.838012920917603e-07,0.33895925625506956,6.196155740444912e-06,False,2023.09.5
439,descriptor,QED,0.41380594733490467,0.7409877303124232,-0.3271817829775185,,,,1.4109773081080244e-09,0.33895925625506956,1.827401940249836e-08,False,2023.09.5
439,descriptor,NumRotatableBonds,7.2,3.6333333333333333,3.566666666666667,,,,4.245718906981568e-06,0.33895925625506956,2.6851120052300364e-05,False,2023.09.5
439,descriptor,NumHDonors,1.5333333333333334,1.5,0.03333333333333344,,,,0.9693603651691745,0.33895925625506956,1.0,False,2023.09.5
439,descriptor,NumHAcceptors,7.433333333333334,4.1,3.333333333333334,,,,1.5126266824808196e-07,0.33895925625506956,1.242425111191196e-06,False,2023.09.5
439,descriptor,NumAromaticRings,2.6666666666666665,1.4333333333333333,1.2333333333333332,,,,9.195195499019467e-06,0.33895925625506956,5.4578379281286464e-05,False,2023.09.5
439,descriptor,NumAliphaticRings,1.2666666666666666,1.3,-0.03333333333333344,,,,0.8019425947338987,0.33895925625506956,1.0,False,2023.09.5
439,descriptor,HeavyAtomCount,35.53333333333333,20.366666666666667,15.166666666666664,,,,1.8406190784186274e-11,0.33895925625506956,8.023908189881195e-10,False,2023.09.5
439,descriptor,FractionCSP3,0.4584332170504084,0.49796713033555146,-0.03953391328514305,,,,0.5442900870175196,0.33895925625506956,0.8537418599454675,False,2023.09.5
439,substructure,halogen_F,,,,33.33333333333333,30.0,3.3333333333333286,1.0,0.33895925625506956,1.0,False,2023.09.5
439,substructure,halogen_Cl,,,,3.3333333333333335,10.0,-6.666666666666666,0.6119536128456737,0.33895925625506956,0.9176986186575842,False,2023.09.5
439,substructure,halogen_Br,,,,16.666666666666664,3.3333333333333335,13.33333333333333,0.19450977211904957,0.33895925625506956,0.3940963090170508,False,2023.09.5
439,substructure,halogen_I,,,,0.0,0.0,0.0,1.0,0.33895925625506956,1.0,False,2023.09.5
439,substructure,boron,,,,0.0,0.0,0.0,1.0,0.33895925625506956,1.0,False,2023.09.5
439,substructure,boronic_acid_or_ester,,,,0.0,0.0,0.0,1.0,0.33895925625506956,1.0,False,2023.09.5
439,substructure,nitro,,,,0.0,0.0,0.0,1.0,0.33895925625506956,1.0,False,2023.09.5
439,substructure,nitrile,,,,3.3333333333333335,3.3333333333333335,0.0,1.0,0.33895925625506956,1.0,False,2023.09.5
439,substructure,aromatic_N,,,,80.0,66.66666666666666,13.333333333333343,0.38165411884707,0.33895925625506956,0.6694588642071557,False,2023.09.5
439,substructure,aromatic_O,,,,10.0,6.666666666666667,3.333333333333333,1.0,0.33895925625506956,1.0,False,2023.09.5
439,substructure,aromatic_S,,,,3.3333333333333335,6.666666666666667,-3.3333333333333335,1.0,0.33895925625506956,1.0,False,2023.09.5
439,substructure,pyridine,,,,13.333333333333334,13.333333333333334,0.0,1.0,0.33895925625506956,1.0,False,2023.09.5
439,substructure,benzene,,,,83.33333333333334,46.666666666666664,36.66666666666668,0.006107224773226807,0.33895925625506956,0.020421032835477134,False,2023.09.5
439,substructure,phenol,,,,0.0,6.666666666666667,-6.666666666666667,0.4915254237288137,0.33895925625506956,0.7853847222987215,False,2023.09.5
439,substructure,alcohol,,,,16.666666666666664,30.0,-13.333333333333336,0.36036045478232237,0.33895925625506956,0.6357696258837854,False,2023.09.5
439,substructure,carboxylic_acid,,,,33.33333333333333,20.0,13.333333333333329,0.38165411884707007,0.33895925625506956,0.6694588642071557,False,2023.09.5
439,substructure,ester,,,,70.0,13.333333333333334,56.666666666666664,1.6055102923800086e-05,0.33895925625506956,9.132493171742032e-05,True,2023.09.5
439,substructure,amide,,,,76.66666666666667,43.333333333333336,33.333333333333336,0.016855106410006433,0.33895925625506956,0.05005953959280981,False,2023.09.5
439,substructure,urea,,,,0.0,0.0,0.0,1.0,0.33895925625506956,1.0,False,2023.09.5
439,substructure,sulfone,,,,13.333333333333334,6.666666666666667,6.666666666666667,0.6707485199902685,0.33895925625506956,0.984610081809964,False,2023.09.5
439,substructure,ether,,,,83.33333333333334,23.333333333333332,60.000000000000014,5.919338559026341e-06,0.33895925625506956,3.6332808302612855e-05,True,2023.09.5
439,substructure,amine_primary,,,,0.0,36.666666666666664,-36.666666666666664,0.0003188052525640556,0.33895925625506956,0.00140238888322344,True,2023.09.5
439,substructure,amine_secondary,,,,26.666666666666668,16.666666666666664,10.000000000000004,0.5320924727590531,0.33895925625506956,0.8356025782043203,False,2023.09.5
439,substructure,amine_tertiary,,,,26.666666666666668,10.0,16.666666666666668,0.18058040377378287,0.33895925625506956,0.37607460207280724,False,2023.09.5
439,substructure,ketone,,,,10.0,0.0,10.0,0.23728813559322035,0.33895925625506956,0.4564741150697567,False,2023.09.5
439,substructure,alkyne,,,,3.3333333333333335,13.333333333333334,-10.0,0.35325602140945594,0.33895925625506956,0.6254013661859009,False,2023.09.5
442,descriptor,MolWt,391.1201666666667,268.8284333333333,122.29173333333341,,,,6.065757009046712e-11,0.7667061833156549,1.334129555489774e-09,False,2023.09.5
442,descriptor,MolLogP,3.729150666666669,2.1052676666666676,1.6238830000000015,,,,2.4327116616469627e-05,0.7667061833156549,0.00013339481258255298,False,2023.09.5
442,descriptor,TPSA,57.35433333333334,62.961666666666666,-5.6073333333333295,,,,0.2972247047742025,0.7667061833156549,0.5473140939249246,False,2023.09.5
442,descriptor,QED,0.7206182771957583,0.7413479396257469,-0.020729662429988527,,,,0.2837780479456242,0.7667061833156549,0.5281980685551135,False,2023.09.5
442,descriptor,NumRotatableBonds,3.533333333333333,3.7333333333333334,-0.20000000000000018,,,,0.5078183920097998,0.7667061833156549,0.8038596617220302,False,2023.09.5
442,descriptor,NumHDonors,0.9666666666666667,1.3666666666666667,-0.4,,,,0.0611215854478286,0.7667061833156549,0.14992587161583237,False,2023.09.5
442,descriptor,NumHAcceptors,3.8666666666666667,3.7666666666666666,0.10000000000000009,,,,0.4541643319812646,0.7667061833156549,0.768391705262319,False,2023.09.5
442,descriptor,NumAromaticRings,0.6,1.1,-0.5000000000000001,,,,0.031498474146807405,0.7667061833156549,0.08576510257717367,False,2023.09.5
442,descriptor,NumAliphaticRings,1.8666666666666667,0.9333333333333333,0.9333333333333333,,,,0.0009487831712396105,0.7667061833156549,0.003860465133543287,False,2023.09.5
442,descriptor,HeavyAtomCount,26.866666666666667,18.166666666666668,8.7,,,,2.351071945599091e-11,0.7667061833156549,8.023908189881195e-10,False,2023.09.5
442,descriptor,FractionCSP3,0.8118528409329662,0.522203305953306,0.2896495349796602,,,,8.096413570249173e-05,0.7667061833156549,0.0003971958032790145,False,2023.09.5
442,substructure,halogen_F,,,,96.66666666666667,26.666666666666668,70.0,1.519102203067187e-08,0.7667061833156549,1.488644955926484e-07,True,2023.09.5
442,substructure,halogen_Cl,,,,3.3333333333333335,10.0,-6.666666666666666,0.6119536128456737,0.7667061833156549,0.9176986186575842,False,2023.09.5
442,substructure,halogen_Br,,,,0.0,20.0,-20.0,0.023720703916957266,0.7667061833156549,0.067078762005167,False,2023.09.5
442,substructure,halogen_I,,,,0.0,0.0,0.0,1.0,0.7667061833156549,1.0,False,2023.09.5
442,substructure,boron,,,,0.0,0.0,0.0,1.0,0.7667061833156549,1.0,False,2023.09.5
442,substructure,boronic_acid_or_ester,,,,0.0,0.0,0.0,1.0,0.7667061833156549,1.0,False,2023.09.5
442,substructure,nitro,,,,0.0,0.0,0.0,1.0,0.7667061833156549,1.0,False,2023.09.5
442,substructure,nitrile,,,,3.3333333333333335,30.0,-26.666666666666668,0.012182915008697837,0.7667061833156549,0.037073144134846074,False,2023.09.5
442,substructure,aromatic_N,,,,43.333333333333336,46.666666666666664,-3.3333333333333286,1.0,0.7667061833156549,1.0,False,2023.09.5
442,substructure,aromatic_O,,,,0.0,6.666666666666667,-6.666666666666667,0.4915254237288137,0.7667061833156549,0.7853847222987215,False,2023.09.5
442,substructure,aromatic_S,,,,0.0,6.666666666666667,-6.666666666666667,0.4915254237288137,0.7667061833156549,0.7853847222987215,False,2023.09.5
442,substructure,pyridine,,,,3.3333333333333335,40.0,-36.666666666666664,0.001050756087532551,0.7667061833156549,0.004219009483307677,True,2023.09.5
442,substructure,benzene,,,,6.666666666666667,36.666666666666664,-29.999999999999996,0.010248938246969973,0.7667061833156549,0.03268433544148048,False,2023.09.5
442,substructure,phenol,,,,3.3333333333333335,13.333333333333334,-10.0,0.35325602140945594,0.7667061833156549,0.6254013661859009,False,2023.09.5
442,substructure,alcohol,,,,16.666666666666664,20.0,-3.3333333333333357,1.0,0.7667061833156549,1.0,False,2023.09.5
442,substructure,carboxylic_acid,,,,3.3333333333333335,13.333333333333334,-10.0,0.35325602140945594,0.7667061833156549,0.6254013661859009,False,2023.09.5
442,substructure,ester,,,,36.666666666666664,16.666666666666664,20.0,0.14316508132189698,0.7667061833156549,0.30753692726716775,False,2023.09.5
442,substructure,amide,,,,80.0,26.666666666666668,53.33333333333333,7.293288208265017e-05,0.7667061833156549,0.00036092660020651504,True,2023.09.5
442,substructure,urea,,,,0.0,0.0,0.0,1.0,0.7667061833156549,1.0,False,2023.09.5
442,substructure,sulfone,,,,3.3333333333333335,3.3333333333333335,0.0,1.0,0.7667061833156549,1.0,False,2023.09.5
442,substructure,ether,,,,66.66666666666666,40.0,26.666666666666657,0.06920580631231707,0.7667061833156549,0.16778064126788936,False,2023.09.5
442,substructure,amine_primary,,,,13.333333333333334,26.666666666666668,-13.333333333333334,0.3334117381152047,0.7667061833156549,0.6046619657343543,False,2023.09.5
442,substructure,amine_secondary,,,,23.333333333333332,33.33333333333333,-9.999999999999996,0.567489732503049,0.7667061833156549,0.8824398472032879,False,2023.09.5
442,substructure,amine_tertiary,,,,26.666666666666668,10.0,16.666666666666668,0.18058040377378287,0.7667061833156549,0.37607460207280724,False,2023.09.5
442,substructure,ketone,,,,6.666666666666667,10.0,-3.333333333333333,1.0,0.7667061833156549,1.0,False,2023.09.5
442,substructure,alkyne,,,,3.3333333333333335,10.0,-6.666666666666666,0.6119536128456737,0.7667061833156549,0.9176986186575842,False,2023.09.5
448,descriptor,MolWt,382.1187333333336,342.83413333333345,39.284600000000125,,,,0.004032977591300897,0.21984775691021402,0.014462462213732112,False,2023.09.5
448,descriptor,MolLogP,4.370707333333335,2.767150000000001,1.6035573333333337,,,,4.420496863208284e-06,0.21984775691021402,2.7867431658346494e-05,False,2023.09.5
448,descriptor,TPSA,49.53966666666667,73.82466666666666,-24.28499999999999,,,,0.00018315291648081245,0.21984775691021402,0.0008510591506426485,False,2023.09.5
448,descriptor,QED,0.6547907565527,0.7856122025246842,-0.1308214459719842,,,,0.0002838866568788881,0.21984775691021402,0.001271388319664613,False,2023.09.5
448,descriptor,NumRotatableBonds,3.5,3.7333333333333334,-0.2333333333333334,,,,0.4103203401850416,0.21984775691021402,0.7152893232617163,False,2023.09.5
448,descriptor,NumHDonors,0.7666666666666667,1.4666666666666666,-0.6999999999999998,,,,0.004896052608323534,0.21984775691021402,0.016811337620427465,False,2023.09.5
448,descriptor,NumHAcceptors,2.9,4.133333333333334,-1.2333333333333338,,,,0.0007332683884232384,0.21984775691021402,0.0030553168056756115,False,2023.09.5
448,descriptor,NumAromaticRings,1.6666666666666667,1.6,0.06666666666666665,,,,0.5864221829864972,0.21984775691021402,0.9072471365547254,False,2023.09.5
448,descriptor,NumAliphaticRings,0.7333333333333333,1.4666666666666666,-0.7333333333333333,,,,0.002274745332276714,0.21984775691021402,0.008503981841816345,False,2023.09.5
448,descriptor,HeavyAtomCount,22.033333333333335,23.966666666666665,-1.93333333333333,,,,0.011417924151467482,0.21984775691021402,0.03517786903942394,False,2023.09.5
448,descriptor,FractionCSP3,0.30224564651035235,0.4894852517150269,-0.18723960520467453,,,,0.0017595255077173786,0.21984775691021402,0.0068226850979952024,False,2023.09.5
448,substructure,halogen_F,,,,23.333333333333332,40.0,-16.666666666666668,0.2668356607208132,0.21984775691021402,0.49948103110813213,False,2023.09.5
448,substructure,halogen_Cl,,,,100.0,3.3333333333333335,96.66666666666667,5.242482506564868e-16,0.21984775691021402,5.188747060872578e-13,True,2023.09.5
448,substructure,halogen_Br,,,,36.666666666666664,10.0,26.666666666666664,0.03034142126191129,0.21984775691021402,0.0827284344186686,False,2023.09.5
448,substructure,halogen_I,,,,0.0,0.0,0.0,1.0,0.21984775691021402,1.0,False,2023.09.5
448,substructure,boron,,,,0.0,0.0,0.0,1.0,0.21984775691021402,1.0,False,2023.09.5
448,substructure,boronic_acid_or_ester,,,,0.0,0.0,0.0,1.0,0.21984775691021402,1.0,False,2023.09.5
448,substructure,nitro,,,,0.0,0.0,0.0,1.0,0.21984775691021402,1.0,False,2023.09.5
448,substructure,nitrile,,,,10.0,30.0,-20.0,0.10416473660307204,0.21984775691021402,0.23892711020368612,False,2023.09.5
448,substructure,aromatic_N,,,,46.666666666666664,53.333333333333336,-6.666666666666671,0.7965456378184194,0.21984775691021402,1.0,False,2023.09.5
448,substructure,aromatic_O,,,,0.0,13.333333333333334,-13.333333333333334,0.11239964317573597,0.21984775691021402,0.2485978700182898,False,2023.09.5
448,substructure,aromatic_S,,,,0.0,16.666666666666664,-16.666666666666664,0.052185548617305996,0.21984775691021402,0.13009702690761193,False,2023.09.5
448,substructure,pyridine,,,,20.0,13.333333333333334,6.666666666666666,0.7306423241784982,0.21984775691021402,1.0,False,2023.09.5
448,substructure,benzene,,,,90.0,63.33333333333333,26.66666666666667,0.030341421261911288,0.21984775691021402,0.0827284344186686,False,2023.09.5
448,substructure,phenol,,,,3.3333333333333335,10.0,-6.666666666666666,0.6119536128456737,0.21984775691021402,0.9176986186575842,False,2023.09.5
448,substructure,alcohol,,,,10.0,13.333333333333334,-3.333333333333334,1.0,0.21984775691021402,1.0,False,2023.09.5
448,substructure,carboxylic_acid,,,,13.333333333333334,30.0,-16.666666666666664,0.20923627896279956,0.21984775691021402,0.4200641117716651,False,2023.09.5
448,substructure,ester,,,,16.666666666666664,6.666666666666667,9.999999999999996,0.42380990998296975,0.21984775691021402,0.7210414411785893,False,2023.09.5
448,substructure,amide,,,,46.666666666666664,83.33333333333334,-36.66666666666668,0.006107224773226807,0.21984775691021402,0.020421032835477134,False,2023.09.5
448,substructure,urea,,,,0.0,0.0,0.0,1.0,0.21984775691021402,1.0,False,2023.09.5
448,substructure,sulfone,,,,3.3333333333333335,3.3333333333333335,0.0,1.0,0.21984775691021402,1.0,False,2023.09.5
448,substructure,ether,,,,26.666666666666668,26.666666666666668,0.0,1.0,0.21984775691021402,1.0,False,2023.09.5
448,substructure,amine_primary,,,,10.0,13.333333333333334,-3.333333333333334,1.0,0.21984775691021402,1.0,False,2023.09.5
448,substructure,amine_secondary,,,,6.666666666666667,16.666666666666664,-9.999999999999996,0.42380990998296975,0.21984775691021402,0.7210414411785893,False,2023.09.5
448,substructure,amine_tertiary,,,,16.666666666666664,10.0,6.666666666666664,0.7064691994252865,0.21984775691021402,1.0,False,2023.09.5
448,substructure,ketone,,,,10.0,13.333333333333334,-3.333333333333334,1.0,0.21984775691021402,1.0,False,2023.09.5
448,substructure,alkyne,,,,0.0,3.3333333333333335,-3.3333333333333335,1.0,0.21984775691021402,1.0,False,2023.09.5
468,descriptor,MolWt,111.33856666666667,348.2211333333334,-236.88256666666672,,,,3.019859359162157e-11,0.07393773008048918,8.023908189881195e-10,False,2023.09.5
468,descriptor,MolLogP,0.6927956666666666,2.849114666666668,-2.156319000000001,,,,2.9215452138416713e-09,0.07393773008048918,3.5049689398785384e-08,False,2023.09.5
468,descriptor,TPSA,33.27033333333334,75.28366666666668,-42.013333333333335,,,,4.565845161592712e-09,0.07393773008048918,5.021161387429318e-08,False,2023.09.5
468,descriptor,QED,0.4478331310253169,0.7414280892696982,-0.29359495824438125,,,,3.824890705314935e-09,0.07393773008048918,4.3019154268016556e-08,False,2023.09.5
468,descriptor,NumRotatableBonds,0.5666666666666667,4.2,-3.6333333333333337,,,,2.1304333203467887e-11,0.07393773008048918,8.023908189881195e-10,False,2023.09.5
468,descriptor,NumHDonors,0.4,1.3333333333333333,-0.9333333333333332,,,,3.99284021855697e-05,0.07393773008048918,0.0002127544337182644,False,2023.09.5
468,descriptor,NumHAcceptors,1.9666666666666666,4.533333333333333,-2.5666666666666664,,,,3.5665764567184536e-09,0.07393773008048918,4.0770263934720976e-08,False,2023.09.5
468,descriptor,NumAromaticRings,0.5,1.9,-1.4,,,,9.989680931431613e-07,0.07393773008048918,6.914186504814293e-06,False,2023.09.5
468,descriptor,NumAliphaticRings,0.16666666666666666,1.1,-0.9333333333333335,,,,3.0900253650145307e-05,0.07393773008048918,0.00016758096465880175,False,2023.09.5
468,descriptor,HeavyAtomCount,6.9,24.2,-17.299999999999997,,,,2.2434231303094176e-11,0.07393773008048918,8.023908189881195e-10,False,2023.09.5
468,descriptor,FractionCSP3,0.4666666666666666,0.4314541491049096,0.03521251756175703,,,,0.9056378231408213,0.07393773008048918,1.0,False,2023.09.5
468,substructure,halogen_F,,,,6.666666666666667,43.333333333333336,-36.66666666666667,0.002128557265634993,0.07393773008048918,0.00798763811815065,True,2023.09.5
468,substructure,halogen_Cl,,,,16.666666666666664,13.333333333333334,3.3333333333333304,1.0,0.07393773008048918,1.0,False,2023.09.5
468,substructure,halogen_Br,,,,10.0,10.0,0.0,1.0,0.07393773008048918,1.0,False,2023.09.5
468,substructure,halogen_I,,,,0.0,3.3333333333333335,-3.3333333333333335,1.0,0.07393773008048918,1.0,False,2023.09.5
468,substructure,boron,,,,3.3333333333333335,0.0,3.3333333333333335,1.0,0.07393773008048918,1.0,False,2023.09.5
468,substructure,boronic_acid_or_ester,,,,0.0,0.0,0.0,1.0,0.07393773008048918,1.0,False,2023.09.5
468,substructure,nitro,,,,0.0,0.0,0.0,1.0,0.07393773008048918,1.0,False,2023.09.5
468,substructure,nitrile,,,,13.333333333333334,20.0,-6.666666666666666,0.7306423241784982,0.07393773008048918,1.0,False,2023.09.5
468,substructure,aromatic_N,,,,43.333333333333336,60.0,-16.666666666666664,0.3014671232267514,0.07393773008048918,0.5502574185591097,False,2023.09.5
468,substructure,aromatic_O,,,,10.0,6.666666666666667,3.333333333333333,1.0,0.07393773008048918,1.0,False,2023.09.5
468,substructure,aromatic_S,,,,10.0,0.0,10.0,0.23728813559322035,0.07393773008048918,0.4564741150697567,False,2023.09.5
468,substructure,pyridine,,,,6.666666666666667,13.333333333333334,-6.666666666666667,0.6707485199902685,0.07393773008048918,0.984610081809964,False,2023.09.5
468,substructure,benzene,,,,0.0,80.0,-80.0,3.293956608524839e-11,0.07393773008048918,8.209118844768709e-10,True,2023.09.5
468,substructure,phenol,,,,0.0,3.3333333333333335,-3.3333333333333335,1.0,0.07393773008048918,1.0,False,2023.09.5
468,substructure,alcohol,,,,0.0,33.33333333333333,-33.33333333333333,0.0007970131314101389,0.07393773008048918,0.0032800155792648026,True,2023.09.5
468,substructure,carboxylic_acid,,,,0.0,20.0,-20.0,0.023720703916957266,0.07393773008048918,0.067078762005167,False,2023.09.5
468,substructure,ester,,,,3.3333333333333335,13.333333333333334,-10.0,0.35325602140945594,0.07393773008048918,0.6254013661859009,False,2023.09.5
468,substructure,amide,,,,3.3333333333333335,53.333333333333336,-50.0,2.3151803459215232e-05,0.07393773008048918,0.00012747981904733395,True,2023.09.5
468,substructure,urea,,,,3.3333333333333335,0.0,3.3333333333333335,1.0,0.07393773008048918,1.0,False,2023.09.5
468,substructure,sulfone,,,,0.0,3.3333333333333335,-3.3333333333333335,1.0,0.07393773008048918,1.0,False,2023.09.5
468,substructure,ether,,,,10.0,36.666666666666664,-26.666666666666664,0.03034142126191129,0.07393773008048918,0.0827284344186686,False,2023.09.5
468,substructure,amine_primary,,,,16.666666666666664,10.0,6.666666666666664,0.7064691994252865,0.07393773008048918,1.0,False,2023.09.5
468,substructure,amine_secondary,,,,3.3333333333333335,26.666666666666668,-23.333333333333336,0.025690734963116434,0.07393773008048918,0.07142529474647329,False,2023.09.5
468,substructure,amine_tertiary,,,,6.666666666666667,10.0,-3.333333333333333,1.0,0.07393773008048918,1.0,False,2023.09.5
468,substructure,ketone,,,,0.0,3.3333333333333335,-3.3333333333333335,1.0,0.07393773008048918,1.0,False,2023.09.5
468,substructure,alkyne,,,,0.0,0.0,0.0,1.0,0.07393773008048918,1.0,False,2023.09.5
483,descriptor,MolWt,444.6130666666668,317.73563333333334,126.87743333333344,,,,9.75550113457629e-10,0.26439757908529354,1.313674455502977e-08,False,2023.09.5
483,descriptor,MolLogP,4.8695953333333355,2.0696793333333336,2.799916000000002,,,,4.180438983040847e-09,0.26439757908529354,4.664371675953924e-08,False,2023.09.5
483,descriptor,TPSA,62.48666666666667,73.05166666666668,-10.565000000000005,,,,0.23397592086146868,0.26439757908529354,0.4564741150697567,False,2023.09.5
483,descriptor,QED,0.4899416496780437,0.7946418830608418,-0.3047002333827981,,,,1.6947244610469585e-09,0.26439757908529354,2.15045325041183e-08,False,2023.09.5
483,descriptor,NumRotatableBonds,4.633333333333334,3.966666666666667,0.666666666666667,,,,0.0939451971207906,0.26439757908529354,0.22046771511630703,False,2023.09.5
483,descriptor,NumHDonors,0.7666666666666667,1.4,-0.6333333333333332,,,,0.004886279187250135,0.26439757908529354,0.01679234314437785,False,2023.09.5
483,descriptor,NumHAcceptors,4.133333333333334,4.366666666666666,-0.2333333333333325,,,,0.9574638718647314,0.26439757908529354,1.0,False,2023.09.5
483,descriptor,NumAromaticRings,2.1333333333333333,1.3,0.8333333333333333,,,,0.00308460743065355,0.26439757908529354,0.011244899464049175,False,2023.09.5
483,descriptor,NumAliphaticRings,0.7666666666666667,1.5333333333333334,-0.7666666666666667,,,,0.004104917508657132,0.26439757908529354,0.014707120739161614,False,2023.09.5
483,descriptor,HeavyAtomCount,30.166666666666668,22.233333333333334,7.933333333333334,,,,4.196725973524846e-09,0.26439757908529354,4.6670893621305804e-08,False,2023.09.5
483,descriptor,FractionCSP3,0.401714385660206,0.5572548415350274,-0.15554045587482135,,,,0.006947340652610079,0.26439757908529354,0.0230549217465912,False,2023.09.5
483,substructure,halogen_F,,,,100.0,16.666666666666664,83.33333333333334,5.489927680874732e-12,0.26439757908529354,8.023908189881195e-10,True,2023.09.5
483,substructure,halogen_Cl,,,,26.666666666666668,6.666666666666667,20.0,0.07972201478079077,0.26439757908529354,0.1899034034399222,False,2023.09.5
483,substructure,halogen_Br,,,,0.0,6.666666666666667,-6.666666666666667,0.4915254237288137,0.26439757908529354,0.7853847222987215,False,2023.09.5
483,substructure,halogen_I,,,,0.0,0.0,0.0,1.0,0.26439757908529354,1.0,False,2023.09.5
483,substructure,boron,,,,0.0,0.0,0.0,1.0,0.26439757908529354,1.0,False,2023.09.5
483,substructure,boronic_acid_or_ester,,,,0.0,0.0,0.0,1.0,0.26439757908529354,1.0,False,2023.09.5
483,substructure,nitro,,,,0.0,0.0,0.0,1.0,0.26439757908529354,1.0,False,2023.09.5
483,substructure,nitrile,,,,6.666666666666667,20.0,-13.333333333333332,0.2542143363175797,0.26439757908529354,0.4790264433514032,False,2023.09.5
483,substructure,aromatic_N,,,,66.66666666666666,50.0,16.666666666666657,0.29491247843872004,0.26439757908529354,0.5468658089643526,False,2023.09.5
483,substructure,aromatic_O,,,,10.0,10.0,0.0,1.0,0.26439757908529354,1.0,False,2023.09.5
483,substructure,aromatic_S,,,,0.0,3.3333333333333335,-3.3333333333333335,1.0,0.26439757908529354,1.0,False,2023.09.5
483,substructure,pyridine,,,,33.33333333333333,13.333333333333334,19.999999999999993,0.12527840350750902,0.26439757908529354,0.2723652935124812,False,2023.09.5
483,substructure,benzene,,,,83.33333333333334,50.0,33.33333333333334,0.01269894629179263,0.26439757908529354,0.03846605077980644,False,2023.09.5
483,substructure,phenol,,,,3.3333333333333335,0.0,3.3333333333333335,1.0,0.26439757908529354,1.0,False,2023.09.5
483,substructure,alcohol,,,,6.666666666666667,40.0,-33.333333333333336,0.004769170151985977,0.26439757908529354,0.016418386636271726,False,2023.09.5
483,substructure,carboxylic_acid,,,,26.666666666666668,16.666666666666664,10.000000000000004,0.5320924727590531,0.26439757908529354,0.8356025782043203,False,2023.09.5
483,substructure,ester,,,,40.0,13.333333333333334,26.666666666666664,0.03909713767454877,0.26439757908529354,0.10433683798444979,False,2023.09.5
483,substructure,amide,,,,26.666666666666668,63.33333333333333,-36.66666666666666,0.008869577361950338,0.26439757908529354,0.028735398343667257,False,2023.09.5
483,substructure,urea,,,,0.0,0.0,0.0,1.0,0.26439757908529354,1.0,False,2023.09.5
483,substructure,sulfone,,,,10.0,6.666666666666667,3.333333333333333,1.0,0.26439757908529354,1.0,False,2023.09.5
483,substructure,ether,,,,63.33333333333333,26.666666666666668,36.66666666666666,0.008869577361950338,0.26439757908529354,0.028735398343667257,False,2023.09.5
483,substructure,amine_primary,,,,10.0,16.666666666666664,-6.666666666666664,0.7064691994252865,0.26439757908529354,1.0,False,2023.09.5
483,substructure,amine_secondary,,,,10.0,30.0,-20.0,0.10416473660307204,0.26439757908529354,0.23892711020368612,False,2023.09.5
483,substructure,amine_tertiary,,,,20.0,16.666666666666664,3.3333333333333357,1.0,0.26439757908529354,1.0,False,2023.09.5
483,substructure,ketone,,,,6.666666666666667,3.3333333333333335,3.3333333333333335,1.0,0.26439757908529354,1.0,False,2023.09.5
483,substructure,alkyne,,,,3.3333333333333335,0.0,3.3333333333333335,1.0,0.26439757908529354,1.0,False,2023.09.5
489,descriptor,MolWt,354.5820000000002,331.22116666666676,23.36083333333346,,,,0.12966489657610514,0.021307793099145194,0.2811415226790181,False,2023.09.5
489,descriptor,MolLogP,2.1479880000000007,2.814226000000001,-0.6662380000000003,,,,0.07978164712498097,0.021307793099145194,0.18993117316163538,False,2023.09.5
489,descriptor,TPSA,93.07600000000002,67.50366666666666,25.57233333333336,,,,0.0004713751442131583,0.021307793099145194,0.0020153069070625203,False,2023.09.5
489,descriptor,QED,0.6509481919516666,0.7716987428899675,-0.1207505509383009,,,,0.0020523338723804135,0.021307793099145194,0.00773827600071815,False,2023.09.5
489,descriptor,NumRotatableBonds,4.433333333333334,3.9,0.5333333333333337,,,,0.14048426566149155,0.021307793099145194,0.3035901789049373,False,2023.09.5
489,descriptor,NumHDonors,1.3,1.2666666666666666,0.03333333333333344,,,,0.900932755480603,0.021307793099145194,1.0,False,2023.09.5
489,descriptor,NumHAcceptors,5.9,3.7,2.2,,,,1.0782186499693208e-05,0.021307793099145194,6.352183980994853e-05,False,2023.09.5
489,descriptor,NumAromaticRings,1.4333333333333333,1.5666666666666667,-0.1333333333333333,,,,0.6335407757024116,0.021307793099145194,0.9482752102101503,False,2023.09.5
489,descriptor,NumAliphaticRings,1.8666666666666667,1.2666666666666666,0.6000000000000001,,,,0.032013413992197016,0.021307793099145194,0.08710728934371682,False,2023.09.5
489,descriptor,HeavyAtomCount,24.766666666666666,22.966666666666665,1.8000000000000007,,,,0.07231603324902551,0.021307793099145194,0.1743600338811766,False,2023.09.5
489,descriptor,FractionCSP3,0.5463052654185376,0.44821908268889693,0.0980861827296407,,,,0.02451954845614423,0.021307793099145194,0.06928828860662027,False,2023.09.5
489,substructure,halogen_F,,,,26.666666666666668,53.333333333333336,-26.666666666666668,0.06407239599978798,0.021307793099145194,0.1562924311541347,False,2023.09.5
489,substructure,halogen_Cl,,,,20.0,3.3333333333333335,16.666666666666668,0.10278971697348147,0.021307793099145194,0.23742385618320486,False,2023.09.5
489,substructure,halogen_Br,,,,0.0,16.666666666666664,-16.666666666666664,0.052185548617305996,0.021307793099145194,0.13009702690761193,False,2023.09.5
489,substructure,halogen_I,,,,3.3333333333333335,0.0,3.3333333333333335,1.0,0.021307793099145194,1.0,False,2023.09.5
489,substructure,boron,,,,40.0,0.0,40.0,0.0001236183632391236,0.021307793099145194,0.0005925001211424823,True,2023.09.5
489,substructure,boronic_acid_or_ester,,,,40.0,0.0,40.0,0.0001236183632391236,0.021307793099145194,0.0005925001211424823,True,2023.09.5
489,substructure,nitro,,,,0.0,0.0,0.0,1.0,0.021307793099145194,1.0,False,2023.09.5
489,substructure,nitrile,,,,16.666666666666664,36.666666666666664,-20.0,0.14316508132189698,0.021307793099145194,0.30753692726716775,False,2023.09.5
489,substructure,aromatic_N,,,,56.666666666666664,53.333333333333336,3.3333333333333286,1.0,0.021307793099145194,1.0,False,2023.09.5
489,substructure,aromatic_O,,,,23.333333333333332,13.333333333333334,9.999999999999998,0.5061775943272466,0.021307793099145194,0.8015828383766278,False,2023.09.5
489,substructure,aromatic_S,,,,6.666666666666667,0.0,6.666666666666667,0.4915254237288137,0.021307793099145194,0.7853847222987215,False,2023.09.5
489,substructure,pyridine,,,,20.0,30.0,-10.0,0.5520034313650507,0.021307793099145194,0.8627641471670887,False,2023.09.5
489,substructure,benzene,,,,46.666666666666664,73.33333333333333,-26.666666666666664,0.06407239599978798,0.021307793099145194,0.1562924311541347,False,2023.09.5
489,substructure,phenol,,,,0.0,6.666666666666667,-6.666666666666667,0.4915254237288137,0.021307793099145194,0.7853847222987215,False,2023.09.5
489,substructure,alcohol,,,,10.0,6.666666666666667,3.333333333333333,1.0,0.021307793099145194,1.0,False,2023.09.5
489,substructure,carboxylic_acid,,,,23.333333333333332,23.333333333333332,0.0,1.0,0.021307793099145194,1.0,False,2023.09.5
489,substructure,ester,,,,10.0,13.333333333333334,-3.333333333333334,1.0,0.021307793099145194,1.0,False,2023.09.5
489,substructure,amide,,,,46.666666666666664,53.333333333333336,-6.666666666666671,0.7965456378184194,0.021307793099145194,1.0,False,2023.09.5
489,substructure,urea,,,,0.0,0.0,0.0,1.0,0.021307793099145194,1.0,False,2023.09.5
489,substructure,sulfone,,,,0.0,3.3333333333333335,-3.3333333333333335,1.0,0.021307793099145194,1.0,False,2023.09.5
489,substructure,ether,,,,46.666666666666664,33.33333333333333,13.333333333333336,0.4295691931947636,0.021307793099145194,0.7289603239854561,False,2023.09.5
489,substructure,amine_primary,,,,16.666666666666664,16.666666666666664,0.0,1.0,0.021307793099145194,1.0,False,2023.09.5
489,substructure,amine_secondary,,,,23.333333333333332,23.333333333333332,0.0,1.0,0.021307793099145194,1.0,False,2023.09.5
489,substructure,amine_tertiary,,,,13.333333333333334,16.666666666666664,-3.3333333333333304,1.0,0.021307793099145194,1.0,False,2023.09.5
489,substructure,ketone,,,,13.333333333333334,3.3333333333333335,10.0,0.35325602140945594,0.021307793099145194,0.6254013661859009,False,2023.09.5
489,substructure,alkyne,,,,0.0,6.666666666666667,-6.666666666666667,0.4915254237288137,0.021307793099145194,0.7853847222987215,False,2023.09.5
493,descriptor,MolWt,341.47066666666683,309.9677666666667,31.502900000000125,,,,0.007958995661045572,0.4053472265551881,0.026041044481057374,False,2023.09.5
493,descriptor,MolLogP,2.7104386666666684,2.688172000000002,0.022266666666666435,,,,0.8999950372363642,0.4053472265551881,1.0,False,2023.09.5
493,descriptor,TPSA,68.96533333333333,58.99199999999999,9.973333333333343,,,,0.5346182112549089,0.4053472265551881,0.8389034872604775,False,2023.09.5
493,descriptor,QED,0.46450923900453633,0.798793265400701,-0.3342840263961646,,,,2.0337965170597153e-09,0.4053472265551881,2.54000012966543e-08,False,2023.09.5
493,descriptor,NumRotatableBonds,5.666666666666667,3.1666666666666665,2.5000000000000004,,,,0.005845947858671401,0.4053472265551881,0.01973069699273664,False,2023.09.5
493,descriptor,NumHDonors,1.0333333333333334,1.0333333333333334,0.0,,,,0.824169144406027,0.4053472265551881,1.0,False,2023.09.5
493,descriptor,NumHAcceptors,4.4,3.8333333333333335,0.5666666666666669,,,,0.41417655184676017,0.4053472265551881,0.7191776178777735,False,2023.09.5
493,descriptor,NumAromaticRings,1.2666666666666666,1.4666666666666666,-0.19999999999999996,,,,0.5201635911842396,0.4053472265551881,0.8224151986814715,False,2023.09.5
493,descriptor,NumAliphaticRings,1.0333333333333334,1.1666666666666667,-0.1333333333333333,,,,0.6086116886471498,0.4053472265551881,0.9176986186575842,False,2023.09.5
493,descriptor,HeavyAtomCount,23.4,20.8,2.599999999999998,,,,0.0076414613346026386,0.4053472265551881,0.02518771401511474,False,2023.09.5
493,descriptor,FractionCSP3,0.5506906902783647,0.49226413822389053,0.05842655205447417,,,,0.30054311137383916,0.4053472265551881,0.5493306453965972,False,2023.09.5
493,substructure,halogen_F,,,,0.0,23.333333333333332,-23.333333333333332,0.010542535074203226,0.4053472265551881,0.03268433544148048,False,2023.09.5
493,substructure,halogen_Cl,,,,0.0,20.0,-20.0,0.023720703916957266,0.4053472265551881,0.067078762005167,False,2023.09.5
493,substructure,halogen_Br,,,,3.3333333333333335,23.333333333333332,-20.0,0.05231484385878206,0.4053472265551881,0.13009702690761193,False,2023.09.5
493,substructure,halogen_I,,,,0.0,0.0,0.0,1.0,0.4053472265551881,1.0,False,2023.09.5
493,substructure,boron,,,,3.3333333333333335,0.0,3.3333333333333335,1.0,0.4053472265551881,1.0,False,2023.09.5
493,substructure,boronic_acid_or_ester,,,,3.3333333333333335,0.0,3.3333333333333335,1.0,0.4053472265551881,1.0,False,2023.09.5
493,substructure,nitro,,,,0.0,0.0,0.0,1.0,0.4053472265551881,1.0,False,2023.09.5
493,substructure,nitrile,,,,3.3333333333333335,26.666666666666668,-23.333333333333336,0.025690734963116434,0.4053472265551881,0.07142529474647329,False,2023.09.5
493,substructure,aromatic_N,,,,16.666666666666664,46.666666666666664,-30.0,0.025058424139103544,0.4053472265551881,0.07050909819951028,False,2023.09.5
493,substructure,aromatic_O,,,,10.0,6.666666666666667,3.333333333333333,1.0,0.4053472265551881,1.0,False,2023.09.5
493,substructure,aromatic_S,,,,10.0,10.0,0.0,1.0,0.4053472265551881,1.0,False,2023.09.5
493,substructure,pyridine,,,,0.0,23.333333333333332,-23.333333333333332,0.010542535074203226,0.4053472265551881,0.03268433544148048,False,2023.09.5
493,substructure,benzene,,,,66.66666666666666,63.33333333333333,3.3333333333333286,1.0,0.4053472265551881,1.0,False,2023.09.5
493,substructure,phenol,,,,0.0,3.3333333333333335,-3.3333333333333335,1.0,0.4053472265551881,1.0,False,2023.09.5
493,substructure,alcohol,,,,13.333333333333334,10.0,3.333333333333334,1.0,0.4053472265551881,1.0,False,2023.09.5
493,substructure,carboxylic_acid,,,,16.666666666666664,10.0,6.666666666666664,0.7064691994252865,0.4053472265551881,1.0,False,2023.09.5
493,substructure,ester,,,,26.666666666666668,6.666666666666667,20.0,0.07972201478079077,0.4053472265551881,0.1899034034399222,False,2023.09.5
493,substructure,amide,,,,30.0,50.0,-20.0,0.187187106633885,0.4053472265551881,0.38819997651312244,False,2023.09.5
493,substructure,urea,,,,0.0,0.0,0.0,1.0,0.4053472265551881,1.0,False,2023.09.5
493,substructure,sulfone,,,,30.0,3.3333333333333335,26.666666666666668,0.012182915008697837,0.4053472265551881,0.037073144134846074,False,2023.09.5
493,substructure,ether,,,,40.0,36.666666666666664,3.3333333333333357,1.0,0.4053472265551881,1.0,False,2023.09.5
493,substructure,amine_primary,,,,3.3333333333333335,16.666666666666664,-13.33333333333333,0.19450977211904957,0.4053472265551881,0.3940963090170508,False,2023.09.5
493,substructure,amine_secondary,,,,40.0,20.0,20.0,0.15806205176119764,0.4053472265551881,0.33409912595973384,False,2023.09.5
493,substructure,amine_tertiary,,,,43.333333333333336,16.666666666666664,26.66666666666667,0.047022325948256706,0.4053472265551881,0.12247459765075547,False,2023.09.5
493,substructure,ketone,,,,3.3333333333333335,6.666666666666667,-3.3333333333333335,1.0,0.4053472265551881,1.0,False,2023.09.5
493,substructure,alkyne,,,,0.0,6.666666666666667,-6.666666666666667,0.4915254237288137,0.4053472265551881,0.7853847222987215,False,2023.09.5
496,descriptor,MolWt,325.0464333333333,337.1334,-12.086966666666683,,,,0.1668661704632597,0.025706620078617334,0.35214454630279585,False,2023.09.5
496,descriptor,MolLogP,2.649264000000001,2.4563793333333335,0.19288466666666748,,,,0.5996894845123704,0.025706620078617334,0.9176986186575842,False,2023.09.5
496,descriptor,TPSA,65.82066666666668,77.02000000000001,-11.199333333333328,,,,0.17610352131230977,0.025706620078617334,0.37025695213777715,False,2023.09.5
496,descriptor,QED,0.7200800739521491,0.7736741704670006,-0.053594096514851475,,,,0.14944870623046316,0.025706620078617334,0.31724795065222716,False,2023.09.5
496,descriptor,NumRotatableBonds,3.8333333333333335,4.233333333333333,-0.3999999999999999,,,,0.7286552564878757,0.025706620078617334,1.0,False,2023.09.5
496,descriptor,NumHDonors,1.0666666666666667,1.5333333333333334,-0.4666666666666668,,,,0.07880739723657622,0.025706620078617334,0.18978010076618324,False,2023.09.5
496,descriptor,NumHAcceptors,4.033333333333333,4.4,-0.36666666666666714,,,,0.36787163235003895,0.025706620078617334,0.6484433626330384,False,2023.09.5
496,descriptor,NumAromaticRings,0.9,1.4333333333333333,-0.5333333333333333,,,,0.01295723032336399,0.025706620078617334,0.039218405848775256,False,2023.09.5
496,descriptor,NumAliphaticRings,1.2666666666666666,1.4666666666666666,-0.19999999999999996,,,,0.4762786348152065,0.025706620078617334,0.7853847222987215,False,2023.09.5
496,descriptor,HeavyAtomCount,21.133333333333333,23.133333333333333,-2.0,,,,0.023380214317973432,0.025706620078617334,0.067078762005167,False,2023.09.5
496,descriptor,FractionCSP3,0.626298413202438,0.4977928859925764,0.12850552720986158,,,,0.015439544081304058,0.025706620078617334,0.04599334463347086,False,2023.09.5
496,substructure,halogen_F,,,,13.333333333333334,43.333333333333336,-30.0,0.02037279175315088,0.025706620078617334,0.059745098185721726,False,2023.09.5
496,substructure,halogen_Cl,,,,23.333333333333332,10.0,13.333333333333332,0.2989793821568606,0.025706620078617334,0.5473140939249246,False,2023.09.5
496,substructure,halogen_Br,,,,0.0,13.333333333333334,-13.333333333333334,0.11239964317573597,0.025706620078617334,0.2485978700182898,False,2023.09.5
496,substructure,halogen_I,,,,0.0,0.0,0.0,1.0,0.025706620078617334,1.0,False,2023.09.5
496,substructure,boron,,,,0.0,0.0,0.0,1.0,0.025706620078617334,1.0,False,2023.09.5
496,substructure,boronic_acid_or_ester,,,,0.0,0.0,0.0,1.0,0.025706620078617334,1.0,False,2023.09.5
496,substructure,nitro,,,,0.0,0.0,0.0,1.0,0.025706620078617334,1.0,False,2023.09.5
496,substructure,nitrile,,,,13.333333333333334,33.33333333333333,-19.999999999999993,0.12527840350750902,0.025706620078617334,0.2723652935124812,False,2023.09.5
496,substructure,aromatic_N,,,,43.333333333333336,56.666666666666664,-13.333333333333329,0.43891101679610967,0.025706620078617334,0.7432201520512396,False,2023.09.5
496,substructure,aromatic_O,,,,6.666666666666667,3.3333333333333335,3.3333333333333335,1.0,0.025706620078617334,1.0,False,2023.09.5
496,substructure,aromatic_S,,,,0.0,3.3333333333333335,-3.3333333333333335,1.0,0.025706620078617334,1.0,False,2023.09.5
496,substructure,pyridine,,,,30.0,26.666666666666668,3.333333333333332,1.0,0.025706620078617334,1.0,False,2023.09.5
496,substructure,benzene,,,,30.0,56.666666666666664,-26.666666666666664,0.06727850825588423,0.025706620078617334,0.16350866432476716,False,2023.09.5
496,substructure,phenol,,,,6.666666666666667,6.666666666666667,0.0,1.0,0.025706620078617334,1.0,False,2023.09.5
496,substructure,alcohol,,,,10.0,16.666666666666664,-6.666666666666664,0.7064691994252865,0.025706620078617334,1.0,False,2023.09.5
496,substructure,carboxylic_acid,,,,13.333333333333334,23.333333333333332,-9.999999999999998,0.5061775943272466,0.025706620078617334,0.8015828383766278,False,2023.09.5
496,substructure,ester,,,,10.0,6.666666666666667,3.333333333333333,1.0,0.025706620078617334,1.0,False,2023.09.5
496,substructure,amide,,,,43.333333333333336,43.333333333333336,0.0,1.0,0.025706620078617334,1.0,False,2023.09.5
496,substructure,urea,,,,0.0,0.0,0.0,1.0,0.025706620078617334,1.0,False,2023.09.5
496,substructure,sulfone,,,,0.0,13.333333333333334,-13.333333333333334,0.11239964317573597,0.025706620078617334,0.2485978700182898,False,2023.09.5
496,substructure,ether,,,,30.0,30.0,0.0,1.0,0.025706620078617334,1.0,False,2023.09.5
496,substructure,amine_primary,,,,3.3333333333333335,13.333333333333334,-10.0,0.35325602140945594,0.025706620078617334,0.6254013661859009,False,2023.09.5
496,substructure,amine_secondary,,,,50.0,43.333333333333336,6.666666666666664,0.7961071585895803,0.025706620078617334,1.0,False,2023.09.5
496,substructure,amine_tertiary,,,,3.3333333333333335,20.0,-16.666666666666668,0.10278971697348147,0.025706620078617334,0.23742385618320486,False,2023.09.5
496,substructure,ketone,,,,10.0,3.3333333333333335,6.666666666666666,0.6119536128456737,0.025706620078617334,0.9176986186575842,False,2023.09.5
496,substructure,alkyne,,,,16.666666666666664,6.666666666666667,9.999999999999996,0.42380990998296975,0.025706620078617334,0.7210414411785893,False,2023.09.5
503,descriptor,MolWt,157.08236666666667,334.3799,-177.29753333333335,,,,3.0179667984904466e-11,0.1327135458913084,8.023908189881195e-10,False,2023.09.5
503,descriptor,MolLogP,2.382335333333334,2.591747333333335,-0.20941200000000082,,,,0.6952153990669099,0.1327135458913084,1.0,False,2023.09.5
503,descriptor,TPSA,17.298999999999996,70.60666666666665,-53.30766666666666,,,,1.262583304139084e-10,0.1327135458913084,2.3578147646635064e-09,False,2023.09.5
503,descriptor,QED,0.5777726085472171,0.8108248922653375,-0.23305228371812037,,,,1.5580751206267116e-08,0.1327135458913084,1.5193151237835346e-07,False,2023.09.5
503,descriptor,NumRotatableBonds,1.8,4.133333333333334,-2.333333333333334,,,,8.363402450190769e-07,0.1327135458913084,5.8915854626877675e-06,False,2023.09.5
503,descriptor,NumHDonors,0.2,1.1,-0.9000000000000001,,,,5.428524062900669e-07,0.1327135458913084,4.0136720076259e-06,False,2023.09.5
503,descriptor,NumHAcceptors,0.9333333333333333,4.366666666666666,-3.4333333333333327,,,,4.8610423085676285e-11,0.1327135458913084,1.112420028879725e-09,False,2023.09.5
503,descriptor,NumAromaticRings,0.7333333333333333,1.5666666666666667,-0.8333333333333334,,,,1.1897228175003112e-05,0.1327135458913084,6.957330331586016e-05,False,2023.09.5
503,descriptor,NumAliphaticRings,0.36666666666666664,1.1333333333333333,-0.7666666666666666,,,,6.36689257211231e-05,0.1327135458913084,0.00032346177288613713,False,2023.09.5
503,descriptor,HeavyAtomCount,10.6,23.2,-12.6,,,,2.4681384477192375e-11,0.1327135458913084,8.023908189881195e-10,False,2023.09.5
503,descriptor,FractionCSP3,0.4488804713804714,0.504829789090625,-0.055949317710153657,,,,0.29697621377551364,0.1327135458913084,0.5473140939249246,False,2023.09.5
503,substructure,halogen_F,,,,16.666666666666664,36.666666666666664,-20.0,0.14316508132189698,0.1327135458913084,0.30753692726716775,False,2023.09.5
503,substructure,halogen_Cl,,,,0.0,20.0,-20.0,0.023720703916957266,0.1327135458913084,0.067078762005167,False,2023.09.5
503,substructure,halogen_Br,,,,20.0,13.333333333333334,6.666666666666666,0.7306423241784982,0.1327135458913084,1.0,False,2023.09.5
503,substructure,halogen_I,,,,0.0,0.0,0.0,1.0,0.1327135458913084,1.0,False,2023.09.5
503,substructure,boron,,,,0.0,0.0,0.0,1.0,0.1327135458913084,1.0,False,2023.09.5
503,substructure,boronic_acid_or_ester,,,,0.0,0.0,0.0,1.0,0.1327135458913084,1.0,False,2023.09.5
503,substructure,nitro,,,,0.0,0.0,0.0,1.0,0.1327135458913084,1.0,False,2023.09.5
503,substructure,nitrile,,,,33.33333333333333,30.0,3.3333333333333286,1.0,0.1327135458913084,1.0,False,2023.09.5
503,substructure,aromatic_N,,,,20.0,76.66666666666667,-56.66666666666667,2.2672724439932287e-05,0.1327135458913084,0.0001253649665610223,True,2023.09.5
503,substructure,aromatic_O,,,,0.0,10.0,-10.0,0.23728813559322035,0.1327135458913084,0.4564741150697567,False,2023.09.5
503,substructure,aromatic_S,,,,3.3333333333333335,3.3333333333333335,0.0,1.0,0.1327135458913084,1.0,False,2023.09.5
503,substructure,pyridine,,,,13.333333333333334,36.666666666666664,-23.33333333333333,0.07161837006434509,0.1327135458913084,0.17278313655377342,False,2023.09.5
503,substructure,benzene,,,,50.0,53.333333333333336,-3.3333333333333357,1.0,0.1327135458913084,1.0,False,2023.09.5
503,substructure,phenol,,,,0.0,0.0,0.0,1.0,0.1327135458913084,1.0,False,2023.09.5
503,substructure,alcohol,,,,3.3333333333333335,16.666666666666664,-13.33333333333333,0.19450977211904957,0.1327135458913084,0.3940963090170508,False,2023.09.5
503,substructure,carboxylic_acid,,,,0.0,23.333333333333332,-23.333333333333332,0.010542535074203226,0.1327135458913084,0.03268433544148048,False,2023.09.5
503,substructure,ester,,,,0.0,6.666666666666667,-6.666666666666667,0.4915254237288137,0.1327135458913084,0.7853847222987215,False,2023.09.5
503,substructure,amide,,,,0.0,66.66666666666666,-66.66666666666666,1.4334985450146902e-08,0.1327135458913084,1.411746452664965e-07,True,2023.09.5
503,substructure,urea,,,,0.0,3.3333333333333335,-3.3333333333333335,1.0,0.1327135458913084,1.0,False,2023.09.5
503,substructure,sulfone,,,,0.0,3.3333333333333335,-3.3333333333333335,1.0,0.1327135458913084,1.0,False,2023.09.5
503,substructure,ether,,,,3.3333333333333335,33.33333333333333,-29.999999999999996,0.005579091919870972,0.1327135458913084,0.018910637766069504,False,2023.09.5
503,substructure,amine_primary,,,,3.3333333333333335,10.0,-6.666666666666666,0.6119536128456737,0.1327135458913084,0.9176986186575842,False,2023.09.5
503,substructure,amine_secondary,,,,13.333333333333334,30.0,-16.666666666666664,0.20923627896279956,0.1327135458913084,0.4200641117716651,False,2023.09.5
503,substructure,amine_tertiary,,,,0.0,20.0,-20.0,0.023720703916957266,0.1327135458913084,0.067078762005167,False,2023.09.5
503,substructure,ketone,,,,6.666666666666667,6.666666666666667,0.0,1.0,0.1327135458913084,1.0,False,2023.09.5
503,substructure,alkyne,,,,3.3333333333333335,0.0,3.3333333333333335,1.0,0.1327135458913084,1.0,False,2023.09.5
518,descriptor,MolWt,495.5510333333336,292.9871,202.56393333333358,,,,3.019859359162157e-11,0.3235165657952206,8.023908189881195e-10,False,2023.09.5
518,descriptor,MolLogP,3.275429333333335,1.8519173333333336,1.4235120000000014,,,,9.211268793716519e-05,0.3235165657952206,0.00044910607332910955,False,2023.09.5
518,descriptor,TPSA,121.66033333333333,69.08633333333334,52.573999999999984,,,,7.772549509742644e-09,0.3235165657952206,7.992603508849645e-08,False,2023.09.5
518,descriptor,QED,0.43494982193301196,0.7766196690596298,-0.3416698471266178,,,,5.072313498155901e-10,0.3235165657952206,7.521082074606447e-09,False,2023.09.5
518,descriptor,NumRotatableBonds,6.566666666666666,3.8,2.7666666666666666,,,,0.00017398270912741493,0.3235165657952206,0.0008103500534534537,False,2023.09.5
518,descriptor,NumHDonors,1.7666666666666666,1.5,0.2666666666666666,,,,0.37153097685792846,0.3235165657952206,0.654602197321112,False,2023.09.5
518,descriptor,NumHAcceptors,8.266666666666667,4.0,4.2666666666666675,,,,6.969489760388205e-11,0.3235165657952206,1.5077710361408146e-09,False,2023.09.5
518,descriptor,NumAromaticRings,3.0,1.1333333333333333,1.8666666666666667,,,,2.222489433092855e-08,0.3235165657952206,2.1202013652083405e-07,False,2023.09.5
518,descriptor,NumAliphaticRings,0.8333333333333334,1.5333333333333334,-0.7000000000000001,,,,0.003026194838662805,0.3235165657952206,0.011062516497013892,False,2023.09.5
518,descriptor,HeavyAtomCount,34.86666666666667,20.633333333333333,14.233333333333334,,,,2.2463113955227176e-11,0.3235165657952206,8.023908189881195e-10,False,2023.09.5
518,descriptor,FractionCSP3,0.4406682817563825,0.5634080244374362,-0.1227397426810537,,,,0.039109842780733386,0.3235165657952206,0.10433683798444979,False,2023.09.5
518,substructure,halogen_F,,,,33.33333333333333,13.333333333333334,19.999999999999993,0.12527840350750902,0.3235165657952206,0.2723652935124812,False,2023.09.5
518,substructure,halogen_Cl,,,,6.666666666666667,16.666666666666664,-9.999999999999996,0.42380990998296975,0.3235165657952206,0.7210414411785893,False,2023.09.5
518,substructure,halogen_Br,,,,10.0,3.3333333333333335,6.666666666666666,0.6119536128456737,0.3235165657952206,0.9176986186575842,False,2023.09.5
518,substructure,halogen_I,,,,0.0,0.0,0.0,1.0,0.3235165657952206,1.0,False,2023.09.5
518,substructure,boron,,,,0.0,0.0,0.0,1.0,0.3235165657952206,1.0,False,2023.09.5
518,substructure,boronic_acid_or_ester,,,,0.0,0.0,0.0,1.0,0.3235165657952206,1.0,False,2023.09.5
518,substructure,nitro,,,,0.0,0.0,0.0,1.0,0.3235165657952206,1.0,False,2023.09.5
518,substructure,nitrile,,,,3.3333333333333335,16.666666666666664,-13.33333333333333,0.19450977211904957,0.3235165657952206,0.3940963090170508,False,2023.09.5
518,substructure,aromatic_N,,,,100.0,46.666666666666664,53.333333333333336,1.9440445652776148e-06,0.3235165657952206,1.280611053899181e-05,True,2023.09.5
518,substructure,aromatic_O,,,,6.666666666666667,10.0,-3.333333333333333,1.0,0.3235165657952206,1.0,False,2023.09.5
518,substructure,aromatic_S,,,,6.666666666666667,6.666666666666667,0.0,1.0,0.3235165657952206,1.0,False,2023.09.5
518,substructure,pyridine,,,,20.0,10.0,10.0,0.4716445589655157,0.3235165657952206,0.7853847222987215,False,2023.09.5
518,substructure,benzene,,,,73.33333333333333,46.666666666666664,26.666666666666664,0.06407239599978798,0.3235165657952206,0.1562924311541347,False,2023.09.5
518,substructure,phenol,,,,0.0,3.3333333333333335,-3.3333333333333335,1.0,0.3235165657952206,1.0,False,2023.09.5
518,substructure,alcohol,,,,13.333333333333334,20.0,-6.666666666666666,0.7306423241784982,0.3235165657952206,1.0,False,2023.09.5
518,substructure,carboxylic_acid,,,,40.0,23.333333333333332,16.666666666666668,0.2668356607208132,0.3235165657952206,0.49948103110813213,False,2023.09.5
518,substructure,ester,,,,63.33333333333333,13.333333333333334,49.99999999999999,0.0001390140727483938,0.3235165657952206,0.0006622824476665357,True,2023.09.5
518,substructure,amide,,,,73.33333333333333,73.33333333333333,0.0,1.0,0.3235165657952206,1.0,False,2023.09.5
518,substructure,urea,,,,0.0,0.0,0.0,1.0,0.3235165657952206,1.0,False,2023.09.5
518,substructure,sulfone,,,,3.3333333333333335,0.0,3.3333333333333335,1.0,0.3235165657952206,1.0,False,2023.09.5
518,substructure,ether,,,,70.0,40.0,30.0,0.0369923959405111,0.3235165657952206,0.09942491210351899,False,2023.09.5
518,substructure,amine_primary,,,,6.666666666666667,23.333333333333332,-16.666666666666664,0.1454992249936118,0.3235165657952206,0.30902973806314865,False,2023.09.5
518,substructure,amine_secondary,,,,23.333333333333332,30.0,-6.666666666666668,0.771023976031026,0.3235165657952206,1.0,False,2023.09.5
518,substructure,amine_tertiary,,,,20.0,10.0,10.0,0.4716445589655157,0.3235165657952206,0.7853847222987215,False,2023.09.5
518,substructure,ketone,,,,6.666666666666667,6.666666666666667,0.0,1.0,0.3235165657952206,1.0,False,2023.09.5
518,substructure,alkyne,,,,6.666666666666667,3.3333333333333335,3.3333333333333335,1.0,0.3235165657952206,1.0,False,2023.09.5
538,descriptor,MolWt,288.7348333333333,372.2561666666668,-83.52133333333347,,,,7.76884881200133e-09,0.5620203406751108,7.992603508849645e-08,False,2023.09.5
538,descriptor,MolLogP,1.839103333333334,2.586208666666668,-0.7471053333333342,,,,0.014410824178630795,0.5620203406751108,0.04332000981260389,False,2023.09.5
538,descriptor,TPSA,72.56800000000001,85.92666666666668,-13.358666666666664,,,,0.12233215764092573,0.5620203406751108,0.26787224120598724,False,2023.09.5
538,descriptor,QED,0.6895792917115967,0.7502743396788781,-0.060695047967281424,,,,0.11881222174683102,0.5620203406751108,0.26074145559628825,False,2023.09.5
538,descriptor,NumRotatableBonds,3.9,4.233333333333333,-0.3333333333333335,,,,0.4702101203030751,0.5620203406751108,0.7853847222987215,False,2023.09.5
538,descriptor,NumHDonors,1.2,1.3,-0.10000000000000009,,,,0.6577109595333712,0.5620203406751108,0.9825953542613647,False,2023.09.5
538,descriptor,NumHAcceptors,4.733333333333333,5.1,-0.36666666666666625,,,,0.6607044888684825,0.5620203406751108,0.984610081809964,False,2023.09.5
538,descriptor,NumAromaticRings,1.2,1.9,-0.7,,,,0.0009199051592848777,0.5620203406751108,0.0037468153555646404,False,2023.09.5
538,descriptor,NumAliphaticRings,1.5666666666666667,1.2333333333333334,0.33333333333333326,,,,0.21375567767446357,0.5620203406751108,0.4287024964099297,False,2023.09.5
538,descriptor,HeavyAtomCount,20.366666666666667,25.966666666666665,-5.599999999999998,,,,1.7894851037736772e-11,0.5620203406751108,8.023908189881195e-10,False,2023.09.5
538,descriptor,FractionCSP3,0.5647965227067394,0.43490525944793,0.1298912632588094,,,,0.017584494739412815,0.5620203406751108,0.052141062095928996,False,2023.09.5
538,substructure,halogen_F,,,,0.0,50.0,-50.0,5.832133695832843e-06,0.5620203406751108,3.5964824457635866e-05,True,2023.09.5
538,substructure,halogen_Cl,,,,0.0,10.0,-10.0,0.23728813559322035,0.5620203406751108,0.4564741150697567,False,2023.09.5
538,substructure,halogen_Br,,,,13.333333333333334,10.0,3.333333333333334,1.0,0.5620203406751108,1.0,False,2023.09.5
538,substructure,halogen_I,,,,0.0,0.0,0.0,1.0,0.5620203406751108,1.0,False,2023.09.5
538,substructure,boron,,,,0.0,0.0,0.0,1.0,0.5620203406751108,1.0,False,2023.09.5
538,substructure,boronic_acid_or_ester,,,,0.0,0.0,0.0,1.0,0.5620203406751108,1.0,False,2023.09.5
538,substructure,nitro,,,,0.0,0.0,0.0,1.0,0.5620203406751108,1.0,False,2023.09.5
538,substructure,nitrile,,,,20.0,33.33333333333333,-13.333333333333329,0.38165411884707007,0.5620203406751108,0.6694588642071557,False,2023.09.5
538,substructure,aromatic_N,,,,56.666666666666664,73.33333333333333,-16.666666666666664,0.27891240541475437,0.5620203406751108,0.5196302178997706,False,2023.09.5
538,substructure,aromatic_O,,,,0.0,10.0,-10.0,0.23728813559322035,0.5620203406751108,0.4564741150697567,False,2023.09.5
538,substructure,aromatic_S,,,,0.0,3.3333333333333335,-3.3333333333333335,1.0,0.5620203406751108,1.0,False,2023.09.5
538,substructure,pyridine,,,,10.0,36.666666666666664,-26.666666666666664,0.03034142126191129,0.5620203406751108,0.0827284344186686,False,2023.09.5
538,substructure,benzene,,,,50.0,63.33333333333333,-13.333333333333329,0.4348155587047394,0.5620203406751108,0.7375470423787761,False,2023.09.5
538,substructure,phenol,,,,0.0,0.0,0.0,1.0,0.5620203406751108,1.0,False,2023.09.5
538,substructure,alcohol,,,,16.666666666666664,23.333333333333332,-6.666666666666668,0.7480497930241055,0.5620203406751108,1.0,False,2023.09.5
538,substructure,carboxylic_acid,,,,0.0,40.0,-40.0,0.0001236183632391236,0.5620203406751108,0.0005925001211424823,True,2023.09.5
538,substructure,ester,,,,3.3333333333333335,20.0,-16.666666666666668,0.10278971697348147,0.5620203406751108,0.23742385618320486,False,2023.09.5
538,substructure,amide,,,,16.666666666666664,53.333333333333336,-36.66666666666667,0.006107224773226807,0.5620203406751108,0.020421032835477134,False,2023.09.5
538,substructure,urea,,,,0.0,0.0,0.0,1.0,0.5620203406751108,1.0,False,2023.09.5
538,substructure,sulfone,,,,0.0,6.666666666666667,-6.666666666666667,0.4915254237288137,0.5620203406751108,0.7853847222987215,False,2023.09.5
538,substructure,ether,,,,3.3333333333333335,40.0,-36.666666666666664,0.001050756087532551,0.5620203406751108,0.004219009483307677,True,2023.09.5
538,substructure,amine_primary,,,,16.666666666666664,10.0,6.666666666666664,0.7064691994252865,0.5620203406751108,1.0,False,2023.09.5
538,substructure,amine_secondary,,,,56.666666666666664,10.0,46.666666666666664,0.000250733731731787,0.5620203406751108,0.0011357606909910122,True,2023.09.5
538,substructure,amine_tertiary,,,,46.666666666666664,33.33333333333333,13.333333333333336,0.4295691931947636,0.5620203406751108,0.7289603239854561,False,2023.09.5
538,substructure,ketone,,,,3.3333333333333335,6.666666666666667,-3.3333333333333335,1.0,0.5620203406751108,1.0,False,2023.09.5
538,substructure,alkyne,,,,20.0,0.0,20.0,0.023720703916957266,0.5620203406751108,0.067078762005167,False,2023.09.5
541,descriptor,MolWt,148.88559999999998,340.06300000000005,-191.17740000000006,,,,3.3383888204288e-11,0.056654395707244024,8.209118844768709e-10,False,2023.09.5
541,descriptor,MolLogP,1.6216933333333334,2.5229606666666684,-0.901267333333335,,,,0.007958995661045572,0.056654395707244024,0.026041044481057374,False,2023.09.5
541,descriptor,TPSA,26.502,69.961,-43.459,,,,5.992697041579438e-08,0.056654395707244024,5.276079094320886e-07,False,2023.09.5
541,descriptor,QED,0.5347025100630768,0.7547201312373218,-0.22001762117424506,,,,3.1967402228021653e-09,0.056654395707244024,3.777878967783216e-08,False,2023.09.5
541,descriptor,NumRotatableBonds,0.9666666666666667,3.9,-2.933333333333333,,,,2.596552081535057e-09,0.056654395707244024,3.134070027682101e-08,False,2023.09.5
541,descriptor,NumHDonors,0.36666666666666664,1.1,-0.7333333333333334,,,,0.0005712186851493378,0.056654395707244024,0.0024238529201567292,False,2023.09.5
541,descriptor,NumHAcceptors,1.9,4.466666666666667,-2.566666666666667,,,,9.570534248581236e-08,0.056654395707244024,8.078836906211752e-07,False,2023.09.5
541,descriptor,NumAromaticRings,0.9,1.6333333333333333,-0.7333333333333333,,,,0.0014412545688477535,0.056654395707244024,0.005705926838068256,False,2023.09.5
541,descriptor,NumAliphaticRings,0.3,1.1666666666666667,-0.8666666666666667,,,,6.567126365218971e-05,0.056654395707244024,0.000330358999744624,False,2023.09.5
541,descriptor,HeavyAtomCount,9.466666666666667,22.966666666666665,-13.499999999999998,,,,1.8967963609473626e-11,0.056654395707244024,8.023908189881195e-10,False,2023.09.5
541,descriptor,FractionCSP3,0.4091666666666667,0.47195866139364584,-0.06279199472697916,,,,0.16602243036058506,0.056654395707244024,0.35073788783220716,False,2023.09.5
541,substructure,halogen_F,,,,10.0,33.33333333333333,-23.33333333333333,0.05746627333208208,0.056654395707244024,0.14148568166773196,False,2023.09.5
541,substructure,halogen_Cl,,,,40.0,16.666666666666664,23.333333333333336,0.08403556788590366,0.056654395707244024,0.19850645182595025,False,2023.09.5
541,substructure,halogen_Br,,,,0.0,23.333333333333332,-23.333333333333332,0.010542535074203226,0.056654395707244024,0.03268433544148048,False,2023.09.5
541,substructure,halogen_I,,,,0.0,0.0,0.0,1.0,0.056654395707244024,1.0,False,2023.09.5
541,substructure,boron,,,,6.666666666666667,0.0,6.666666666666667,0.4915254237288137,0.056654395707244024,0.7853847222987215,False,2023.09.5
541,substructure,boronic_acid_or_ester,,,,0.0,0.0,0.0,1.0,0.056654395707244024,1.0,False,2023.09.5
541,substructure,nitro,,,,0.0,0.0,0.0,1.0,0.056654395707244024,1.0,False,2023.09.5
541,substructure,nitrile,,,,6.666666666666667,16.666666666666664,-9.999999999999996,0.42380990998296975,0.056654395707244024,0.7210414411785893,False,2023.09.5
541,substructure,aromatic_N,,,,56.666666666666664,56.666666666666664,0.0,1.0,0.056654395707244024,1.0,False,2023.09.5
541,substructure,aromatic_O,,,,0.0,13.333333333333334,-13.333333333333334,0.11239964317573597,0.056654395707244024,0.2485978700182898,False,2023.09.5
541,substructure,aromatic_S,,,,20.0,6.666666666666667,13.333333333333332,0.2542143363175797,0.056654395707244024,0.4790264433514032,False,2023.09.5
541,substructure,pyridine,,,,16.666666666666664,20.0,-3.3333333333333357,1.0,0.056654395707244024,1.0,False,2023.09.5
541,substructure,benzene,,,,16.666666666666664,60.0,-43.333333333333336,0.0011931623140494846,0.056654395707244024,0.004761824194880957,True,2023.09.5
541,substructure,phenol,,,,0.0,3.3333333333333335,-3.3333333333333335,1.0,0.056654395707244024,1.0,False,2023.09.5
541,substructure,alcohol,,,,0.0,16.666666666666664,-16.666666666666664,0.052185548617305996,0.056654395707244024,0.13009702690761193,False,2023.09.5
541,substructure,carboxylic_acid,,,,0.0,23.333333333333332,-23.333333333333332,0.010542535074203226,0.056654395707244024,0.03268433544148048,False,2023.09.5
541,substructure,ester,,,,0.0,23.333333333333332,-23.333333333333332,0.010542535074203226,0.056654395707244024,0.03268433544148048,False,2023.09.5
541,substructure,amide,,,,0.0,60.0,-60.0,1.8700640109964368e-07,0.056654395707244024,1.4926579474868738e-06,True,2023.09.5
541,substructure,urea,,,,0.0,3.3333333333333335,-3.3333333333333335,1.0,0.056654395707244024,1.0,False,2023.09.5
541,substructure,sulfone,,,,0.0,3.3333333333333335,-3.3333333333333335,1.0,0.056654395707244024,1.0,False,2023.09.5
541,substructure,ether,,,,6.666666666666667,33.33333333333333,-26.66666666666666,0.0211452463435343,0.056654395707244024,0.061645088567048825,False,2023.09.5
541,substructure,amine_primary,,,,10.0,13.333333333333334,-3.333333333333334,1.0,0.056654395707244024,1.0,False,2023.09.5
541,substructure,amine_secondary,,,,6.666666666666667,16.666666666666664,-9.999999999999996,0.42380990998296975,0.056654395707244024,0.7210414411785893,False,2023.09.5
541,substructure,amine_tertiary,,,,10.0,23.333333333333332,-13.333333333333332,0.2989793821568606,0.056654395707244024,0.5473140939249246,False,2023.09.5
541,substructure,ketone,,,,0.0,6.666666666666667,-6.666666666666667,0.4915254237288137,0.056654395707244024,0.7853847222987215,False,2023.09.5
541,substructure,alkyne,,,,0.0,10.0,-10.0,0.23728813559322035,0.056654395707244024,0.4564741150697567,False,2023.09.5
547,descriptor,MolWt,350.4632000000001,333.04990000000015,17.413299999999936,,,,0.5105979366056446,0.0017470518500031197,0.8079365431741594,False,2023.09.5
547,descriptor,MolLogP,2.967244666666668,2.265878000000001,0.7013666666666669,,,,0.05554569313434556,0.0017470518500031197,0.13761289056249942,False,2023.09.5
547,descriptor,TPSA,66.27966666666666,76.21266666666665,-9.932999999999993,,,,0.08496937493696251,0.0017470518500031197,0.20030583473267308,False,2023.09.5
547,descriptor,QED,0.7305586666095303,0.7303224894284348,0.00023617718109547603,,,,0.6843225867624494,0.0017470518500031197,1.0,False,2023.09.5
547,descriptor,NumRotatableBonds,3.533333333333333,3.8333333333333335,-0.30000000000000027,,,,0.558782906113535,0.0017470518500031197,0.8726712131374694,False,2023.09.5
547,descriptor,NumHDonors,1.1333333333333333,1.2,-0.06666666666666665,,,,0.9807612633930642,0.0017470518500031197,1.0,False,2023.09.5
547,descriptor,NumHAcceptors,4.3,4.633333333333334,-0.3333333333333339,,,,0.6055501787266826,0.0017470518500031197,0.9176986186575842,False,2023.09.5
547,descriptor,NumAromaticRings,1.5,1.5,0.0,,,,0.870963722454956,0.0017470518500031197,1.0,False,2023.09.5
547,descriptor,NumAliphaticRings,2.6,1.6,1.0,,,,0.0061664236963138155,0.0017470518500031197,0.020601579252072906,False,2023.09.5
547,descriptor,HeavyAtomCount,24.333333333333332,23.8,0.5333333333333314,,,,0.7538895626708304,0.0017470518500031197,1.0,False,2023.09.5
547,descriptor,FractionCSP3,0.5930805978855852,0.5219588811601196,0.07112171672546563,,,,0.2971709977055633,0.0017470518500031197,0.5473140939249246,False,2023.09.5
547,substructure,halogen_F,,,,23.333333333333332,33.33333333333333,-9.999999999999996,0.567489732503049,0.0017470518500031197,0.8824398472032879,False,2023.09.5
547,substructure,halogen_Cl,,,,0.0,16.666666666666664,-16.666666666666664,0.052185548617305996,0.0017470518500031197,0.13009702690761193,False,2023.09.5
547,substructure,halogen_Br,,,,0.0,0.0,0.0,1.0,0.0017470518500031197,1.0,False,2023.09.5
547,substructure,halogen_I,,,,3.3333333333333335,0.0,3.3333333333333335,1.0,0.0017470518500031197,1.0,False,2023.09.5
547,substructure,boron,,,,43.333333333333336,0.0,43.333333333333336,4.635688621467135e-05,0.0017470518500031197,0.00024180093876664542,True,2023.09.5
547,substructure,boronic_acid_or_ester,,,,40.0,0.0,40.0,0.0001236183632391236,0.0017470518500031197,0.0005925001211424823,True,2023.09.5
547,substructure,nitro,,,,0.0,0.0,0.0,1.0,0.0017470518500031197,1.0,False,2023.09.5
547,substructure,nitrile,,,,10.0,23.333333333333332,-13.333333333333332,0.2989793821568606,0.0017470518500031197,0.5473140939249246,False,2023.09.5
547,substructure,aromatic_N,,,,56.666666666666664,60.0,-3.3333333333333357,1.0,0.0017470518500031197,1.0,False,2023.09.5
547,substructure,aromatic_O,,,,10.0,6.666666666666667,3.333333333333333,1.0,0.0017470518500031197,1.0,False,2023.09.5
547,substructure,aromatic_S,,,,16.666666666666664,0.0,16.666666666666664,0.052185548617305996,0.0017470518500031197,0.13009702690761193,False,2023.09.5
547,substructure,pyridine,,,,20.0,20.0,0.0,1.0,0.0017470518500031197,1.0,False,2023.09.5
547,substructure,benzene,,,,53.333333333333336,53.333333333333336,0.0,1.0,0.0017470518500031197,1.0,False,2023.09.5
547,substructure,phenol,,,,0.0,0.0,0.0,1.0,0.0017470518500031197,1.0,False,2023.09.5
547,substructure,alcohol,,,,23.333333333333332,26.666666666666668,-3.3333333333333357,1.0,0.0017470518500031197,1.0,False,2023.09.5
547,substructure,carboxylic_acid,,,,20.0,23.333333333333332,-3.333333333333332,1.0,0.0017470518500031197,1.0,False,2023.09.5
547,substructure,ester,,,,6.666666666666667,16.666666666666664,-9.999999999999996,0.42380990998296975,0.0017470518500031197,0.7210414411785893,False,2023.09.5
547,substructure,amide,,,,20.0,60.0,-40.0,0.003329949289659802,0.0017470518500031197,0.012083656496574845,False,2023.09.5
547,substructure,urea,,,,0.0,0.0,0.0,1.0,0.0017470518500031197,1.0,False,2023.09.5
547,substructure,sulfone,,,,13.333333333333334,0.0,13.333333333333334,0.11239964317573597,0.0017470518500031197,0.2485978700182898,False,2023.09.5
547,substructure,ether,,,,16.666666666666664,56.666666666666664,-40.0,0.002779673045104637,0.0017470518500031197,0.01020846529273586,False,2023.09.5
547,substructure,amine_primary,,,,6.666666666666667,3.3333333333333335,3.3333333333333335,1.0,0.0017470518500031197,1.0,False,2023.09.5
547,substructure,amine_secondary,,,,26.666666666666668,23.333333333333332,3.3333333333333357,1.0,0.0017470518500031197,1.0,False,2023.09.5
547,substructure,amine_tertiary,,,,23.333333333333332,13.333333333333334,9.999999999999998,0.5061775943272466,0.0017470518500031197,0.8015828383766278,False,2023.09.5
547,substructure,ketone,,,,6.666666666666667,13.333333333333334,-6.666666666666667,0.6707485199902685,0.0017470518500031197,0.984610081809964,False,2023.09.5
547,substructure,alkyne,,,,6.666666666666667,6.666666666666667,0.0,1.0,0.0017470518500031197,1.0,False,2023.09.5
557,descriptor,MolWt,240.36569999999998,362.45540000000005,-122.08970000000008,,,,2.438626624144956e-09,0.49603793598302864,2.9524534571834495e-08,False,2023.09.5
557,descriptor,MolLogP,0.8621113333333336,2.7561520000000006,-1.8940406666666671,,,,5.462032862122393e-06,0.49603793598302864,3.394692009598517e-05,False,2023.09.5
557,descriptor,TPSA,67.78933333333333,76.49533333333333,-8.706000000000003,,,,0.1808813543958765,0.49603793598302864,0.37631417060357425,False,2023.09.5
557,descriptor,QED,0.5726467125612275,0.7705434912786108,-0.19789677871738331,,,,4.4440478739951943e-07,0.49603793598302864,3.319619911914523e-06,False,2023.09.5
557,descriptor,NumRotatableBonds,3.3,4.3,-1.0,,,,0.019412244137647736,0.49603793598302864,0.05726756672201743,False,2023.09.5
557,descriptor,NumHDonors,0.8,1.1,-0.30000000000000004,,,,0.1307520708486492,0.49603793598302864,0.28333193677602747,False,2023.09.5
557,descriptor,NumHAcceptors,3.8333333333333335,5.033333333333333,-1.1999999999999997,,,,0.006735817003129465,0.49603793598302864,0.02242817452934361,False,2023.09.5
557,descriptor,NumAromaticRings,0.23333333333333334,1.8,-1.5666666666666667,,,,4.904681779637153e-10,0.49603793598302864,7.3063395130785536e-09,False,2023.09.5
557,descriptor,NumAliphaticRings,0.26666666666666666,1.3333333333333333,-1.0666666666666667,,,,1.8927278130003309e-06,0.49603793598302864,1.2636272195056171e-05,False,2023.09.5
557,descriptor,HeavyAtomCount,13.733333333333333,25.366666666666667,-11.633333333333335,,,,2.690992715531685e-11,0.49603793598302864,8.023908189881195e-10,False,2023.09.5
557,descriptor,FractionCSP3,0.6918181818181817,0.4568098853044674,0.23500829651371424,,,,0.001283312752211676,0.49603793598302864,0.005106166016086457,False,2023.09.5
557,substructure,halogen_F,,,,33.33333333333333,30.0,3.3333333333333286,1.0,0.49603793598302864,1.0,False,2023.09.5
557,substructure,halogen_Cl,,,,50.0,10.0,40.0,0.0015063632760577872,0.49603793598302864,0.005916361319357916,True,2023.09.5
557,substructure,halogen_Br,,,,6.666666666666667,13.333333333333334,-6.666666666666667,0.6707485199902685,0.49603793598302864,0.984610081809964,False,2023.09.5
557,substructure,halogen_I,,,,0.0,0.0,0.0,1.0,0.49603793598302864,1.0,False,2023.09.5
557,substructure,boron,,,,0.0,0.0,0.0,1.0,0.49603793598302864,1.0,False,2023.09.5
557,substructure,boronic_acid_or_ester,,,,0.0,0.0,0.0,1.0,0.49603793598302864,1.0,False,2023.09.5
557,substructure,nitro,,,,0.0,0.0,0.0,1.0,0.49603793598302864,1.0,False,2023.09.5
557,substructure,nitrile,,,,0.0,26.666666666666668,-26.666666666666668,0.004575062390691967,0.49603793598302864,0.015888308776096052,False,2023.09.5
557,substructure,aromatic_N,,,,13.333333333333334,70.0,-56.666666666666664,1.6055102923800086e-05,0.49603793598302864,9.132493171742032e-05,True,2023.09.5
557,substructure,aromatic_O,,,,3.3333333333333335,6.666666666666667,-3.3333333333333335,1.0,0.49603793598302864,1.0,False,2023.09.5
557,substructure,aromatic_S,,,,0.0,0.0,0.0,1.0,0.49603793598302864,1.0,False,2023.09.5
557,substructure,pyridine,,,,0.0,30.0,-30.0,0.0019356033191389092,0.49603793598302864,0.007333065588967408,False,2023.09.5
557,substructure,benzene,,,,6.666666666666667,63.33333333333333,-56.666666666666664,6.181636680251984e-06,0.49603793598302864,3.770893623592851e-05,True,2023.09.5
557,substructure,phenol,,,,0.0,0.0,0.0,1.0,0.49603793598302864,1.0,False,2023.09.5
557,substructure,alcohol,,,,6.666666666666667,6.666666666666667,0.0,1.0,0.49603793598302864,1.0,False,2023.09.5
557,substructure,carboxylic_acid,,,,23.333333333333332,16.666666666666664,6.666666666666668,0.7480497930241055,0.49603793598302864,1.0,False,2023.09.5
557,substructure,ester,,,,30.0,33.33333333333333,-3.3333333333333286,1.0,0.49603793598302864,1.0,False,2023.09.5
557,substructure,amide,,,,30.0,60.0,-30.0,0.03699239594051111,0.49603793598302864,0.09942491210351899,False,2023.09.5
557,substructure,urea,,,,0.0,0.0,0.0,1.0,0.49603793598302864,1.0,False,2023.09.5
557,substructure,sulfone,,,,46.666666666666664,3.3333333333333335,43.33333333333333,0.00016986089389113158,0.49603793598302864,0.0007920839563191872,True,2023.09.5
557,substructure,ether,,,,40.0,56.666666666666664,-16.666666666666664,0.30146712322675134,0.49603793598302864,0.5502574185591097,False,2023.09.5
557,substructure,amine_primary,,,,13.333333333333334,13.333333333333334,0.0,1.0,0.49603793598302864,1.0,False,2023.09.5
557,substructure,amine_secondary,,,,13.333333333333334,36.666666666666664,-23.33333333333333,0.07161837006434509,0.49603793598302864,0.17278313655377342,False,2023.09.5
557,substructure,amine_tertiary,,,,3.3333333333333335,23.333333333333332,-20.0,0.05231484385878206,0.49603793598302864,0.13009702690761193,False,2023.09.5
557,substructure,ketone,,,,0.0,10.0,-10.0,0.23728813559322035,0.49603793598302864,0.4564741150697567,False,2023.09.5
557,substructure,alkyne,,,,0.0,3.3333333333333335,-3.3333333333333335,1.0,0.49603793598302864,1.0,False,2023.09.5
558,descriptor,MolWt,122.58543333333333,354.83680000000004,-232.2513666666667,,,,3.019859359162157e-11,0.35234292132027206,8.023908189881195e-10,False,2023.09.5
558,descriptor,MolLogP,0.8103466666666665,3.013386000000002,-2.2030393333333356,,,,3.1967402228021653e-09,0.35234292132027206,3.777878967783216e-08,False,2023.09.5
558,descriptor,TPSA,34.69233333333333,72.48166666666665,-37.789333333333325,,,,6.508626771361837e-08,0.35234292132027206,5.638436189895298e-07,False,2023.09.5
558,descriptor,QED,0.48654771245518863,0.7745463055483548,-0.28799859309316617,,,,2.6015113749963406e-08,0.35234292132027206,2.458086762198213e-07,False,2023.09.5
558,descriptor,NumRotatableBonds,0.43333333333333335,4.2,-3.7666666666666666,,,,2.320497766423172e-11,0.35234292132027206,8.023908189881195e-10,False,2023.09.5
558,descriptor,NumHDonors,0.4,1.1666666666666667,-0.7666666666666667,,,,3.682384388841666e-05,0.35234292132027206,0.00019727415149423756,False,2023.09.5
558,descriptor,NumHAcceptors,2.1666666666666665,4.3,-2.1333333333333333,,,,1.6475571349002006e-07,0.35234292132027206,1.339359075373695e-06,False,2023.09.5
558,descriptor,NumAromaticRings,0.7666666666666667,1.9333333333333333,-1.1666666666666665,,,,4.2653414816476374e-07,0.35234292132027206,3.19215253796654e-06,False,2023.09.5
558,descriptor,NumAliphaticRings,0.36666666666666664,1.1,-0.7333333333333334,,,,7.677377041201384e-05,0.35234292132027206,0.00037710590206099597,False,2023.09.5
558,descriptor,HeavyAtomCount,8.0,24.933333333333334,-16.933333333333334,,,,2.2477568013747304e-11,0.35234292132027206,8.023908189881195e-10,False,2023.09.5
558,descriptor,FractionCSP3,0.44119047619047624,0.39490455266081187,0.046285923529664375,,,,0.7222124328488444,0.35234292132027206,1.0,False,2023.09.5
558,substructure,halogen_F,,,,3.3333333333333335,46.666666666666664,-43.33333333333333,0.00016986089389113158,0.35234292132027206,0.0007920839563191872,True,2023.09.5
558,substructure,halogen_Cl,,,,3.3333333333333335,20.0,-16.666666666666668,0.10278971697348147,0.35234292132027206,0.23742385618320486,False,2023.09.5
558,substructure,halogen_Br,,,,6.666666666666667,6.666666666666667,0.0,1.0,0.35234292132027206,1.0,False,2023.09.5
558,substructure,halogen_I,,,,0.0,0.0,0.0,1.0,0.35234292132027206,1.0,False,2023.09.5
558,substructure,boron,,,,0.0,0.0,0.0,1.0,0.35234292132027206,1.0,False,2023.09.5
558,substructure,boronic_acid_or_ester,,,,0.0,0.0,0.0,1.0,0.35234292132027206,1.0,False,2023.09.5
558,substructure,nitro,,,,0.0,0.0,0.0,1.0,0.35234292132027206,1.0,False,2023.09.5
558,substructure,nitrile,,,,16.666666666666664,36.666666666666664,-20.0,0.14316508132189698,0.35234292132027206,0.30753692726716775,False,2023.09.5
558,substructure,aromatic_N,,,,53.333333333333336,43.333333333333336,10.0,0.6058071732731874,0.35234292132027206,0.9176986186575842,False,2023.09.5
558,substructure,aromatic_O,,,,10.0,3.3333333333333335,6.666666666666666,0.6119536128456737,0.35234292132027206,0.9176986186575842,False,2023.09.5
558,substructure,aromatic_S,,,,23.333333333333332,0.0,23.333333333333332,0.010542535074203226,0.35234292132027206,0.03268433544148048,False,2023.09.5
558,substructure,pyridine,,,,10.0,13.333333333333334,-3.333333333333334,1.0,0.35234292132027206,1.0,False,2023.09.5
558,substructure,benzene,,,,6.666666666666667,86.66666666666667,-80.0,2.322293930828079e-10,0.35234292132027206,3.863009105944691e-09,True,2023.09.5
558,substructure,phenol,,,,0.0,6.666666666666667,-6.666666666666667,0.4915254237288137,0.35234292132027206,0.7853847222987215,False,2023.09.5
558,substructure,alcohol,,,,0.0,26.666666666666668,-26.666666666666668,0.004575062390691967,0.35234292132027206,0.015888308776096052,False,2023.09.5
558,substructure,carboxylic_acid,,,,0.0,16.666666666666664,-16.666666666666664,0.052185548617305996,0.35234292132027206,0.13009702690761193,False,2023.09.5
558,substructure,ester,,,,0.0,13.333333333333334,-13.333333333333334,0.11239964317573597,0.35234292132027206,0.2485978700182898,False,2023.09.5
558,substructure,amide,,,,0.0,56.666666666666664,-56.666666666666664,6.185596344065138e-07,0.35234292132027206,4.436372450390196e-06,True,2023.09.5
558,substructure,urea,,,,0.0,0.0,0.0,1.0,0.35234292132027206,1.0,False,2023.09.5
558,substructure,sulfone,,,,10.0,10.0,0.0,1.0,0.35234292132027206,1.0,False,2023.09.5
558,substructure,ether,,,,13.333333333333334,43.333333333333336,-30.0,0.02037279175315088,0.35234292132027206,0.059745098185721726,False,2023.09.5
558,substructure,amine_primary,,,,6.666666666666667,6.666666666666667,0.0,1.0,0.35234292132027206,1.0,False,2023.09.5
558,substructure,amine_secondary,,,,10.0,16.666666666666664,-6.666666666666664,0.7064691994252865,0.35234292132027206,1.0,False,2023.09.5
558,substructure,amine_tertiary,,,,3.3333333333333335,16.666666666666664,-13.33333333333333,0.19450977211904957,0.35234292132027206,0.3940963090170508,False,2023.09.5
558,substructure,ketone,,,,0.0,6.666666666666667,-6.666666666666667,0.4915254237288137,0.35234292132027206,0.7853847222987215,False,2023.09.5
558,substructure,alkyne,,,,0.0,0.0,0.0,1.0,0.35234292132027206,1.0,False,2023.09.5
561,descriptor,MolWt,508.4412666666669,298.4515,209.98976666666687,,,,3.0179667984904466e-11,0.23095401509951957,8.023908189881195e-10,False,2023.09.5
561,descriptor,MolLogP,4.53454866666667,2.244214000000001,2.2903346666666695,,,,3.3519512970119317e-08,0.23095401509951957,3.1151115457441875e-07,False,2023.09.5
561,descriptor,TPSA,98.20033333333335,65.45066666666668,32.74966666666667,,,,7.195456579561355e-05,0.23095401509951957,0.0003587759773108741,False,2023.09.5
561,descriptor,QED,0.41450450820725887,0.8321213914734027,-0.4176168832661438,,,,4.9751664405934084e-11,0.23095401509951957,1.117478102551713e-09,False,2023.09.5
561,descriptor,NumRotatableBonds,7.2,2.8666666666666667,4.333333333333334,,,,3.3100855663334777e-09,0.23095401509951957,3.8886138745146106e-08,False,2023.09.5
561,descriptor,NumHDonors,1.3333333333333333,1.0333333333333334,0.2999999999999998,,,,0.3028687656199678,0.23095401509951957,0.5523065145506459,False,2023.09.5
561,descriptor,NumHAcceptors,6.566666666666666,4.033333333333333,2.533333333333333,,,,5.410737913366393e-07,0.23095401509951957,4.011444082213024e-06,False,2023.09.5
561,descriptor,NumAromaticRings,2.6,1.3,1.3,,,,3.3002458936933288e-06,0.23095401509951957,2.114186649374092e-05,False,2023.09.5
561,descriptor,NumAliphaticRings,1.2,1.5333333333333334,-0.3333333333333335,,,,0.13462415981339423,0.23095401509951957,0.2915629369262734,False,2023.09.5
561,descriptor,HeavyAtomCount,35.6,20.5,15.100000000000001,,,,1.585016699025318e-11,0.23095401509951957,8.023908189881195e-10,False,2023.09.5
561,descriptor,FractionCSP3,0.46597629420942765,0.5090804701834114,-0.04310417597398375,,,,0.6047834511049751,0.23095401509951957,0.9176986186575842,False,2023.09.5
561,substructure,halogen_F,,,,50.0,16.666666666666664,33.333333333333336,0.01269894629179263,0.23095401509951957,0.03846605077980644,False,2023.09.5
561,substructure,halogen_Cl,,,,6.666666666666667,26.666666666666668,-20.0,0.07972201478079077,0.23095401509951957,0.1899034034399222,False,2023.09.5
561,substructure,halogen_Br,,,,13.333333333333334,10.0,3.333333333333334,1.0,0.23095401509951957,1.0,False,2023.09.5
561,substructure,halogen_I,,,,0.0,0.0,0.0,1.0,0.23095401509951957,1.0,False,2023.09.5
561,substructure,boron,,,,3.3333333333333335,0.0,3.3333333333333335,1.0,0.23095401509951957,1.0,False,2023.09.5
561,substructure,boronic_acid_or_ester,,,,3.3333333333333335,0.0,3.3333333333333335,1.0,0.23095401509951957,1.0,False,2023.09.5
561,substructure,nitro,,,,0.0,0.0,0.0,1.0,0.23095401509951957,1.0,False,2023.09.5
561,substructure,nitrile,,,,6.666666666666667,30.0,-23.333333333333332,0.04190011890841873,0.23095401509951957,0.11022097724812609,False,2023.09.5
561,substructure,aromatic_N,,,,73.33333333333333,56.666666666666664,16.666666666666664,0.27891240541475437,0.23095401509951957,0.5196302178997706,False,2023.09.5
561,substructure,aromatic_O,,,,16.666666666666664,6.666666666666667,9.999999999999996,0.42380990998296975,0.23095401509951957,0.7210414411785893,False,2023.09.5
561,substructure,aromatic_S,,,,3.3333333333333335,6.666666666666667,-3.3333333333333335,1.0,0.23095401509951957,1.0,False,2023.09.5
561,substructure,pyridine,,,,10.0,33.33333333333333,-23.33333333333333,0.05746627333208208,0.23095401509951957,0.14148568166773196,False,2023.09.5
561,substructure,benzene,,,,83.33333333333334,43.333333333333336,40.00000000000001,0.002779673045104636,0.23095401509951957,0.01020846529273586,False,2023.09.5
561,substructure,phenol,,,,0.0,0.0,0.0,1.0,0.23095401509951957,1.0,False,2023.09.5
561,substructure,alcohol,,,,13.333333333333334,13.333333333333334,0.0,1.0,0.23095401509951957,1.0,False,2023.09.5
561,substructure,carboxylic_acid,,,,26.666666666666668,40.0,-13.333333333333332,0.411756597048106,0.23095401509951957,0.7152893232617163,False,2023.09.5
561,substructure,ester,,,,70.0,6.666666666666667,63.333333333333336,5.474571568875942e-07,0.23095401509951957,4.0136720076259e-06,True,2023.09.5
561,substructure,amide,,,,70.0,46.666666666666664,23.333333333333336,0.1153701920973284,0.23095401509951957,0.25417395131514925,False,2023.09.5
561,substructure,urea,,,,0.0,0.0,0.0,1.0,0.23095401509951957,1.0,False,2023.09.5
561,substructure,sulfone,,,,10.0,6.666666666666667,3.333333333333333,1.0,0.23095401509951957,1.0,False,2023.09.5
561,substructure,ether,,,,80.0,23.333333333333332,56.66666666666667,2.2672724439932294e-05,0.23095401509951957,0.0001253649665610223,True,2023.09.5
561,substructure,amine_primary,,,,0.0,6.666666666666667,-6.666666666666667,0.4915254237288137,0.23095401509951957,0.7853847222987215,False,2023.09.5
561,substructure,amine_secondary,,,,20.0,20.0,0.0,1.0,0.23095401509951957,1.0,False,2023.09.5
561,substructure,amine_tertiary,,,,33.33333333333333,33.33333333333333,0.0,1.0,0.23095401509951957,1.0,False,2023.09.5
561,substructure,ketone,,,,13.333333333333334,3.3333333333333335,10.0,0.35325602140945594,0.23095401509951957,0.6254013661859009,False,2023.09.5
561,substructure,alkyne,,,,3.3333333333333335,6.666666666666667,-3.3333333333333335,1.0,0.23095401509951957,1.0,False,2023.09.5
580,descriptor,MolWt,121.32199999999997,373.24453333333344,-251.92253333333346,,,,3.019859359162157e-11,0.5148187433705622,8.023908189881195e-10,False,2023.09.5
580,descriptor,MolLogP,0.18930200000000008,3.2242900000000017,-3.0349880000000016,,,,9.75030806825126e-10,0.5148187433705622,1.313674455502977e-08,False,2023.09.5
580,descriptor,TPSA,46.28033333333333,71.35966666666667,-25.079333333333338,,,,5.2599625512198125e-05,0.5148187433705622,0.0002722116567356763,False,2023.09.5
580,descriptor,QED,0.44612010309644856,0.7818469713513934,-0.3357268682549448,,,,5.572653248454238e-10,0.5148187433705622,8.141008933811928e-09,False,2023.09.5
580,descriptor,NumRotatableBonds,1.3333333333333333,4.433333333333334,-3.1000000000000005,,,,5.961335597446882e-09,0.5148187433705622,6.350689470175336e-08,False,2023.09.5
580,descriptor,NumHDonors,0.6,1.3333333333333333,-0.7333333333333333,,,,0.0006805107260001417,0.5148187433705622,0.0028479301947511213,False,2023.09.5
580,descriptor,NumHAcceptors,2.5,4.6,-2.0999999999999996,,,,2.3552603335068456e-07,0.5148187433705622,1.831920561955521e-06,False,2023.09.5
580,descriptor,NumAromaticRings,0.2,1.9333333333333333,-1.7333333333333334,,,,3.374760822528817e-11,0.5148187433705622,8.24733215826641e-10,False,2023.09.5
580,descriptor,NumAliphaticRings,0.2,1.4666666666666666,-1.2666666666666666,,,,5.5418739572230373e-08,0.5148187433705622,4.919345066512557e-07,False,2023.09.5
580,descriptor,HeavyAtomCount,7.233333333333333,25.833333333333332,-18.599999999999998,,,,2.5954460401228413e-11,0.5148187433705622,8.023908189881195e-10,False,2023.09.5
580,descriptor,FractionCSP3,0.6972222222222222,0.4771794410850811,0.2200427811371411,,,,0.0035242936390021858,0.5148187433705622,0.0127073574834332,False,2023.09.5
580,substructure,halogen_F,,,,16.666666666666664,6.666666666666667,9.999999999999996,0.42380990998296975,0.5148187433705622,0.7210414411785893,False,2023.09.5
580,substructure,halogen_Cl,,,,6.666666666666667,23.333333333333332,-16.666666666666664,0.1454992249936118,0.5148187433705622,0.30902973806314865,False,2023.09.5
580,substructure,halogen_Br,,,,0.0,13.333333333333334,-13.333333333333334,0.11239964317573597,0.5148187433705622,0.2485978700182898,False,2023.09.5
580,substructure,halogen_I,,,,0.0,3.3333333333333335,-3.3333333333333335,1.0,0.5148187433705622,1.0,False,2023.09.5
580,substructure,boron,,,,3.3333333333333335,0.0,3.3333333333333335,1.0,0.5148187433705622,1.0,False,2023.09.5
580,substructure,boronic_acid_or_ester,,,,0.0,0.0,0.0,1.0,0.5148187433705622,1.0,False,2023.09.5
580,substructure,nitro,,,,0.0,0.0,0.0,1.0,0.5148187433705622,1.0,False,2023.09.5
580,substructure,nitrile,,,,0.0,16.666666666666664,-16.666666666666664,0.052185548617305996,0.5148187433705622,0.13009702690761193,False,2023.09.5
580,substructure,aromatic_N,,,,20.0,76.66666666666667,-56.66666666666667,2.2672724439932287e-05,0.5148187433705622,0.0001253649665610223,True,2023.09.5
580,substructure,aromatic_O,,,,3.3333333333333335,13.333333333333334,-10.0,0.35325602140945594,0.5148187433705622,0.6254013661859009,False,2023.09.5
580,substructure,aromatic_S,,,,6.666666666666667,6.666666666666667,0.0,1.0,0.5148187433705622,1.0,False,2023.09.5
580,substructure,pyridine,,,,0.0,20.0,-20.0,0.023720703916957266,0.5148187433705622,0.067078762005167,False,2023.09.5
580,substructure,benzene,,,,0.0,76.66666666666667,-76.66666666666667,1.741091350220272e-10,0.5148187433705622,3.036555354855532e-09,True,2023.09.5
580,substructure,phenol,,,,0.0,3.3333333333333335,-3.3333333333333335,1.0,0.5148187433705622,1.0,False,2023.09.5
580,substructure,alcohol,,,,0.0,6.666666666666667,-6.666666666666667,0.4915254237288137,0.5148187433705622,0.7853847222987215,False,2023.09.5
580,substructure,carboxylic_acid,,,,0.0,20.0,-20.0,0.023720703916957266,0.5148187433705622,0.067078762005167,False,2023.09.5
580,substructure,ester,,,,3.3333333333333335,20.0,-16.666666666666668,0.10278971697348147,0.5148187433705622,0.23742385618320486,False,2023.09.5
580,substructure,amide,,,,3.3333333333333335,66.66666666666666,-63.33333333333332,2.293597672023505e-07,0.5148187433705622,1.7909966831441926e-06,True,2023.09.5
580,substructure,urea,,,,3.3333333333333335,0.0,3.3333333333333335,1.0,0.5148187433705622,1.0,False,2023.09.5
580,substructure,sulfone,,,,30.0,3.3333333333333335,26.666666666666668,0.012182915008697837,0.5148187433705622,0.037073144134846074,False,2023.09.5
580,substructure,ether,,,,20.0,30.0,-10.0,0.5520034313650507,0.5148187433705622,0.8627641471670887,False,2023.09.5
580,substructure,amine_primary,,,,26.666666666666668,16.666666666666664,10.000000000000004,0.5320924727590531,0.5148187433705622,0.8356025782043203,False,2023.09.5
580,substructure,amine_secondary,,,,6.666666666666667,43.333333333333336,-36.66666666666667,0.002128557265634993,0.5148187433705622,0.00798763811815065,True,2023.09.5
580,substructure,amine_tertiary,,,,13.333333333333334,33.33333333333333,-19.999999999999993,0.12527840350750902,0.5148187433705622,0.2723652935124812,False,2023.09.5
580,substructure,ketone,,,,0.0,0.0,0.0,1.0,0.5148187433705622,1.0,False,2023.09.5
580,substructure,alkyne,,,,0.0,3.3333333333333335,-3.3333333333333335,1.0,0.5148187433705622,1.0,False,2023.09.5
591,descriptor,MolWt,511.29593333333355,296.18933333333337,215.10660000000018,,,,3.019859359162157e-11,0.23101640980844823,8.023908189881195e-10,False,2023.09.5
591,descriptor,MolLogP,4.193318000000003,2.2474156666666674,1.9459023333333358,,,,1.7290312624849194e-06,0.23101640980844823,1.166138802074582e-05,False,2023.09.5
591,descriptor,TPSA,104.953,64.37233333333333,40.58066666666667,,,,3.83494235931967e-06,0.23101640980844823,2.4292058880874515e-05,False,2023.09.5
591,descriptor,QED,0.40787627811078864,0.8322659985450525,-0.4243897204342638,,,,4.0771648468253186e-11,0.23101640980844823,9.55118084531446e-10,False,2023.09.5
591,descriptor,NumRotatableBonds,7.333333333333333,3.1,4.2333333333333325,,,,4.5440415004425944e-08,0.23101640980844823,4.1072740411534776e-07,False,2023.09.5
591,descriptor,NumHDonors,1.4,1.4666666666666666,-0.06666666666666665,,,,0.5736750906915342,0.23101640980844823,0.8906956440918693,False,2023.09.5
591,descriptor,NumHAcceptors,7.066666666666666,3.9,3.1666666666666665,,,,1.9236283960147403e-08,0.23101640980844823,1.8574743462981356e-07,False,2023.09.5
591,descriptor,NumAromaticRings,2.6,1.4,1.2000000000000002,,,,1.7674020876646581e-06,0.23101640980844823,1.189990623310269e-05,False,2023.09.5
591,descriptor,NumAliphaticRings,1.0333333333333334,1.3,-0.2666666666666666,,,,0.27948480836020817,0.23101640980844823,0.5204517198015354,False,2023.09.5
591,descriptor,HeavyAtomCount,35.63333333333333,20.666666666666668,14.966666666666665,,,,1.5976702266508923e-11,0.23101640980844823,8.023908189881195e-10,False,2023.09.5
591,descriptor,FractionCSP3,0.46423029949116906,0.4701251400245209,-0.0058948405333518195,,,,0.9469500545166836,0.23101640980844823,1.0,False,2023.09.5
591,substructure,halogen_F,,,,53.333333333333336,26.666666666666668,26.666666666666668,0.06407239599978798,0.23101640980844823,0.1562924311541347,False,2023.09.5
591,substructure,halogen_Cl,,,,6.666666666666667,23.333333333333332,-16.666666666666664,0.1454992249936118,0.23101640980844823,0.30902973806314865,False,2023.09.5
591,substructure,halogen_Br,,,,13.333333333333334,6.666666666666667,6.666666666666667,0.6707485199902685,0.23101640980844823,0.984610081809964,False,2023.09.5
591,substructure,halogen_I,,,,0.0,0.0,0.0,1.0,0.23101640980844823,1.0,False,2023.09.5
591,substructure,boron,,,,3.3333333333333335,0.0,3.3333333333333335,1.0,0.23101640980844823,1.0,False,2023.09.5
591,substructure,boronic_acid_or_ester,,,,3.3333333333333335,0.0,3.3333333333333335,1.0,0.23101640980844823,1.0,False,2023.09.5
591,substructure,nitro,,,,0.0,0.0,0.0,1.0,0.23101640980844823,1.0,False,2023.09.5
591,substructure,nitrile,,,,6.666666666666667,36.666666666666664,-29.999999999999996,0.010248938246969973,0.23101640980844823,0.03268433544148048,False,2023.09.5
591,substructure,aromatic_N,,,,76.66666666666667,53.333333333333336,23.333333333333336,0.10333511717207271,0.23101640980844823,0.23812789806998594,False,2023.09.5
591,substructure,aromatic_O,,,,13.333333333333334,3.3333333333333335,10.0,0.35325602140945594,0.23101640980844823,0.6254013661859009,False,2023.09.5
591,substructure,aromatic_S,,,,6.666666666666667,10.0,-3.333333333333333,1.0,0.23101640980844823,1.0,False,2023.09.5
591,substructure,pyridine,,,,16.666666666666664,23.333333333333332,-6.666666666666668,0.7480497930241055,0.23101640980844823,1.0,False,2023.09.5
591,substructure,benzene,,,,80.0,60.0,20.0,0.15806205176119764,0.23101640980844823,0.33409912595973384,False,2023.09.5
591,substructure,phenol,,,,0.0,10.0,-10.0,0.23728813559322035,0.23101640980844823,0.4564741150697567,False,2023.09.5
591,substructure,alcohol,,,,16.666666666666664,20.0,-3.3333333333333357,1.0,0.23101640980844823,1.0,False,2023.09.5
591,substructure,carboxylic_acid,,,,33.33333333333333,16.666666666666664,16.666666666666664,0.2325984703938369,0.23101640980844823,0.4564741150697567,False,2023.09.5
591,substructure,ester,,,,70.0,0.0,70.0,3.583746362536726e-09,0.23101640980844823,4.0770263934720976e-08,True,2023.09.5
591,substructure,amide,,,,70.0,50.0,20.0,0.187187106633885,0.23101640980844823,0.38819997651312244,False,2023.09.5
591,substructure,urea,,,,0.0,3.3333333333333335,-3.3333333333333335,1.0,0.23101640980844823,1.0,False,2023.09.5
591,substructure,sulfone,,,,13.333333333333334,0.0,13.333333333333334,0.11239964317573597,0.23101640980844823,0.2485978700182898,False,2023.09.5
591,substructure,ether,,,,76.66666666666667,26.666666666666668,50.0,0.00023089337753119202,0.23101640980844823,0.0010543331968235169,True,2023.09.5
591,substructure,amine_primary,,,,0.0,26.666666666666668,-26.666666666666668,0.004575062390691967,0.23101640980844823,0.015888308776096052,False,2023.09.5
591,substructure,amine_secondary,,,,26.666666666666668,30.0,-3.333333333333332,1.0,0.23101640980844823,1.0,False,2023.09.5
591,substructure,amine_tertiary,,,,30.0,26.666666666666668,3.333333333333332,1.0,0.23101640980844823,1.0,False,2023.09.5
591,substructure,ketone,,,,13.333333333333334,6.666666666666667,6.666666666666667,0.6707485199902685,0.23101640980844823,0.984610081809964,False,2023.09.5
591,substructure,alkyne,,,,3.3333333333333335,6.666666666666667,-3.3333333333333335,1.0,0.23101640980844823,1.0,False,2023.09.5
593,descriptor,MolWt,242.24303333333327,360.9016333333335,-118.65860000000023,,,,5.566552605969538e-10,0.5248642915080801,8.141008933811928e-09,False,2023.09.5
593,descriptor,MolLogP,3.6199273333333353,2.486884000000001,1.133043333333334,,,,0.0003182078923228715,0.5248642915080801,0.00140238888322344,False,2023.09.5
593,descriptor,TPSA,30.703666666666663,84.56566666666667,-53.86200000000001,,,,2.792982718304071e-10,0.5248642915080801,4.4766876849254314e-09,False,2023.09.5
593,descriptor,QED,0.6791798923656034,0.7331209710138188,-0.0539410786482154,,,,0.08235717088238616,0.5248642915080801,0.19582705076478485,False,2023.09.5
593,descriptor,NumRotatableBonds,4.533333333333333,4.466666666666667,0.06666666666666643,,,,0.8215346448790158,0.5248642915080801,1.0,False,2023.09.5
593,descriptor,NumHDonors,0.6,1.1666666666666667,-0.5666666666666668,,,,0.012666339664079975,0.5248642915080801,0.03846605077980644,False,2023.09.5
593,descriptor,NumHAcceptors,1.6666666666666667,5.566666666666666,-3.8999999999999995,,,,3.251386789452628e-11,0.5248642915080801,8.209118844768709e-10,False,2023.09.5
593,descriptor,NumAromaticRings,0.43333333333333335,2.066666666666667,-1.6333333333333335,,,,5.0143022962749524e-09,0.5248642915080801,5.468766609077834e-08,False,2023.09.5
593,descriptor,NumAliphaticRings,1.2333333333333334,1.2333333333333334,0.0,,,,0.8451225243421845,0.5248642915080801,1.0,False,2023.09.5
593,descriptor,HeavyAtomCount,17.566666666666666,24.7,-7.133333333333333,,,,3.0915443412384447e-10,0.5248642915080801,4.876264560543028e-09,False,2023.09.5
593,descriptor,FractionCSP3,0.6790709617180206,0.43499993825690425,0.24407102346111637,,,,2.4839114072169934e-05,0.5248642915080801,0.0001360139040272763,False,2023.09.5
593,substructure,halogen_F,,,,0.0,20.0,-20.0,0.023720703916957266,0.5248642915080801,0.067078762005167,False,2023.09.5
593,substructure,halogen_Cl,,,,3.3333333333333335,23.333333333333332,-20.0,0.05231484385878206,0.5248642915080801,0.13009702690761193,False,2023.09.5
593,substructure,halogen_Br,,,,0.0,10.0,-10.0,0.23728813559322035,0.5248642915080801,0.4564741150697567,False,2023.09.5
593,substructure,halogen_I,,,,0.0,3.3333333333333335,-3.3333333333333335,1.0,0.5248642915080801,1.0,False,2023.09.5
593,substructure,boron,,,,0.0,0.0,0.0,1.0,0.5248642915080801,1.0,False,2023.09.5
593,substructure,boronic_acid_or_ester,,,,0.0,0.0,0.0,1.0,0.5248642915080801,1.0,False,2023.09.5
593,substructure,nitro,,,,0.0,0.0,0.0,1.0,0.5248642915080801,1.0,False,2023.09.5
593,substructure,nitrile,,,,13.333333333333334,20.0,-6.666666666666666,0.7306423241784982,0.5248642915080801,1.0,False,2023.09.5
593,substructure,aromatic_N,,,,0.0,80.0,-80.0,3.293956608524839e-11,0.5248642915080801,8.209118844768709e-10,True,2023.09.5
593,substructure,aromatic_O,,,,0.0,23.333333333333332,-23.333333333333332,0.010542535074203226,0.5248642915080801,0.03268433544148048,False,2023.09.5
593,substructure,aromatic_S,,,,0.0,16.666666666666664,-16.666666666666664,0.052185548617305996,0.5248642915080801,0.13009702690761193,False,2023.09.5
593,substructure,pyridine,,,,0.0,23.333333333333332,-23.333333333333332,0.010542535074203226,0.5248642915080801,0.03268433544148048,False,2023.09.5
593,substructure,benzene,,,,43.333333333333336,63.33333333333333,-19.999999999999993,0.19535622455155724,0.5248642915080801,0.3952045442001099,False,2023.09.5
593,substructure,phenol,,,,3.3333333333333335,3.3333333333333335,0.0,1.0,0.5248642915080801,1.0,False,2023.09.5
593,substructure,alcohol,,,,16.666666666666664,6.666666666666667,9.999999999999996,0.42380990998296975,0.5248642915080801,0.7210414411785893,False,2023.09.5
593,substructure,carboxylic_acid,,,,13.333333333333334,16.666666666666664,-3.3333333333333304,1.0,0.5248642915080801,1.0,False,2023.09.5
593,substructure,ester,,,,10.0,13.333333333333334,-3.333333333333334,1.0,0.5248642915080801,1.0,False,2023.09.5
593,substructure,amide,,,,10.0,46.666666666666664,-36.666666666666664,0.00342116497224037,0.5248642915080801,0.012346756722971398,False,2023.09.5
593,substructure,urea,,,,0.0,0.0,0.0,1.0,0.5248642915080801,1.0,False,2023.09.5
593,substructure,sulfone,,,,0.0,16.666666666666664,-16.666666666666664,0.052185548617305996,0.5248642915080801,0.13009702690761193,False,2023.09.5
593,substructure,ether,,,,33.33333333333333,36.666666666666664,-3.3333333333333357,1.0,0.5248642915080801,1.0,False,2023.09.5
593,substructure,amine_primary,,,,3.3333333333333335,16.666666666666664,-13.33333333333333,0.19450977211904957,0.5248642915080801,0.3940963090170508,False,2023.09.5
593,substructure,amine_secondary,,,,13.333333333333334,30.0,-16.666666666666664,0.20923627896279956,0.5248642915080801,0.4200641117716651,False,2023.09.5
593,substructure,amine_tertiary,,,,0.0,20.0,-20.0,0.023720703916957266,0.5248642915080801,0.067078762005167,False,2023.09.5
593,substructure,ketone,,,,43.333333333333336,3.3333333333333335,40.0,0.0004310204101236465,0.5248642915080801,0.0018467638567960134,True,2023.09.5
593,substructure,alkyne,,,,30.0,0.0,30.0,0.0019356033191389092,0.5248642915080801,0.007333065588967408,False,2023.09.5
608,descriptor,MolWt,396.44430000000006,300.85913333333326,95.5851666666668,,,,1.173735436185757e-09,0.4274973482248705,1.5437935521127616e-08,False,2023.09.5
608,descriptor,MolLogP,1.439262,2.2671806666666674,-0.8279186666666674,,,,0.009883401291685813,0.4274973482248705,0.031915485900313324,False,2023.09.5
608,descriptor,TPSA,134.1063333333333,66.942,67.16433333333332,,,,1.9556530210052816e-10,0.4274973482248705,3.3372544440344437e-09,False,2023.09.5
608,descriptor,QED,0.4857281990287701,0.8345320858719217,-0.3488038868431516,,,,3.6897258539809896e-11,0.4274973482248705,8.853105852067113e-10,False,2023.09.5
608,descriptor,NumRotatableBonds,4.733333333333333,3.933333333333333,0.8000000000000003,,,,0.092686141415611,0.4274973482248705,0.21764201296821112,False,2023.09.5
608,descriptor,NumHDonors,1.2666666666666666,1.4,-0.1333333333333333,,,,0.5273244237954243,0.4274973482248705,0.8330715857167139,False,2023.09.5
608,descriptor,NumHAcceptors,9.166666666666666,3.8333333333333335,5.333333333333332,,,,2.1891865578755284e-11,0.4274973482248705,8.023908189881195e-10,False,2023.09.5
608,descriptor,NumAromaticRings,3.3333333333333335,1.3333333333333333,2.0,,,,1.5248323655196008e-10,0.4274973482248705,2.756534856206438e-09,False,2023.09.5
608,descriptor,NumAliphaticRings,0.16666666666666666,1.2666666666666666,-1.0999999999999999,,,,5.750552976361633e-07,0.4274973482248705,4.200450043065628e-06,False,2023.09.5
608,descriptor,HeavyAtomCount,27.0,20.866666666666667,6.133333333333333,,,,1.2048103305000253e-10,0.4274973482248705,2.262198681809413e-09,False,2023.09.5
608,descriptor,FractionCSP3,0.17821399189046253,0.48041188943346036,-0.30219789754299786,,,,6.959239868494343e-08,0.4274973482248705,6.002533908359281e-07,False,2023.09.5
608,substructure,halogen_F,,,,40.0,26.666666666666668,13.333333333333332,0.411756597048106,0.4274973482248705,0.7152893232617163,False,2023.09.5
608,substructure,halogen_Cl,,,,20.0,13.333333333333334,6.666666666666666,0.7306423241784982,0.4274973482248705,1.0,False,2023.09.5
608,substructure,halogen_Br,,,,23.333333333333332,6.666666666666667,16.666666666666664,0.1454992249936118,0.4274973482248705,0.30902973806314865,False,2023.09.5
608,substructure,halogen_I,,,,0.0,3.3333333333333335,-3.3333333333333335,1.0,0.4274973482248705,1.0,False,2023.09.5
608,substructure,boron,,,,0.0,3.3333333333333335,-3.3333333333333335,1.0,0.4274973482248705,1.0,False,2023.09.5
608,substructure,boronic_acid_or_ester,,,,0.0,3.3333333333333335,-3.3333333333333335,1.0,0.4274973482248705,1.0,False,2023.09.5
608,substructure,nitro,,,,0.0,0.0,0.0,1.0,0.4274973482248705,1.0,False,2023.09.5
608,substructure,nitrile,,,,53.333333333333336,26.666666666666668,26.666666666666668,0.06407239599978798,0.4274973482248705,0.1562924311541347,False,2023.09.5
608,substructure,aromatic_N,,,,100.0,56.666666666666664,43.333333333333336,4.6356886214671344e-05,0.4274973482248705,0.00024180093876664542,True,2023.09.5
608,substructure,aromatic_O,,,,13.333333333333334,10.0,3.333333333333334,1.0,0.4274973482248705,1.0,False,2023.09.5
608,substructure,aromatic_S,,,,13.333333333333334,3.3333333333333335,10.0,0.35325602140945594,0.4274973482248705,0.6254013661859009,False,2023.09.5
608,substructure,pyridine,,,,33.33333333333333,33.33333333333333,0.0,1.0,0.4274973482248705,1.0,False,2023.09.5
608,substructure,benzene,,,,30.0,50.0,-20.0,0.187187106633885,0.4274973482248705,0.38819997651312244,False,2023.09.5
608,substructure,phenol,,,,3.3333333333333335,0.0,3.3333333333333335,1.0,0.4274973482248705,1.0,False,2023.09.5
608,substructure,alcohol,,,,0.0,33.33333333333333,-33.33333333333333,0.0007970131314101389,0.4274973482248705,0.0032800155792648026,True,2023.09.5
608,substructure,carboxylic_acid,,,,16.666666666666664,26.666666666666668,-10.000000000000004,0.5320924727590531,0.4274973482248705,0.8356025782043203,False,2023.09.5
608,substructure,ester,,,,6.666666666666667,0.0,6.666666666666667,0.4915254237288137,0.4274973482248705,0.7853847222987215,False,2023.09.5
608,substructure,amide,,,,26.666666666666668,46.666666666666664,-19.999999999999996,0.17986880691888266,0.4274973482248705,0.37607460207280724,False,2023.09.5
608,substructure,urea,,,,0.0,3.3333333333333335,-3.3333333333333335,1.0,0.4274973482248705,1.0,False,2023.09.5
608,substructure,sulfone,,,,6.666666666666667,6.666666666666667,0.0,1.0,0.4274973482248705,1.0,False,2023.09.5
608,substructure,ether,,,,36.666666666666664,26.666666666666668,9.999999999999996,0.5795597864797081,0.4274973482248705,0.8969809205133561,False,2023.09.5
608,substructure,amine_primary,,,,16.666666666666664,13.333333333333334,3.3333333333333304,1.0,0.4274973482248705,1.0,False,2023.09.5
608,substructure,amine_secondary,,,,13.333333333333334,23.333333333333332,-9.999999999999998,0.5061775943272466,0.4274973482248705,0.8015828383766278,False,2023.09.5
608,substructure,amine_tertiary,,,,0.0,16.666666666666664,-16.666666666666664,0.052185548617305996,0.4274973482248705,0.13009702690761193,False,2023.09.5
608,substructure,ketone,,,,3.3333333333333335,3.3333333333333335,0.0,1.0,0.4274973482248705,1.0,False,2023.09.5
608,substructure,alkyne,,,,0.0,3.3333333333333335,-3.3333333333333335,1.0,0.4274973482248705,1.0,False,2023.09.5
617,descriptor,MolWt,471.56156666666686,288.0449,183.51666666666688,,,,3.019859359162157e-11,0.49943844761964185,8.023908189881195e-10,False,2023.09.5
617,descriptor,MolLogP,5.253966000000005,1.923962,3.3300040000000046,,,,3.158889488129529e-10,0.49943844761964185,4.9431001911086196e-09,False,2023.09.5
617,descriptor,TPSA,66.44200000000001,73.42133333333332,-6.979333333333315,,,,0.2518808246619123,0.49943844761964185,0.4790264433514032,False,2023.09.5
617,descriptor,QED,0.4358271381997183,0.8204228694725011,-0.3845957312727828,,,,2.154399276691175e-10,0.49943844761964185,3.6140960747543908e-09,False,2023.09.5
617,descriptor,NumRotatableBonds,6.133333333333334,3.533333333333333,2.6000000000000005,,,,1.033853212836119e-06,0.49943844761964185,7.13070534776689e-06,False,2023.09.5
617,descriptor,NumHDonors,1.0,1.6,-0.6000000000000001,,,,0.006795649468866019,0.49943844761964185,0.022589400711369074,False,2023.09.5
617,descriptor,NumHAcceptors,5.233333333333333,4.266666666666667,0.9666666666666668,,,,0.020913929340782633,0.49943844761964185,0.06124130640544263,False,2023.09.5
617,descriptor,NumAromaticRings,3.3333333333333335,1.3666666666666667,1.9666666666666668,,,,8.649100082329831e-10,0.49943844761964185,1.176693719104598e-08,False,2023.09.5
617,descriptor,NumAliphaticRings,1.2666666666666666,1.3,-0.03333333333333344,,,,1.0,0.49943844761964185,1.0,False,2023.09.5
617,descriptor,HeavyAtomCount,32.93333333333333,20.2,12.73333333333333,,,,2.1265093929606732e-11,0.49943844761964185,8.023908189881195e-10,False,2023.09.5
617,descriptor,FractionCSP3,0.33034854733805247,0.5178032642738525,-0.18745471693580001,,,,0.0010006014082057824,0.49943844761964185,0.0040504917945671706,False,2023.09.5
617,substructure,halogen_F,,,,56.666666666666664,26.666666666666668,29.999999999999996,0.03521738569492147,0.49943844761964185,0.09510615959494823,False,2023.09.5
617,substructure,halogen_Cl,,,,6.666666666666667,10.0,-3.333333333333333,1.0,0.49943844761964185,1.0,False,2023.09.5
617,substructure,halogen_Br,,,,13.333333333333334,3.3333333333333335,10.0,0.35325602140945594,0.49943844761964185,0.6254013661859009,False,2023.09.5
617,substructure,halogen_I,,,,0.0,0.0,0.0,1.0,0.49943844761964185,1.0,False,2023.09.5
617,substructure,boron,,,,0.0,0.0,0.0,1.0,0.49943844761964185,1.0,False,2023.09.5
617,substructure,boronic_acid_or_ester,,,,0.0,0.0,0.0,1.0,0.49943844761964185,1.0,False,2023.09.5
617,substructure,nitro,,,,0.0,0.0,0.0,1.0,0.49943844761964185,1.0,False,2023.09.5
617,substructure,nitrile,,,,16.666666666666664,16.666666666666664,0.0,1.0,0.49943844761964185,1.0,False,2023.09.5
617,substructure,aromatic_N,,,,66.66666666666666,80.0,-13.333333333333343,0.38165411884707,0.49943844761964185,0.6694588642071557,False,2023.09.5
617,substructure,aromatic_O,,,,10.0,6.666666666666667,3.333333333333333,1.0,0.49943844761964185,1.0,False,2023.09.5
617,substructure,aromatic_S,,,,33.33333333333333,16.666666666666664,16.666666666666664,0.2325984703938369,0.49943844761964185,0.4564741150697567,False,2023.09.5
617,substructure,pyridine,,,,23.333333333333332,30.0,-6.666666666666668,0.771023976031026,0.49943844761964185,1.0,False,2023.09.5
617,substructure,benzene,,,,96.66666666666667,40.0,56.66666666666667,2.59137441523792e-06,0.49943844761964185,1.679091867418482e-05,True,2023.09.5
617,substructure,phenol,,,,0.0,0.0,0.0,1.0,0.49943844761964185,1.0,False,2023.09.5
617,substructure,alcohol,,,,0.0,26.666666666666668,-26.666666666666668,0.004575062390691967,0.49943844761964185,0.015888308776096052,False,2023.09.5
617,substructure,carboxylic_acid,,,,0.0,30.0,-30.0,0.0019356033191389092,0.49943844761964185,0.007333065588967408,False,2023.09.5
617,substructure,ester,,,,16.666666666666664,0.0,16.666666666666664,0.052185548617305996,0.49943844761964185,0.13009702690761193,False,2023.09.5
617,substructure,amide,,,,40.0,46.666666666666664,-6.666666666666664,0.7947745256391849,0.49943844761964185,1.0,False,2023.09.5
617,substructure,urea,,,,0.0,0.0,0.0,1.0,0.49943844761964185,1.0,False,2023.09.5
617,substructure,sulfone,,,,3.3333333333333335,0.0,3.3333333333333335,1.0,0.49943844761964185,1.0,False,2023.09.5
617,substructure,ether,,,,53.333333333333336,20.0,33.333333333333336,0.014980696048219267,0.49943844761964185,0.044862765245764054,False,2023.09.5
617,substructure,amine_primary,,,,3.3333333333333335,30.0,-26.666666666666668,0.012182915008697837,0.49943844761964185,0.037073144134846074,False,2023.09.5
617,substructure,amine_secondary,,,,40.0,16.666666666666664,23.333333333333336,0.08403556788590366,0.49943844761964185,0.19850645182595025,False,2023.09.5
617,substructure,amine_tertiary,,,,33.33333333333333,16.666666666666664,16.666666666666664,0.2325984703938369,0.49943844761964185,0.4564741150697567,False,2023.09.5
617,substructure,ketone,,,,13.333333333333334,10.0,3.333333333333334,1.0,0.49943844761964185,1.0,False,2023.09.5
617,substructure,alkyne,,,,0.0,3.3333333333333335,-3.3333333333333335,1.0,0.49943844761964185,1.0,False,2023.09.5
632,descriptor,MolWt,115.04423333333335,354.4900666666668,-239.44583333333344,,,,3.019859359162157e-11,0.40069882074000124,8.023908189881195e-10,False,2023.09.5
632,descriptor,MolLogP,0.39682366666666674,2.768101333333334,-2.3712776666666673,,,,1.254083920704414e-07,0.40069882074000124,1.0392170044923805e-06,False,2023.09.5
632,descriptor,TPSA,39.72933333333334,75.30233333333334,-35.573,,,,9.040939190945213e-08,0.40069882074000124,7.664470718833426e-07,False,2023.09.5
632,descriptor,QED,0.44346307138562807,0.756935313157996,-0.31347224177236793,,,,1.77690788708274e-10,0.40069882074000124,3.0719556004194617e-09,False,2023.09.5
632,descriptor,NumRotatableBonds,1.0333333333333334,4.9,-3.866666666666667,,,,1.4411787433818265e-10,0.40069882074000124,2.6661806752563786e-09,False,2023.09.5
632,descriptor,NumHDonors,0.5,1.4333333333333333,-0.9333333333333333,,,,4.4143259238679474e-05,0.40069882074000124,0.0002336405926817273,False,2023.09.5
632,descriptor,NumHAcceptors,2.3,4.6,-2.3,,,,1.4114175841710176e-07,0.40069882074000124,1.164125461611054e-06,False,2023.09.5
632,descriptor,NumAromaticRings,0.23333333333333334,1.6,-1.3666666666666667,,,,6.1261791364799e-09,0.40069882074000124,6.472806814777323e-08,False,2023.09.5
632,descriptor,NumAliphaticRings,0.2,1.4,-1.2,,,,2.3351291752808163e-07,0.40069882074000124,1.8198378749875497e-06,False,2023.09.5
632,descriptor,HeavyAtomCount,6.8,24.566666666666666,-17.766666666666666,,,,2.336051899775677e-11,0.40069882074000124,8.023908189881195e-10,False,2023.09.5
632,descriptor,FractionCSP3,0.6933333333333334,0.4933753184952875,0.19995801483804587,,,,0.006784340748322643,0.40069882074000124,0.02257076052320113,False,2023.09.5
632,substructure,halogen_F,,,,10.0,36.666666666666664,-26.666666666666664,0.03034142126191129,0.40069882074000124,0.0827284344186686,False,2023.09.5
632,substructure,halogen_Cl,,,,20.0,6.666666666666667,13.333333333333332,0.2542143363175797,0.40069882074000124,0.4790264433514032,False,2023.09.5
632,substructure,halogen_Br,,,,3.3333333333333335,10.0,-6.666666666666666,0.6119536128456737,0.40069882074000124,0.9176986186575842,False,2023.09.5
632,substructure,halogen_I,,,,0.0,3.3333333333333335,-3.3333333333333335,1.0,0.40069882074000124,1.0,False,2023.09.5
632,substructure,boron,,,,0.0,0.0,0.0,1.0,0.40069882074000124,1.0,False,2023.09.5
632,substructure,boronic_acid_or_ester,,,,0.0,0.0,0.0,1.0,0.40069882074000124,1.0,False,2023.09.5
632,substructure,nitro,,,,0.0,0.0,0.0,1.0,0.40069882074000124,1.0,False,2023.09.5
632,substructure,nitrile,,,,6.666666666666667,16.666666666666664,-9.999999999999996,0.42380990998296975,0.40069882074000124,0.7210414411785893,False,2023.09.5
632,substructure,aromatic_N,,,,23.333333333333332,66.66666666666666,-43.33333333333333,0.001603394571317411,0.40069882074000124,0.006260196358822121,True,2023.09.5
632,substructure,aromatic_O,,,,6.666666666666667,13.333333333333334,-6.666666666666667,0.6707485199902685,0.40069882074000124,0.984610081809964,False,2023.09.5
632,substructure,aromatic_S,,,,6.666666666666667,10.0,-3.333333333333333,1.0,0.40069882074000124,1.0,False,2023.09.5
632,substructure,pyridine,,,,0.0,16.666666666666664,-16.666666666666664,0.052185548617305996,0.40069882074000124,0.13009702690761193,False,2023.09.5
632,substructure,benzene,,,,0.0,70.0,-70.0,3.583746362536726e-09,0.40069882074000124,4.0770263934720976e-08,True,2023.09.5
632,substructure,phenol,,,,0.0,3.3333333333333335,-3.3333333333333335,1.0,0.40069882074000124,1.0,False,2023.09.5
632,substructure,alcohol,,,,0.0,20.0,-20.0,0.023720703916957266,0.40069882074000124,0.067078762005167,False,2023.09.5
632,substructure,carboxylic_acid,,,,0.0,26.666666666666668,-26.666666666666668,0.004575062390691967,0.40069882074000124,0.015888308776096052,False,2023.09.5
632,substructure,ester,,,,3.3333333333333335,26.666666666666668,-23.333333333333336,0.025690734963116434,0.40069882074000124,0.07142529474647329,False,2023.09.5
632,substructure,amide,,,,6.666666666666667,63.33333333333333,-56.666666666666664,6.181636680251984e-06,0.40069882074000124,3.770893623592851e-05,True,2023.09.5
632,substructure,urea,,,,3.3333333333333335,0.0,3.3333333333333335,1.0,0.40069882074000124,1.0,False,2023.09.5
632,substructure,sulfone,,,,13.333333333333334,3.3333333333333335,10.0,0.35325602140945594,0.40069882074000124,0.6254013661859009,False,2023.09.5
632,substructure,ether,,,,16.666666666666664,53.333333333333336,-36.66666666666667,0.006107224773226807,0.40069882074000124,0.020421032835477134,False,2023.09.5
632,substructure,amine_primary,,,,26.666666666666668,10.0,16.666666666666668,0.18058040377378287,0.40069882074000124,0.37607460207280724,False,2023.09.5
632,substructure,amine_secondary,,,,6.666666666666667,26.666666666666668,-20.0,0.07972201478079077,0.40069882074000124,0.1899034034399222,False,2023.09.5
632,substructure,amine_tertiary,,,,10.0,6.666666666666667,3.333333333333333,1.0,0.40069882074000124,1.0,False,2023.09.5
632,substructure,ketone,,,,0.0,3.3333333333333335,-3.3333333333333335,1.0,0.40069882074000124,1.0,False,2023.09.5
632,substructure,alkyne,,,,0.0,3.3333333333333335,-3.3333333333333335,1.0,0.40069882074000124,1.0,False,2023.09.5
637,descriptor,MolWt,252.40750000000006,333.3345666666668,-80.92706666666672,,,,2.0337965170597153e-09,0.11237287078055781,2.54000012966543e-08,False,2023.09.5
637,descriptor,MolLogP,0.0897846666666665,2.9596166666666677,-2.869832000000001,,,,5.572653248454238e-10,0.11237287078055781,8.141008933811928e-09,False,2023.09.5
637,descriptor,TPSA,96.096,72.19066666666666,23.905333333333346,,,,2.432078810547694e-05,0.11237287078055781,0.00013339481258255298,False,2023.09.5
637,descriptor,QED,0.727383515946763,0.7982158696923496,-0.07083235374558661,,,,0.0006548646168546143,0.11237287078055781,0.002746407858185824,False,2023.09.5
637,descriptor,NumRotatableBonds,2.9,4.033333333333333,-1.1333333333333333,,,,0.0006958063117012615,0.11237287078055781,0.002905798721545669,False,2023.09.5
637,descriptor,NumHDonors,2.0,1.2666666666666666,0.7333333333333334,,,,0.000199262568737057,0.11237287078055781,0.0009226672627251564,False,2023.09.5
637,descriptor,NumHAcceptors,6.266666666666667,4.333333333333333,1.9333333333333336,,,,1.2829571897010926e-05,0.11237287078055781,7.458483867880508e-05,False,2023.09.5
637,descriptor,NumAromaticRings,1.9,1.7333333333333334,0.16666666666666652,,,,0.11905733927178053,0.11237287078055781,0.26113462946093025,False,2023.09.5
637,descriptor,NumAliphaticRings,0.8,1.3,-0.5,,,,0.007390310432271426,0.11237287078055781,0.02442257011799881,False,2023.09.5
637,descriptor,HeavyAtomCount,16.966666666666665,22.9,-5.933333333333334,,,,1.3172346632251976e-11,0.11237287078055781,8.023908189881195e-10,False,2023.09.5
637,descriptor,FractionCSP3,0.4299242424242425,0.4613921216668894,-0.031467879242646934,,,,0.7169176916254743,0.11237287078055781,1.0,False,2023.09.5
637,substructure,halogen_F,,,,6.666666666666667,23.333333333333332,-16.666666666666664,0.1454992249936118,0.11237287078055781,0.30902973806314865,False,2023.09.5
637,substructure,halogen_Cl,,,,3.3333333333333335,13.333333333333334,-10.0,0.35325602140945594,0.11237287078055781,0.6254013661859009,False,2023.09.5
637,substructure,halogen_Br,,,,6.666666666666667,16.666666666666664,-9.999999999999996,0.42380990998296975,0.11237287078055781,0.7210414411785893,False,2023.09.5
637,substructure,halogen_I,,,,3.3333333333333335,0.0,3.3333333333333335,1.0,0.11237287078055781,1.0,False,2023.09.5
637,substructure,boron,,,,0.0,0.0,0.0,1.0,0.11237287078055781,1.0,False,2023.09.5
637,substructure,boronic_acid_or_ester,,,,0.0,0.0,0.0,1.0,0.11237287078055781,1.0,False,2023.09.5
637,substructure,nitro,,,,0.0,0.0,0.0,1.0,0.11237287078055781,1.0,False,2023.09.5
637,substructure,nitrile,,,,3.3333333333333335,13.333333333333334,-10.0,0.35325602140945594,0.11237287078055781,0.6254013661859009,False,2023.09.5
637,substructure,aromatic_N,,,,96.66666666666667,56.666666666666664,40.00000000000001,0.0004310204101236465,0.11237287078055781,0.0018467638567960134,True,2023.09.5
637,substructure,aromatic_O,,,,10.0,13.333333333333334,-3.333333333333334,1.0,0.11237287078055781,1.0,False,2023.09.5
637,substructure,aromatic_S,,,,16.666666666666664,13.333333333333334,3.3333333333333304,1.0,0.11237287078055781,1.0,False,2023.09.5
637,substructure,pyridine,,,,0.0,20.0,-20.0,0.023720703916957266,0.11237287078055781,0.067078762005167,False,2023.09.5
637,substructure,benzene,,,,0.0,66.66666666666666,-66.66666666666666,1.4334985450146902e-08,0.11237287078055781,1.411746452664965e-07,True,2023.09.5
637,substructure,phenol,,,,0.0,6.666666666666667,-6.666666666666667,0.4915254237288137,0.11237287078055781,0.7853847222987215,False,2023.09.5
637,substructure,alcohol,,,,13.333333333333334,23.333333333333332,-9.999999999999998,0.5061775943272466,0.11237287078055781,0.8015828383766278,False,2023.09.5
637,substructure,carboxylic_acid,,,,3.3333333333333335,23.333333333333332,-20.0,0.05231484385878206,0.11237287078055781,0.13009702690761193,False,2023.09.5
637,substructure,ester,,,,6.666666666666667,20.0,-13.333333333333332,0.2542143363175797,0.11237287078055781,0.4790264433514032,False,2023.09.5
637,substructure,amide,,,,26.666666666666668,43.333333333333336,-16.666666666666668,0.2789124054147543,0.11237287078055781,0.5196302178997706,False,2023.09.5
637,substructure,urea,,,,0.0,0.0,0.0,1.0,0.11237287078055781,1.0,False,2023.09.5
637,substructure,sulfone,,,,3.3333333333333335,6.666666666666667,-3.3333333333333335,1.0,0.11237287078055781,1.0,False,2023.09.5
637,substructure,ether,,,,10.0,50.0,-40.0,0.0015063632760577872,0.11237287078055781,0.005916361319357916,True,2023.09.5
637,substructure,amine_primary,,,,20.0,23.333333333333332,-3.333333333333332,1.0,0.11237287078055781,1.0,False,2023.09.5
637,substructure,amine_secondary,,,,36.666666666666664,23.333333333333332,13.333333333333332,0.3985089768298216,0.11237287078055781,0.6962475901453061,False,2023.09.5
637,substructure,amine_tertiary,,,,10.0,10.0,0.0,1.0,0.11237287078055781,1.0,False,2023.09.5
637,substructure,ketone,,,,0.0,6.666666666666667,-6.666666666666667,0.4915254237288137,0.11237287078055781,0.7853847222987215,False,2023.09.5
637,substructure,alkyne,,,,0.0,0.0,0.0,1.0,0.11237287078055781,1.0,False,2023.09.5
652,descriptor,MolWt,366.0600000000001,330.6643,35.39570000000009,,,,0.12967022490828164,0.017876084108067635,0.2811415226790181,False,2023.09.5
652,descriptor,MolLogP,3.4739013333333353,2.509834,0.9640673333333352,,,,0.0009519181347123253,0.017876084108067635,0.003865275790078047,False,2023.09.5
652,descriptor,TPSA,47.490333333333325,72.59466666666667,-25.104333333333344,,,,0.0004971026858356423,0.017876084108067635,0.0021207214797664955,False,2023.09.5
652,descriptor,QED,0.6416962560744959,0.7694778062910483,-0.12778155021655246,,,,0.00042175084683031315,0.017876084108067635,0.0018168787841144828,False,2023.09.5
652,descriptor,NumRotatableBonds,3.5,4.1,-0.5999999999999996,,,,0.06968552121348197,0.017876084108067635,0.1688402561102663,False,2023.09.5
652,descriptor,NumHDonors,0.8333333333333334,1.3,-0.4666666666666667,,,,0.08752633179191967,0.017876084108067635,0.2061372680334384,False,2023.09.5
652,descriptor,NumHAcceptors,3.5,4.433333333333334,-0.9333333333333336,,,,0.008943951774779465,0.017876084108067635,0.028952661550573917,False,2023.09.5
652,descriptor,NumAromaticRings,1.3333333333333333,1.5666666666666667,-0.2333333333333334,,,,0.27292292908400784,0.017876084108067635,0.5106341570149278,False,2023.09.5
652,descriptor,NumAliphaticRings,1.1,1.3333333333333333,-0.23333333333333317,,,,0.34538207959018163,0.017876084108067635,0.6254013661859009,False,2023.09.5
652,descriptor,HeavyAtomCount,22.1,22.933333333333334,-0.8333333333333321,,,,0.009124685856204871,0.017876084108067635,0.029513587667250887,False,2023.09.5
652,descriptor,FractionCSP3,0.5576302161890396,0.49386674511132717,0.06376347107771246,,,,0.18541220242626744,0.017876084108067635,0.38552883897352563,False,2023.09.5
652,substructure,halogen_F,,,,26.666666666666668,30.0,-3.333333333333332,1.0,0.017876084108067635,1.0,False,2023.09.5
652,substructure,halogen_Cl,,,,3.3333333333333335,16.666666666666664,-13.33333333333333,0.19450977211904957,0.017876084108067635,0.3940963090170508,False,2023.09.5
652,substructure,halogen_Br,,,,6.666666666666667,13.333333333333334,-6.666666666666667,0.6707485199902685,0.017876084108067635,0.984610081809964,False,2023.09.5
652,substructure,halogen_I,,,,40.0,0.0,40.0,0.0001236183632391236,0.017876084108067635,0.0005925001211424823,True,2023.09.5
652,substructure,boron,,,,10.0,0.0,10.0,0.23728813559322035,0.017876084108067635,0.4564741150697567,False,2023.09.5
652,substructure,boronic_acid_or_ester,,,,10.0,0.0,10.0,0.23728813559322035,0.017876084108067635,0.4564741150697567,False,2023.09.5
652,substructure,nitro,,,,0.0,0.0,0.0,1.0,0.017876084108067635,1.0,False,2023.09.5
652,substructure,nitrile,,,,0.0,23.333333333333332,-23.333333333333332,0.010542535074203226,0.017876084108067635,0.03268433544148048,False,2023.09.5
652,substructure,aromatic_N,,,,76.66666666666667,63.33333333333333,13.333333333333343,0.3985089768298216,0.017876084108067635,0.6962475901453061,False,2023.09.5
652,substructure,aromatic_O,,,,0.0,6.666666666666667,-6.666666666666667,0.4915254237288137,0.017876084108067635,0.7853847222987215,False,2023.09.5
652,substructure,aromatic_S,,,,3.3333333333333335,3.3333333333333335,0.0,1.0,0.017876084108067635,1.0,False,2023.09.5
652,substructure,pyridine,,,,53.333333333333336,30.0,23.333333333333336,0.11537019209732839,0.017876084108067635,0.25417395131514925,False,2023.09.5
652,substructure,benzene,,,,36.666666666666664,53.333333333333336,-16.66666666666667,0.2993015946823596,0.017876084108067635,0.5473140939249246,False,2023.09.5
652,substructure,phenol,,,,0.0,3.3333333333333335,-3.3333333333333335,1.0,0.017876084108067635,1.0,False,2023.09.5
652,substructure,alcohol,,,,26.666666666666668,10.0,16.666666666666668,0.18058040377378287,0.017876084108067635,0.37607460207280724,False,2023.09.5
652,substructure,carboxylic_acid,,,,10.0,23.333333333333332,-13.333333333333332,0.2989793821568606,0.017876084108067635,0.5473140939249246,False,2023.09.5
652,substructure,ester,,,,16.666666666666664,6.666666666666667,9.999999999999996,0.42380990998296975,0.017876084108067635,0.7210414411785893,False,2023.09.5
652,substructure,amide,,,,16.666666666666664,60.0,-43.333333333333336,0.0011931623140494846,0.017876084108067635,0.004761824194880957,True,2023.09.5
652,substructure,urea,,,,0.0,0.0,0.0,1.0,0.017876084108067635,1.0,False,2023.09.5
652,substructure,sulfone,,,,3.3333333333333335,3.3333333333333335,0.0,1.0,0.017876084108067635,1.0,False,2023.09.5
652,substructure,ether,,,,23.333333333333332,30.0,-6.666666666666668,0.771023976031026,0.017876084108067635,1.0,False,2023.09.5
652,substructure,amine_primary,,,,10.0,16.666666666666664,-6.666666666666664,0.7064691994252865,0.017876084108067635,1.0,False,2023.09.5
652,substructure,amine_secondary,,,,20.0,33.33333333333333,-13.333333333333329,0.38165411884707007,0.017876084108067635,0.6694588642071557,False,2023.09.5
652,substructure,amine_tertiary,,,,33.33333333333333,16.666666666666664,16.666666666666664,0.2325984703938369,0.017876084108067635,0.4564741150697567,False,2023.09.5
652,substructure,ketone,,,,23.333333333333332,13.333333333333334,9.999999999999998,0.5061775943272466,0.017876084108067635,0.8015828383766278,False,2023.09.5
652,substructure,alkyne,,,,26.666666666666668,0.0,26.666666666666668,0.004575062390691967,0.017876084108067635,0.015888308776096052,False,2023.09.5
719,descriptor,MolWt,473.90686666666693,297.59903333333335,176.30783333333358,,,,3.3383888204288e-11,0.39430336307481123,8.209118844768709e-10,False,2023.09.5
719,descriptor,MolLogP,3.269166666666669,2.5195900000000013,0.7495766666666679,,,,0.007617064306244218,0.39430336307481123,0.025129964657017386,False,2023.09.5
719,descriptor,TPSA,102.7716666666667,55.445333333333345,47.32633333333336,,,,8.348554692980463e-08,0.39430336307481123,7.110871362074374e-07,False,2023.09.5
719,descriptor,QED,0.5486177069653668,0.8494400360000168,-0.30082232903465,,,,1.0936695631098952e-10,0.39430336307481123,2.101863009879648e-09,False,2023.09.5
719,descriptor,NumRotatableBonds,4.3,3.6666666666666665,0.6333333333333333,,,,0.06851112885908862,0.39430336307481123,0.16640218352952876,False,2023.09.5
719,descriptor,NumHDonors,1.2666666666666666,1.2,0.06666666666666665,,,,0.8668209895682639,0.39430336307481123,1.0,False,2023.09.5
719,descriptor,NumHAcceptors,6.5,3.466666666666667,3.033333333333333,,,,2.8432241354938656e-09,0.39430336307481123,3.421375183106448e-08,False,2023.09.5
719,descriptor,NumAromaticRings,1.9666666666666666,1.2,0.7666666666666666,,,,0.004504638095472558,0.39430336307481123,0.015888308776096052,False,2023.09.5
719,descriptor,NumAliphaticRings,2.1,1.4333333333333333,0.6666666666666667,,,,0.06464549159026647,0.39430336307481123,0.1575932889198676,False,2023.09.5
719,descriptor,HeavyAtomCount,31.9,20.666666666666668,11.23333333333333,,,,2.587214289768214e-11,0.39430336307481123,8.023908189881195e-10,False,2023.09.5
719,descriptor,FractionCSP3,0.5271577251251164,0.567415688743088,-0.040257963617971626,,,,0.5791465707957084,0.39430336307481123,0.8969809205133561,False,2023.09.5
719,substructure,halogen_F,,,,20.0,30.0,-10.0,0.5520034313650507,0.39430336307481123,0.8627641471670887,False,2023.09.5
719,substructure,halogen_Cl,,,,23.333333333333332,6.666666666666667,16.666666666666664,0.1454992249936118,0.39430336307481123,0.30902973806314865,False,2023.09.5
719,substructure,halogen_Br,,,,20.0,10.0,10.0,0.4716445589655157,0.39430336307481123,0.7853847222987215,False,2023.09.5
719,substructure,halogen_I,,,,0.0,0.0,0.0,1.0,0.39430336307481123,1.0,False,2023.09.5
719,substructure,boron,,,,26.666666666666668,0.0,26.666666666666668,0.004575062390691967,0.39430336307481123,0.015888308776096052,False,2023.09.5
719,substructure,boronic_acid_or_ester,,,,26.666666666666668,0.0,26.666666666666668,0.004575062390691967,0.39430336307481123,0.015888308776096052,False,2023.09.5
719,substructure,nitro,,,,0.0,0.0,0.0,1.0,0.39430336307481123,1.0,False,2023.09.5
719,substructure,nitrile,,,,0.0,30.0,-30.0,0.0019356033191389092,0.39430336307481123,0.007333065588967408,False,2023.09.5
719,substructure,aromatic_N,,,,53.333333333333336,56.666666666666664,-3.3333333333333286,1.0,0.39430336307481123,1.0,False,2023.09.5
719,substructure,aromatic_O,,,,10.0,6.666666666666667,3.333333333333333,1.0,0.39430336307481123,1.0,False,2023.09.5
719,substructure,aromatic_S,,,,3.3333333333333335,6.666666666666667,-3.3333333333333335,1.0,0.39430336307481123,1.0,False,2023.09.5
719,substructure,pyridine,,,,0.0,23.333333333333332,-23.333333333333332,0.010542535074203226,0.39430336307481123,0.03268433544148048,False,2023.09.5
719,substructure,benzene,,,,90.0,46.666666666666664,43.333333333333336,0.0006310253578028924,0.39430336307481123,0.002652048186349948,True,2023.09.5
719,substructure,phenol,,,,0.0,0.0,0.0,1.0,0.39430336307481123,1.0,False,2023.09.5
719,substructure,alcohol,,,,16.666666666666664,26.666666666666668,-10.000000000000004,0.5320924727590531,0.39430336307481123,0.8356025782043203,False,2023.09.5
719,substructure,carboxylic_acid,,,,30.0,6.666666666666667,23.333333333333332,0.04190011890841873,0.39430336307481123,0.11022097724812609,False,2023.09.5
719,substructure,ester,,,,56.666666666666664,0.0,56.666666666666664,6.185596344065138e-07,0.39430336307481123,4.436372450390196e-06,True,2023.09.5
719,substructure,amide,,,,66.66666666666666,66.66666666666666,0.0,1.0,0.39430336307481123,1.0,False,2023.09.5
719,substructure,urea,,,,0.0,0.0,0.0,1.0,0.39430336307481123,1.0,False,2023.09.5
719,substructure,sulfone,,,,30.0,3.3333333333333335,26.666666666666668,0.012182915008697837,0.39430336307481123,0.037073144134846074,False,2023.09.5
719,substructure,ether,,,,73.33333333333333,20.0,53.33333333333333,7.293288208265018e-05,0.39430336307481123,0.00036092660020651504,True,2023.09.5
719,substructure,amine_primary,,,,10.0,10.0,0.0,1.0,0.39430336307481123,1.0,False,2023.09.5
719,substructure,amine_secondary,,,,13.333333333333334,33.33333333333333,-19.999999999999993,0.12527840350750902,0.39430336307481123,0.2723652935124812,False,2023.09.5
719,substructure,amine_tertiary,,,,20.0,16.666666666666664,3.3333333333333357,1.0,0.39430336307481123,1.0,False,2023.09.5
719,substructure,ketone,,,,6.666666666666667,6.666666666666667,0.0,1.0,0.39430336307481123,1.0,False,2023.09.5
719,substructure,alkyne,,,,3.3333333333333335,0.0,3.3333333333333335,1.0,0.39430336307481123,1.0,False,2023.09.5
721,descriptor,MolWt,138.53766666666667,331.5007333333334,-192.96306666666675,,,,3.019859359162157e-11,0.012104573532164473,8.023908189881195e-10,False,2023.09.5
721,descriptor,MolLogP,1.030673,3.1623740000000016,-2.1317010000000014,,,,8.351995916556161e-08,0.012104573532164473,7.110871362074374e-07,False,2023.09.5
721,descriptor,TPSA,41.77833333333334,58.90299999999999,-17.12466666666665,,,,0.010080313724024693,0.012104573532164473,0.03252482643310005,False,2023.09.5
721,descriptor,QED,0.4687224152249778,0.7997941108426964,-0.33107169561771854,,,,1.2056679006359843e-10,0.012104573532164473,2.262198681809413e-09,False,2023.09.5
721,descriptor,NumRotatableBonds,1.0,3.7666666666666666,-2.7666666666666666,,,,4.888394953526258e-10,0.012104573532164473,7.3063395130785536e-09,False,2023.09.5
721,descriptor,NumHDonors,0.4666666666666667,1.1666666666666667,-0.7000000000000001,,,,0.0015669284085084018,0.012104573532164473,0.006142049078499765,False,2023.09.5
721,descriptor,NumHAcceptors,2.1333333333333333,3.3,-1.1666666666666665,,,,0.0024244552574503894,0.012104573532164473,0.009046577157630624,False,2023.09.5
721,descriptor,NumAromaticRings,0.8,1.4,-0.5999999999999999,,,,0.008660355706416859,0.012104573532164473,0.028196010067191073,False,2023.09.5
721,descriptor,NumAliphaticRings,0.26666666666666666,1.5666666666666667,-1.3,,,,5.762139978302821e-07,0.012104573532164473,4.201162463002001e-06,False,2023.09.5
721,descriptor,HeavyAtomCount,9.133333333333333,23.2,-14.066666666666666,,,,2.6554240276786378e-11,0.012104573532164473,8.023908189881195e-10,False,2023.09.5
721,descriptor,FractionCSP3,0.39218253968253963,0.5055433986228844,-0.11336085894034481,,,,0.10900171084202671,0.012104573532164473,0.2485978700182898,False,2023.09.5
721,substructure,halogen_F,,,,13.333333333333334,43.333333333333336,-30.0,0.02037279175315088,0.012104573532164473,0.059745098185721726,False,2023.09.5
721,substructure,halogen_Cl,,,,6.666666666666667,16.666666666666664,-9.999999999999996,0.42380990998296975,0.012104573532164473,0.7210414411785893,False,2023.09.5
721,substructure,halogen_Br,,,,6.666666666666667,10.0,-3.333333333333333,1.0,0.012104573532164473,1.0,False,2023.09.5
721,substructure,halogen_I,,,,0.0,0.0,0.0,1.0,0.012104573532164473,1.0,False,2023.09.5
721,substructure,boron,,,,10.0,0.0,10.0,0.23728813559322035,0.012104573532164473,0.4564741150697567,False,2023.09.5
721,substructure,boronic_acid_or_ester,,,,0.0,0.0,0.0,1.0,0.012104573532164473,1.0,False,2023.09.5
721,substructure,nitro,,,,0.0,0.0,0.0,1.0,0.012104573532164473,1.0,False,2023.09.5
721,substructure,nitrile,,,,0.0,23.333333333333332,-23.333333333333332,0.010542535074203226,0.012104573532164473,0.03268433544148048,False,2023.09.5
721,substructure,aromatic_N,,,,53.333333333333336,33.33333333333333,20.000000000000007,0.19231688624363902,0.012104573532164473,0.3940963090170508,False,2023.09.5
721,substructure,aromatic_O,,,,0.0,0.0,0.0,1.0,0.012104573532164473,1.0,False,2023.09.5
721,substructure,aromatic_S,,,,10.0,6.666666666666667,3.333333333333333,1.0,0.012104573532164473,1.0,False,2023.09.5
721,substructure,pyridine,,,,16.666666666666664,10.0,6.666666666666664,0.7064691994252865,0.012104573532164473,1.0,False,2023.09.5
721,substructure,benzene,,,,6.666666666666667,76.66666666666667,-70.0,3.480771004751174e-08,0.012104573532164473,3.212208020468508e-07,True,2023.09.5
721,substructure,phenol,,,,0.0,10.0,-10.0,0.23728813559322035,0.012104573532164473,0.4564741150697567,False,2023.09.5
721,substructure,alcohol,,,,0.0,10.0,-10.0,0.23728813559322035,0.012104573532164473,0.4564741150697567,False,2023.09.5
721,substructure,carboxylic_acid,,,,0.0,23.333333333333332,-23.333333333333332,0.010542535074203226,0.012104573532164473,0.03268433544148048,False,2023.09.5
721,substructure,ester,,,,0.0,10.0,-10.0,0.23728813559322035,0.012104573532164473,0.4564741150697567,False,2023.09.5
721,substructure,amide,,,,0.0,70.0,-70.0,3.583746362536726e-09,0.012104573532164473,4.0770263934720976e-08,True,2023.09.5
721,substructure,urea,,,,0.0,0.0,0.0,1.0,0.012104573532164473,1.0,False,2023.09.5
721,substructure,sulfone,,,,6.666666666666667,0.0,6.666666666666667,0.4915254237288137,0.012104573532164473,0.7853847222987215,False,2023.09.5
721,substructure,ether,,,,6.666666666666667,36.666666666666664,-29.999999999999996,0.010248938246969973,0.012104573532164473,0.03268433544148048,False,2023.09.5
721,substructure,amine_primary,,,,3.3333333333333335,13.333333333333334,-10.0,0.35325602140945594,0.012104573532164473,0.6254013661859009,False,2023.09.5
721,substructure,amine_secondary,,,,0.0,23.333333333333332,-23.333333333333332,0.010542535074203226,0.012104573532164473,0.03268433544148048,False,2023.09.5
721,substructure,amine_tertiary,,,,6.666666666666667,6.666666666666667,0.0,1.0,0.012104573532164473,1.0,False,2023.09.5
721,substructure,ketone,,,,0.0,6.666666666666667,-6.666666666666667,0.4915254237288137,0.012104573532164473,0.7853847222987215,False,2023.09.5
721,substructure,alkyne,,,,0.0,0.0,0.0,1.0,0.012104573532164473,1.0,False,2023.09.5
741,descriptor,MolWt,423.11023333333344,285.31623333333334,137.7940000000001,,,,1.0930224191501068e-10,0.7774068758969239,2.101863009879648e-09,False,2023.09.5
741,descriptor,MolLogP,4.053904666666669,1.9149860000000005,2.138918666666668,,,,1.596405099603832e-07,0.7774068758969239,1.300446047187566e-06,False,2023.09.5
741,descriptor,TPSA,90.71400000000001,61.559999999999995,29.154000000000018,,,,0.0003987358458077294,0.7774068758969239,0.0017233572200358086,False,2023.09.5
741,descriptor,QED,0.5345042759878923,0.807734662110198,-0.27323038612230566,,,,1.4294165868692731e-08,0.7774068758969239,1.411746452664965e-07,False,2023.09.5
741,descriptor,NumRotatableBonds,3.4,3.3,0.10000000000000009,,,,0.9939407662308714,0.7774068758969239,1.0,False,2023.09.5
741,descriptor,NumHDonors,1.4666666666666666,1.1,0.3666666666666665,,,,0.1364049149725801,0.7774068758969239,0.29509675321117185,False,2023.09.5
741,descriptor,NumHAcceptors,5.533333333333333,3.8333333333333335,1.6999999999999997,,,,0.0017387193619094069,0.7774068758969239,0.006761876182514088,False,2023.09.5
741,descriptor,NumAromaticRings,3.533333333333333,1.0,2.533333333333333,,,,2.6252308298112763e-11,0.7774068758969239,8.023908189881195e-10,False,2023.09.5
741,descriptor,NumAliphaticRings,0.26666666666666666,1.3333333333333333,-1.0666666666666667,,,,5.377598777811478e-05,0.7774068758969239,0.0002775738404348845,False,2023.09.5
741,descriptor,HeavyAtomCount,26.766666666666666,18.966666666666665,7.800000000000001,,,,2.2405382574235357e-11,0.7774068758969239,8.023908189881195e-10,False,2023.09.5
741,descriptor,FractionCSP3,0.25682042916327474,0.5243921519656815,-0.2675717228024067,,,,1.5684247217931606e-05,0.7774068758969239,8.973111956039195e-05,False,2023.09.5
741,substructure,halogen_F,,,,16.666666666666664,33.33333333333333,-16.666666666666664,0.2325984703938369,0.7774068758969239,0.4564741150697567,False,2023.09.5
741,substructure,halogen_Cl,,,,3.3333333333333335,26.666666666666668,-23.333333333333336,0.025690734963116434,0.7774068758969239,0.07142529474647329,False,2023.09.5
741,substructure,halogen_Br,,,,73.33333333333333,16.666666666666664,56.666666666666664,2.0279383599802876e-05,0.7774068758969239,0.00011323847626462565,True,2023.09.5
741,substructure,halogen_I,,,,3.3333333333333335,0.0,3.3333333333333335,1.0,0.7774068758969239,1.0,False,2023.09.5
741,substructure,boron,,,,6.666666666666667,0.0,6.666666666666667,0.4915254237288137,0.7774068758969239,0.7853847222987215,False,2023.09.5
741,substructure,boronic_acid_or_ester,,,,6.666666666666667,0.0,6.666666666666667,0.4915254237288137,0.7774068758969239,0.7853847222987215,False,2023.09.5
741,substructure,nitro,,,,0.0,0.0,0.0,1.0,0.7774068758969239,1.0,False,2023.09.5
741,substructure,nitrile,,,,16.666666666666664,26.666666666666668,-10.000000000000004,0.5320924727590531,0.7774068758969239,0.8356025782043203,False,2023.09.5
741,substructure,aromatic_N,,,,100.0,56.666666666666664,43.333333333333336,4.6356886214671344e-05,0.7774068758969239,0.00024180093876664542,True,2023.09.5
741,substructure,aromatic_O,,,,36.666666666666664,0.0,36.666666666666664,0.0003188052525640556,0.7774068758969239,0.00140238888322344,True,2023.09.5
741,substructure,aromatic_S,,,,3.3333333333333335,0.0,3.3333333333333335,1.0,0.7774068758969239,1.0,False,2023.09.5
741,substructure,pyridine,,,,40.0,23.333333333333332,16.666666666666668,0.2668356607208132,0.7774068758969239,0.49948103110813213,False,2023.09.5
741,substructure,benzene,,,,90.0,33.33333333333333,56.66666666666667,1.0979873400083272e-05,0.7774068758969239,6.44945382654743e-05,True,2023.09.5
741,substructure,phenol,,,,0.0,0.0,0.0,1.0,0.7774068758969239,1.0,False,2023.09.5
741,substructure,alcohol,,,,0.0,20.0,-20.0,0.023720703916957266,0.7774068758969239,0.067078762005167,False,2023.09.5
741,substructure,carboxylic_acid,,,,10.0,16.666666666666664,-6.666666666666664,0.7064691994252865,0.7774068758969239,1.0,False,2023.09.5
741,substructure,ester,,,,13.333333333333334,13.333333333333334,0.0,1.0,0.7774068758969239,1.0,False,2023.09.5
741,substructure,amide,,,,10.0,53.333333333333336,-43.333333333333336,0.0006310253578028923,0.7774068758969239,0.002652048186349948,True,2023.09.5
741,substructure,urea,,,,0.0,0.0,0.0,1.0,0.7774068758969239,1.0,False,2023.09.5
741,substructure,sulfone,,,,10.0,3.3333333333333335,6.666666666666666,0.6119536128456737,0.7774068758969239,0.9176986186575842,False,2023.09.5
741,substructure,ether,,,,23.333333333333332,33.33333333333333,-9.999999999999996,0.567489732503049,0.7774068758969239,0.8824398472032879,False,2023.09.5
741,substructure,amine_primary,,,,33.33333333333333,10.0,23.33333333333333,0.05746627333208208,0.7774068758969239,0.14148568166773196,False,2023.09.5
741,substructure,amine_secondary,,,,13.333333333333334,33.33333333333333,-19.999999999999993,0.12527840350750902,0.7774068758969239,0.2723652935124812,False,2023.09.5
741,substructure,amine_tertiary,,,,3.3333333333333335,10.0,-6.666666666666666,0.6119536128456737,0.7774068758969239,0.9176986186575842,False,2023.09.5
741,substructure,ketone,,,,3.3333333333333335,3.3333333333333335,0.0,1.0,0.7774068758969239,1.0,False,2023.09.5
741,substructure,alkyne,,,,3.3333333333333335,10.0,-6.666666666666666,0.6119536128456737,0.7774068758969239,0.9176986186575842,False,2023.09.5
746,descriptor,MolWt,182.93483333333333,343.3999,-160.46506666666667,,,,3.019859359162157e-11,0.19230049291820053,8.023908189881195e-10,False,2023.09.5
746,descriptor,MolLogP,2.558434,2.547144000000001,0.011289999999998912,,,,0.773119942467523,0.19230049291820053,1.0,False,2023.09.5
746,descriptor,TPSA,18.375333333333334,78.66066666666666,-60.28533333333333,,,,3.97739077119685e-11,0.19230049291820053,9.485837387450801e-10,False,2023.09.5
746,descriptor,QED,0.5973752877703153,0.7751565386942093,-0.17778125092389396,,,,2.6784187792783593e-06,0.19230049291820053,1.729830333958079e-05,False,2023.09.5
746,descriptor,NumRotatableBonds,0.6333333333333333,4.066666666666666,-3.433333333333333,,,,1.0542319149836285e-10,0.19230049291820053,2.0661901739703888e-09,False,2023.09.5
746,descriptor,NumHDonors,0.3333333333333333,1.4,-1.0666666666666667,,,,1.4635483663452044e-06,0.19230049291820053,9.972784823340214e-06,False,2023.09.5
746,descriptor,NumHAcceptors,1.2,4.6,-3.3999999999999995,,,,7.647059236204133e-11,0.19230049291820053,1.593405658743798e-09,False,2023.09.5
746,descriptor,NumAromaticRings,1.0666666666666667,1.7333333333333334,-0.6666666666666667,,,,0.0007234707950942512,0.19230049291820053,0.00301814634117823,False,2023.09.5
746,descriptor,NumAliphaticRings,0.6,1.3333333333333333,-0.7333333333333333,,,,0.010163876495855389,0.19230049291820053,0.032661353122639195,False,2023.09.5
746,descriptor,HeavyAtomCount,11.2,23.533333333333335,-12.333333333333336,,,,2.1486042813215637e-11,0.19230049291820053,8.023908189881195e-10,False,2023.09.5
746,descriptor,FractionCSP3,0.3008597883597884,0.4613149058481539,-0.1604551174883655,,,,0.002016504478934645,0.19230049291820053,0.007610430154530277,False,2023.09.5
746,substructure,halogen_F,,,,53.333333333333336,26.666666666666668,26.666666666666668,0.06407239599978798,0.19230049291820053,0.1562924311541347,False,2023.09.5
746,substructure,halogen_Cl,,,,50.0,10.0,40.0,0.0015063632760577872,0.19230049291820053,0.005916361319357916,True,2023.09.5
746,substructure,halogen_Br,,,,20.0,20.0,0.0,1.0,0.19230049291820053,1.0,False,2023.09.5
746,substructure,halogen_I,,,,0.0,0.0,0.0,1.0,0.19230049291820053,1.0,False,2023.09.5
746,substructure,boron,,,,0.0,0.0,0.0,1.0,0.19230049291820053,1.0,False,2023.09.5
746,substructure,boronic_acid_or_ester,,,,0.0,0.0,0.0,1.0,0.19230049291820053,1.0,False,2023.09.5
746,substructure,nitro,,,,0.0,0.0,0.0,1.0,0.19230049291820053,1.0,False,2023.09.5
746,substructure,nitrile,,,,13.333333333333334,13.333333333333334,0.0,1.0,0.19230049291820053,1.0,False,2023.09.5
746,substructure,aromatic_N,,,,26.666666666666668,66.66666666666666,-39.999999999999986,0.004025455501528387,0.19230049291820053,0.014448575095694366,False,2023.09.5
746,substructure,aromatic_O,,,,0.0,13.333333333333334,-13.333333333333334,0.11239964317573597,0.19230049291820053,0.2485978700182898,False,2023.09.5
746,substructure,aromatic_S,,,,13.333333333333334,0.0,13.333333333333334,0.11239964317573597,0.19230049291820053,0.2485978700182898,False,2023.09.5
746,substructure,pyridine,,,,10.0,30.0,-20.0,0.10416473660307204,0.19230049291820053,0.23892711020368612,False,2023.09.5
746,substructure,benzene,,,,73.33333333333333,63.33333333333333,10.0,0.5795597864797082,0.19230049291820053,0.8969809205133561,False,2023.09.5
746,substructure,phenol,,,,3.3333333333333335,3.3333333333333335,0.0,1.0,0.19230049291820053,1.0,False,2023.09.5
746,substructure,alcohol,,,,0.0,20.0,-20.0,0.023720703916957266,0.19230049291820053,0.067078762005167,False,2023.09.5
746,substructure,carboxylic_acid,,,,0.0,23.333333333333332,-23.333333333333332,0.010542535074203226,0.19230049291820053,0.03268433544148048,False,2023.09.5
746,substructure,ester,,,,0.0,13.333333333333334,-13.333333333333334,0.11239964317573597,0.19230049291820053,0.2485978700182898,False,2023.09.5
746,substructure,amide,,,,0.0,60.0,-60.0,1.8700640109964368e-07,0.19230049291820053,1.4926579474868738e-06,True,2023.09.5
746,substructure,urea,,,,0.0,0.0,0.0,1.0,0.19230049291820053,1.0,False,2023.09.5
746,substructure,sulfone,,,,0.0,6.666666666666667,-6.666666666666667,0.4915254237288137,0.19230049291820053,0.7853847222987215,False,2023.09.5
746,substructure,ether,,,,16.666666666666664,36.666666666666664,-20.0,0.14316508132189698,0.19230049291820053,0.30753692726716775,False,2023.09.5
746,substructure,amine_primary,,,,13.333333333333334,23.333333333333332,-9.999999999999998,0.5061775943272466,0.19230049291820053,0.8015828383766278,False,2023.09.5
746,substructure,amine_secondary,,,,6.666666666666667,20.0,-13.333333333333332,0.2542143363175797,0.19230049291820053,0.4790264433514032,False,2023.09.5
746,substructure,amine_tertiary,,,,3.3333333333333335,13.333333333333334,-10.0,0.35325602140945594,0.19230049291820053,0.6254013661859009,False,2023.09.5
746,substructure,ketone,,,,6.666666666666667,3.3333333333333335,3.3333333333333335,1.0,0.19230049291820053,1.0,False,2023.09.5
746,substructure,alkyne,,,,0.0,3.3333333333333335,-3.3333333333333335,1.0,0.19230049291820053,1.0,False,2023.09.5
748,descriptor,MolWt,300.64099999999996,340.10273333333345,-39.461733333333484,,,,0.000252907297233782,0.312316715542522,0.0011427012651154189,False,2023.09.5
748,descriptor,MolLogP,3.3105173333333355,2.7266713333333343,0.5838460000000012,,,,0.03146563257725609,0.312316715542522,0.08573464512963308,False,2023.09.5
748,descriptor,TPSA,60.74633333333333,71.36033333333333,-10.613999999999997,,,,0.15775035002760218,0.312316715542522,0.33409912595973384,False,2023.09.5
748,descriptor,QED,0.8054329746706491,0.773075830999365,0.03235714367128406,,,,0.5894511694056184,0.312316715542522,0.9101549062702196,False,2023.09.5
748,descriptor,NumRotatableBonds,4.9,4.3,0.6000000000000005,,,,0.11877785052414655,0.312316715542522,0.26074145559628825,False,2023.09.5
748,descriptor,NumHDonors,1.3333333333333333,1.2333333333333334,0.09999999999999987,,,,0.478037360663904,0.312316715542522,0.7853847222987215,False,2023.09.5
748,descriptor,NumHAcceptors,2.7333333333333334,4.766666666666667,-2.033333333333333,,,,2.0523510121061328e-07,0.312316715542522,1.625051531385636e-06,False,2023.09.5
748,descriptor,NumAromaticRings,1.1666666666666667,1.8,-0.6333333333333333,,,,0.0006849397505146248,0.312316715542522,0.0028634387246963037,False,2023.09.5
748,descriptor,NumAliphaticRings,1.5666666666666667,1.3,0.2666666666666666,,,,0.4654411465041608,0.312316715542522,0.7853847222987215,False,2023.09.5
748,descriptor,HeavyAtomCount,21.833333333333332,23.366666666666667,-1.533333333333335,,,,0.005928843963540543,0.312316715542522,0.019966978803740966,False,2023.09.5
748,descriptor,FractionCSP3,0.4696448228414173,0.4966184534992585,-0.026973630657841197,,,,0.8121968971139868,0.312316715542522,1.0,False,2023.09.5
748,substructure,halogen_F,,,,23.333333333333332,20.0,3.333333333333332,1.0,0.312316715542522,1.0,False,2023.09.5
748,substructure,halogen_Cl,,,,3.3333333333333335,33.33333333333333,-29.999999999999996,0.005579091919870972,0.312316715542522,0.018910637766069504,False,2023.09.5
748,substructure,halogen_Br,,,,0.0,13.333333333333334,-13.333333333333334,0.11239964317573597,0.312316715542522,0.2485978700182898,False,2023.09.5
748,substructure,halogen_I,,,,0.0,0.0,0.0,1.0,0.312316715542522,1.0,False,2023.09.5
748,substructure,boron,,,,0.0,0.0,0.0,1.0,0.312316715542522,1.0,False,2023.09.5
748,substructure,boronic_acid_or_ester,,,,0.0,0.0,0.0,1.0,0.312316715542522,1.0,False,2023.09.5
748,substructure,nitro,,,,0.0,0.0,0.0,1.0,0.312316715542522,1.0,False,2023.09.5
748,substructure,nitrile,,,,0.0,6.666666666666667,-6.666666666666667,0.4915254237288137,0.312316715542522,0.7853847222987215,False,2023.09.5
748,substructure,aromatic_N,,,,0.0,76.66666666666667,-76.66666666666667,1.741091350220272e-10,0.312316715542522,3.036555354855532e-09,True,2023.09.5
748,substructure,aromatic_O,,,,0.0,6.666666666666667,-6.666666666666667,0.4915254237288137,0.312316715542522,0.7853847222987215,False,2023.09.5
748,substructure,aromatic_S,,,,0.0,10.0,-10.0,0.23728813559322035,0.312316715542522,0.4564741150697567,False,2023.09.5
748,substructure,pyridine,,,,0.0,26.666666666666668,-26.666666666666668,0.004575062390691967,0.312316715542522,0.015888308776096052,False,2023.09.5
748,substructure,benzene,,,,96.66666666666667,60.0,36.66666666666667,0.0010507560875325506,0.312316715542522,0.004219009483307677,True,2023.09.5
748,substructure,phenol,,,,13.333333333333334,0.0,13.333333333333334,0.11239964317573597,0.312316715542522,0.2485978700182898,False,2023.09.5
748,substructure,alcohol,,,,26.666666666666668,23.333333333333332,3.3333333333333357,1.0,0.312316715542522,1.0,False,2023.09.5
748,substructure,carboxylic_acid,,,,76.66666666666667,16.666666666666664,60.00000000000001,5.919338559026343e-06,0.312316715542522,3.6332808302612855e-05,True,2023.09.5
748,substructure,ester,,,,20.0,3.3333333333333335,16.666666666666668,0.10278971697348147,0.312316715542522,0.23742385618320486,False,2023.09.5
748,substructure,amide,,,,0.0,43.333333333333336,-43.333333333333336,4.635688621467135e-05,0.312316715542522,0.00024180093876664542,True,2023.09.5
748,substructure,urea,,,,0.0,3.3333333333333335,-3.3333333333333335,1.0,0.312316715542522,1.0,False,2023.09.5
748,substructure,sulfone,,,,0.0,3.3333333333333335,-3.3333333333333335,1.0,0.312316715542522,1.0,False,2023.09.5
748,substructure,ether,,,,53.333333333333336,26.666666666666668,26.666666666666668,0.06407239599978798,0.312316715542522,0.1562924311541347,False,2023.09.5
748,substructure,amine_primary,,,,0.0,20.0,-20.0,0.023720703916957266,0.312316715542522,0.067078762005167,False,2023.09.5
748,substructure,amine_secondary,,,,0.0,40.0,-40.0,0.0001236183632391236,0.312316715542522,0.0005925001211424823,True,2023.09.5
748,substructure,amine_tertiary,,,,0.0,20.0,-20.0,0.023720703916957266,0.312316715542522,0.067078762005167,False,2023.09.5
748,substructure,ketone,,,,40.0,6.666666666666667,33.333333333333336,0.004769170151985977,0.312316715542522,0.016418386636271726,False,2023.09.5
748,substructure,alkyne,,,,3.3333333333333335,3.3333333333333335,0.0,1.0,0.312316715542522,1.0,False,2023.09.5
775,descriptor,MolWt,130.50676666666666,323.6771666666667,-193.17040000000006,,,,3.019859359162157e-11,0.13077930991451925,8.023908189881195e-10,False,2023.09.5
775,descriptor,MolLogP,0.38603366666666666,2.5352933333333336,-2.149259666666667,,,,2.438626624144956e-09,0.13077930991451925,2.9524534571834495e-08,False,2023.09.5
775,descriptor,TPSA,45.066666666666656,71.75600000000001,-26.68933333333336,,,,1.3813665738004546e-05,0.13077930991451925,7.960451623982532e-05,False,2023.09.5
775,descriptor,QED,0.48181816425286406,0.7983963040109902,-0.3165781397581261,,,,3.4741966068317727e-10,0.13077930991451925,5.3727907681433546e-09,False,2023.09.5
775,descriptor,NumRotatableBonds,1.0333333333333334,3.5,-2.466666666666667,,,,2.2866453642779603e-07,0.13077930991451925,1.7909966831441926e-06,False,2023.09.5
775,descriptor,NumHDonors,0.8666666666666667,1.2,-0.33333333333333326,,,,0.10145356648716289,0.13077930991451925,0.23724434124198338,False,2023.09.5
775,descriptor,NumHAcceptors,2.533333333333333,4.5,-1.9666666666666668,,,,8.329095461268218e-06,0.13077930991451925,4.9660977305965175e-05,False,2023.09.5
775,descriptor,NumAromaticRings,0.7,1.6,-0.9000000000000001,,,,4.6281460866916874e-05,0.13077930991451925,0.00024180093876664542,False,2023.09.5
775,descriptor,NumAliphaticRings,0.16666666666666666,1.2,-1.0333333333333332,,,,1.9682807841142804e-06,0.13077930991451925,1.2944225289548898e-05,False,2023.09.5
775,descriptor,HeavyAtomCount,8.366666666666667,22.566666666666666,-14.2,,,,2.201922687736793e-11,0.13077930991451925,8.023908189881195e-10,False,2023.09.5
775,descriptor,FractionCSP3,0.4355555555555556,0.4664388715859304,-0.030883316030374808,,,,0.4149406612781653,0.13077930991451925,0.7201885480053734,False,2023.09.5
775,substructure,halogen_F,,,,6.666666666666667,40.0,-33.333333333333336,0.004769170151985977,0.13077930991451925,0.016418386636271726,False,2023.09.5
775,substructure,halogen_Cl,,,,10.0,20.0,-10.0,0.4716445589655157,0.13077930991451925,0.7853847222987215,False,2023.09.5
775,substructure,halogen_Br,,,,6.666666666666667,10.0,-3.333333333333333,1.0,0.13077930991451925,1.0,False,2023.09.5
775,substructure,halogen_I,,,,0.0,0.0,0.0,1.0,0.13077930991451925,1.0,False,2023.09.5
775,substructure,boron,,,,3.3333333333333335,0.0,3.3333333333333335,1.0,0.13077930991451925,1.0,False,2023.09.5
775,substructure,boronic_acid_or_ester,,,,0.0,0.0,0.0,1.0,0.13077930991451925,1.0,False,2023.09.5
775,substructure,nitro,,,,0.0,0.0,0.0,1.0,0.13077930991451925,1.0,False,2023.09.5
775,substructure,nitrile,,,,10.0,30.0,-20.0,0.10416473660307204,0.13077930991451925,0.23892711020368612,False,2023.09.5
775,substructure,aromatic_N,,,,56.666666666666664,63.33333333333333,-6.666666666666664,0.7924942425907315,0.13077930991451925,1.0,False,2023.09.5
775,substructure,aromatic_O,,,,3.3333333333333335,13.333333333333334,-10.0,0.35325602140945594,0.13077930991451925,0.6254013661859009,False,2023.09.5
775,substructure,aromatic_S,,,,6.666666666666667,10.0,-3.333333333333333,1.0,0.13077930991451925,1.0,False,2023.09.5
775,substructure,pyridine,,,,6.666666666666667,23.333333333333332,-16.666666666666664,0.1454992249936118,0.13077930991451925,0.30902973806314865,False,2023.09.5
775,substructure,benzene,,,,0.0,66.66666666666666,-66.66666666666666,1.4334985450146902e-08,0.13077930991451925,1.411746452664965e-07,True,2023.09.5
775,substructure,phenol,,,,0.0,13.333333333333334,-13.333333333333334,0.11239964317573597,0.13077930991451925,0.2485978700182898,False,2023.09.5
775,substructure,alcohol,,,,0.0,30.0,-30.0,0.0019356033191389092,0.13077930991451925,0.007333065588967408,False,2023.09.5
775,substructure,carboxylic_acid,,,,0.0,23.333333333333332,-23.333333333333332,0.010542535074203226,0.13077930991451925,0.03268433544148048,False,2023.09.5
775,substructure,ester,,,,0.0,20.0,-20.0,0.023720703916957266,0.13077930991451925,0.067078762005167,False,2023.09.5
775,substructure,amide,,,,10.0,43.333333333333336,-33.333333333333336,0.007409783038336962,0.13077930991451925,0.0244664979556097,False,2023.09.5
775,substructure,urea,,,,6.666666666666667,0.0,6.666666666666667,0.4915254237288137,0.13077930991451925,0.7853847222987215,False,2023.09.5
775,substructure,sulfone,,,,10.0,0.0,10.0,0.23728813559322035,0.13077930991451925,0.4564741150697567,False,2023.09.5
775,substructure,ether,,,,3.3333333333333335,43.333333333333336,-40.0,0.0004310204101236465,0.13077930991451925,0.0018467638567960134,True,2023.09.5
775,substructure,amine_primary,,,,20.0,13.333333333333334,6.666666666666666,0.7306423241784982,0.13077930991451925,1.0,False,2023.09.5
775,substructure,amine_secondary,,,,10.0,16.666666666666664,-6.666666666666664,0.7064691994252865,0.13077930991451925,1.0,False,2023.09.5
775,substructure,amine_tertiary,,,,13.333333333333334,10.0,3.333333333333334,1.0,0.13077930991451925,1.0,False,2023.09.5
775,substructure,ketone,,,,0.0,10.0,-10.0,0.23728813559322035,0.13077930991451925,0.4564741150697567,False,2023.09.5
775,substructure,alkyne,,,,0.0,13.333333333333334,-13.333333333333334,0.11239964317573597,0.13077930991451925,0.2485978700182898,False,2023.09.5
777,descriptor,MolWt,185.40599999999998,327.22703333333345,-141.82103333333347,,,,1.0930224191501068e-10,0.003899669308042678,2.101863009879648e-09,False,2023.09.5
777,descriptor,MolLogP,1.8730923333333336,2.5344433333333343,-0.6613510000000007,,,,0.045146208380795055,0.003899669308042678,0.11805405480816884,False,2023.09.5
777,descriptor,TPSA,27.355666666666668,74.868,-47.51233333333333,,,,7.349111194685534e-11,0.003899669308042678,1.5560307281303441e-09,False,2023.09.5
777,descriptor,QED,0.5988754568136297,0.8052844815059975,-0.20640902469236777,,,,4.310612299972247e-08,0.003899669308042678,3.9231526656529024e-07,False,2023.09.5
777,descriptor,NumRotatableBonds,1.3333333333333333,3.966666666666667,-2.6333333333333337,,,,1.961403254065751e-09,0.003899669308042678,2.4729921919892705e-08,False,2023.09.5
777,descriptor,NumHDonors,0.5666666666666667,1.2333333333333334,-0.6666666666666667,,,,0.0017459959353100646,0.003899669308042678,0.0067835111951840485,False,2023.09.5
777,descriptor,NumHAcceptors,1.6,4.633333333333334,-3.0333333333333337,,,,3.770535167688969e-10,0.003899669308042678,5.785871600341329e-09,False,2023.09.5
777,descriptor,NumAromaticRings,0.6333333333333333,1.6,-0.9666666666666668,,,,1.3216762818581823e-05,0.003899669308042678,7.661078184299479e-05,False,2023.09.5
777,descriptor,NumAliphaticRings,0.5,1.2666666666666666,-0.7666666666666666,,,,0.00030824641073287136,0.003899669308042678,0.0013758145886036501,False,2023.09.5
777,descriptor,HeavyAtomCount,12.1,22.9,-10.799999999999999,,,,2.464990784641863e-11,0.003899669308042678,8.023908189881195e-10,False,2023.09.5
777,descriptor,FractionCSP3,0.5107142857142858,0.49633929476943345,0.01437499094485234,,,,0.8474135899333408,0.003899669308042678,1.0,False,2023.09.5
777,substructure,halogen_F,,,,90.0,26.666666666666668,63.33333333333333,9.502531508333731e-07,0.003899669308042678,6.611691079348549e-06,True,2023.09.5
777,substructure,halogen_Cl,,,,10.0,6.666666666666667,3.333333333333333,1.0,0.003899669308042678,1.0,False,2023.09.5
777,substructure,halogen_Br,,,,3.3333333333333335,10.0,-6.666666666666666,0.6119536128456737,0.003899669308042678,0.9176986186575842,False,2023.09.5
777,substructure,halogen_I,,,,0.0,0.0,0.0,1.0,0.003899669308042678,1.0,False,2023.09.5
777,substructure,boron,,,,30.0,0.0,30.0,0.0019356033191389092,0.003899669308042678,0.007333065588967408,False,2023.09.5
777,substructure,boronic_acid_or_ester,,,,16.666666666666664,0.0,16.666666666666664,0.052185548617305996,0.003899669308042678,0.13009702690761193,False,2023.09.5
777,substructure,nitro,,,,0.0,0.0,0.0,1.0,0.003899669308042678,1.0,False,2023.09.5
777,substructure,nitrile,,,,13.333333333333334,20.0,-6.666666666666666,0.7306423241784982,0.003899669308042678,1.0,False,2023.09.5
777,substructure,aromatic_N,,,,16.666666666666664,83.33333333333334,-66.66666666666669,3.564155473790975e-07,0.003899669308042678,2.6826029507107355e-06,True,2023.09.5
777,substructure,aromatic_O,,,,0.0,10.0,-10.0,0.23728813559322035,0.003899669308042678,0.4564741150697567,False,2023.09.5
777,substructure,aromatic_S,,,,3.3333333333333335,3.3333333333333335,0.0,1.0,0.003899669308042678,1.0,False,2023.09.5
777,substructure,pyridine,,,,13.333333333333334,23.333333333333332,-9.999999999999998,0.5061775943272466,0.003899669308042678,0.8015828383766278,False,2023.09.5
777,substructure,benzene,,,,43.333333333333336,43.333333333333336,0.0,1.0,0.003899669308042678,1.0,False,2023.09.5
777,substructure,phenol,,,,0.0,3.3333333333333335,-3.3333333333333335,1.0,0.003899669308042678,1.0,False,2023.09.5
777,substructure,alcohol,,,,3.3333333333333335,20.0,-16.666666666666668,0.10278971697348147,0.003899669308042678,0.23742385618320486,False,2023.09.5
777,substructure,carboxylic_acid,,,,0.0,30.0,-30.0,0.0019356033191389092,0.003899669308042678,0.007333065588967408,False,2023.09.5
777,substructure,ester,,,,0.0,23.333333333333332,-23.333333333333332,0.010542535074203226,0.003899669308042678,0.03268433544148048,False,2023.09.5
777,substructure,amide,,,,6.666666666666667,60.0,-53.333333333333336,1.8747554607801208e-05,0.003899669308042678,0.00010483272414164545,True,2023.09.5
777,substructure,urea,,,,0.0,0.0,0.0,1.0,0.003899669308042678,1.0,False,2023.09.5
777,substructure,sulfone,,,,6.666666666666667,3.3333333333333335,3.3333333333333335,1.0,0.003899669308042678,1.0,False,2023.09.5
777,substructure,ether,,,,23.333333333333332,43.333333333333336,-20.000000000000004,0.17022170316928475,0.003899669308042678,0.3580806178784263,False,2023.09.5
777,substructure,amine_primary,,,,10.0,10.0,0.0,1.0,0.003899669308042678,1.0,False,2023.09.5
777,substructure,amine_secondary,,,,6.666666666666667,20.0,-13.333333333333332,0.2542143363175797,0.003899669308042678,0.4790264433514032,False,2023.09.5
777,substructure,amine_tertiary,,,,0.0,13.333333333333334,-13.333333333333334,0.11239964317573597,0.003899669308042678,0.2485978700182898,False,2023.09.5
777,substructure,ketone,,,,3.3333333333333335,3.3333333333333335,0.0,1.0,0.003899669308042678,1.0,False,2023.09.5
777,substructure,alkyne,,,,0.0,3.3333333333333335,-3.3333333333333335,1.0,0.003899669308042678,1.0,False,2023.09.5
787,descriptor,MolWt,355.36800000000017,318.81293333333343,36.55506666666673,,,,0.020680749139978086,0.00811131216072877,0.06060332038872927,False,2023.09.5
787,descriptor,MolLogP,2.7859800000000017,2.3307440000000015,0.4552360000000002,,,,0.06567125768912659,0.00811131216072877,0.1599764401918682,False,2023.09.5
787,descriptor,TPSA,68.702,67.91900000000001,0.782999999999987,,,,0.8649788428690075,0.00811131216072877,1.0,False,2023.09.5
787,descriptor,QED,0.738235084786996,0.7564338594708003,-0.018198774683804375,,,,0.31830422747222764,0.00811131216072877,0.579920127272227,False,2023.09.5
787,descriptor,NumRotatableBonds,3.8333333333333335,3.7333333333333334,0.10000000000000009,,,,0.6861557935291269,0.00811131216072877,1.0,False,2023.09.5
787,descriptor,NumHDonors,1.0333333333333334,1.2333333333333334,-0.19999999999999996,,,,0.39968455632119493,0.00811131216072877,0.6979934532314118,False,2023.09.5
787,descriptor,NumHAcceptors,4.533333333333333,4.1,0.43333333333333357,,,,0.34550620477010296,0.00811131216072877,0.6254013661859009,False,2023.09.5
787,descriptor,NumAromaticRings,1.3666666666666667,1.3,0.06666666666666665,,,,0.6034522263007029,0.00811131216072877,0.9176986186575842,False,2023.09.5
787,descriptor,NumAliphaticRings,2.0,1.5,0.5,,,,0.06048261780065113,0.00811131216072877,0.14845051697010406,False,2023.09.5
787,descriptor,HeavyAtomCount,25.166666666666668,21.833333333333332,3.3333333333333357,,,,0.0033780548579937456,0.00811131216072877,0.012235790652147518,False,2023.09.5
787,descriptor,FractionCSP3,0.5748942214003124,0.5428915657785626,0.032002655621749865,,,,0.630634033794796,0.00811131216072877,0.944638721072114,False,2023.09.5
787,substructure,halogen_F,,,,26.666666666666668,33.33333333333333,-6.666666666666661,0.7787156770945833,0.00811131216072877,1.0,False,2023.09.5
787,substructure,halogen_Cl,,,,13.333333333333334,16.666666666666664,-3.3333333333333304,1.0,0.00811131216072877,1.0,False,2023.09.5
787,substructure,halogen_Br,,,,6.666666666666667,16.666666666666664,-9.999999999999996,0.42380990998296975,0.00811131216072877,0.7210414411785893,False,2023.09.5
787,substructure,halogen_I,,,,0.0,0.0,0.0,1.0,0.00811131216072877,1.0,False,2023.09.5
787,substructure,boron,,,,90.0,0.0,90.0,9.226769211554169e-14,0.00811131216072877,5.2183970440775654e-11,True,2023.09.5
787,substructure,boronic_acid_or_ester,,,,90.0,0.0,90.0,9.226769211554169e-14,0.00811131216072877,5.2183970440775654e-11,True,2023.09.5
787,substructure,nitro,,,,0.0,0.0,0.0,1.0,0.00811131216072877,1.0,False,2023.09.5
787,substructure,nitrile,,,,13.333333333333334,23.333333333333332,-9.999999999999998,0.5061775943272466,0.00811131216072877,0.8015828383766278,False,2023.09.5
787,substructure,aromatic_N,,,,43.333333333333336,66.66666666666666,-23.33333333333332,0.11876489919201856,0.00811131216072877,0.26074145559628825,False,2023.09.5
787,substructure,aromatic_O,,,,10.0,6.666666666666667,3.333333333333333,1.0,0.00811131216072877,1.0,False,2023.09.5
787,substructure,aromatic_S,,,,0.0,6.666666666666667,-6.666666666666667,0.4915254237288137,0.00811131216072877,0.7853847222987215,False,2023.09.5
787,substructure,pyridine,,,,20.0,23.333333333333332,-3.333333333333332,1.0,0.00811131216072877,1.0,False,2023.09.5
787,substructure,benzene,,,,70.0,40.0,30.0,0.0369923959405111,0.00811131216072877,0.09942491210351899,False,2023.09.5
787,substructure,phenol,,,,0.0,6.666666666666667,-6.666666666666667,0.4915254237288137,0.00811131216072877,0.7853847222987215,False,2023.09.5
787,substructure,alcohol,,,,6.666666666666667,6.666666666666667,0.0,1.0,0.00811131216072877,1.0,False,2023.09.5
787,substructure,carboxylic_acid,,,,23.333333333333332,40.0,-16.666666666666668,0.2668356607208132,0.00811131216072877,0.49948103110813213,False,2023.09.5
787,substructure,ester,,,,3.3333333333333335,6.666666666666667,-3.3333333333333335,1.0,0.00811131216072877,1.0,False,2023.09.5
787,substructure,amide,,,,46.666666666666664,50.0,-3.3333333333333357,1.0,0.00811131216072877,1.0,False,2023.09.5
787,substructure,urea,,,,0.0,0.0,0.0,1.0,0.00811131216072877,1.0,False,2023.09.5
787,substructure,sulfone,,,,0.0,0.0,0.0,1.0,0.00811131216072877,1.0,False,2023.09.5
787,substructure,ether,,,,33.33333333333333,43.333333333333336,-10.000000000000007,0.5959098408345824,0.00811131216072877,0.9176986186575842,False,2023.09.5
787,substructure,amine_primary,,,,13.333333333333334,13.333333333333334,0.0,1.0,0.00811131216072877,1.0,False,2023.09.5
787,substructure,amine_secondary,,,,3.3333333333333335,16.666666666666664,-13.33333333333333,0.19450977211904957,0.00811131216072877,0.3940963090170508,False,2023.09.5
787,substructure,amine_tertiary,,,,6.666666666666667,26.666666666666668,-20.0,0.07972201478079077,0.00811131216072877,0.1899034034399222,False,2023.09.5
787,substructure,ketone,,,,16.666666666666664,0.0,16.666666666666664,0.052185548617305996,0.00811131216072877,0.13009702690761193,False,2023.09.5
787,substructure,alkyne,,,,0.0,6.666666666666667,-6.666666666666667,0.4915254237288137,0.00811131216072877,0.7853847222987215,False,2023.09.5
800,descriptor,MolWt,254.81876666666665,346.7441333333335,-91.92536666666683,,,,1.5465212858330377e-09,0.48393336245086416,1.9687066786536965e-08,False,2023.09.5
800,descriptor,MolLogP,0.0029499999999999544,3.2211373333333357,-3.218187333333336,,,,6.065757009046712e-11,0.48393336245086416,1.334129555489774e-09,False,2023.09.5
800,descriptor,TPSA,100.903,63.02033333333334,37.882666666666665,,,,3.8154265440873255e-09,0.48393336245086416,4.3019154268016556e-08,False,2023.09.5
800,descriptor,QED,0.7132843434557918,0.8197473207523149,-0.1064629772965231,,,,1.7479133317173934e-05,0.48393336245086416,9.84146157025142e-05,False,2023.09.5
800,descriptor,NumRotatableBonds,3.1,4.1,-0.9999999999999996,,,,0.0027656866950957317,0.48393336245086416,0.010204430219835975,False,2023.09.5
800,descriptor,NumHDonors,1.8333333333333333,1.2666666666666666,0.5666666666666667,,,,0.007859640446718236,0.48393336245086416,0.025844116718071013,False,2023.09.5
800,descriptor,NumHAcceptors,6.833333333333333,3.533333333333333,3.3,,,,7.662321009722354e-10,0.48393336245086416,1.0643904869295018e-08,False,2023.09.5
800,descriptor,NumAromaticRings,2.1666666666666665,1.8666666666666667,0.2999999999999998,,,,0.05793681523174582,0.48393336245086416,0.14255553231975246,False,2023.09.5
800,descriptor,NumAliphaticRings,0.5666666666666667,1.2333333333333334,-0.6666666666666667,,,,0.0025625108883970907,0.48393336245086416,0.009490159595102042,False,2023.09.5
800,descriptor,HeavyAtomCount,17.233333333333334,24.433333333333334,-7.199999999999999,,,,2.8021031637462685e-11,0.48393336245086416,8.023908189881195e-10,False,2023.09.5
800,descriptor,FractionCSP3,0.39602332852332844,0.3760601258047078,0.01996320271862062,,,,0.6254624056925273,0.48393336245086416,0.9372466556157137,False,2023.09.5
800,substructure,halogen_F,,,,6.666666666666667,46.666666666666664,-40.0,0.0009098128565499236,0.48393336245086416,0.003717181732797882,True,2023.09.5
800,substructure,halogen_Cl,,,,3.3333333333333335,16.666666666666664,-13.33333333333333,0.19450977211904957,0.48393336245086416,0.3940963090170508,False,2023.09.5
800,substructure,halogen_Br,,,,10.0,6.666666666666667,3.333333333333333,1.0,0.48393336245086416,1.0,False,2023.09.5
800,substructure,halogen_I,,,,6.666666666666667,0.0,6.666666666666667,0.4915254237288137,0.48393336245086416,0.7853847222987215,False,2023.09.5
800,substructure,boron,,,,0.0,0.0,0.0,1.0,0.48393336245086416,1.0,False,2023.09.5
800,substructure,boronic_acid_or_ester,,,,0.0,0.0,0.0,1.0,0.48393336245086416,1.0,False,2023.09.5
800,substructure,nitro,,,,0.0,0.0,0.0,1.0,0.48393336245086416,1.0,False,2023.09.5
800,substructure,nitrile,,,,3.3333333333333335,30.0,-26.666666666666668,0.012182915008697837,0.48393336245086416,0.037073144134846074,False,2023.09.5
800,substructure,aromatic_N,,,,96.66666666666667,43.333333333333336,53.333333333333336,7.954964600623307e-06,0.48393336245086416,4.7717734627072225e-05,True,2023.09.5
800,substructure,aromatic_O,,,,13.333333333333334,6.666666666666667,6.666666666666667,0.6707485199902685,0.48393336245086416,0.984610081809964,False,2023.09.5
800,substructure,aromatic_S,,,,6.666666666666667,13.333333333333334,-6.666666666666667,0.6707485199902685,0.48393336245086416,0.984610081809964,False,2023.09.5
800,substructure,pyridine,,,,10.0,20.0,-10.0,0.4716445589655157,0.48393336245086416,0.7853847222987215,False,2023.09.5
800,substructure,benzene,,,,0.0,93.33333333333333,-93.33333333333333,8.38797201050379e-15,0.48393336245086416,6.6415962379169016e-12,True,2023.09.5
800,substructure,phenol,,,,0.0,0.0,0.0,1.0,0.48393336245086416,1.0,False,2023.09.5
800,substructure,alcohol,,,,6.666666666666667,20.0,-13.333333333333332,0.2542143363175797,0.48393336245086416,0.4790264433514032,False,2023.09.5
800,substructure,carboxylic_acid,,,,3.3333333333333335,13.333333333333334,-10.0,0.35325602140945594,0.48393336245086416,0.6254013661859009,False,2023.09.5
800,substructure,ester,,,,0.0,16.666666666666664,-16.666666666666664,0.052185548617305996,0.48393336245086416,0.13009702690761193,False,2023.09.5
800,substructure,amide,,,,10.0,73.33333333333333,-63.33333333333333,9.50253150833373e-07,0.48393336245086416,6.611691079348549e-06,True,2023.09.5
800,substructure,urea,,,,0.0,0.0,0.0,1.0,0.48393336245086416,1.0,False,2023.09.5
800,substructure,sulfone,,,,0.0,6.666666666666667,-6.666666666666667,0.4915254237288137,0.48393336245086416,0.7853847222987215,False,2023.09.5
800,substructure,ether,,,,6.666666666666667,36.666666666666664,-29.999999999999996,0.010248938246969973,0.48393336245086416,0.03268433544148048,False,2023.09.5
800,substructure,amine_primary,,,,36.666666666666664,10.0,26.666666666666664,0.03034142126191129,0.48393336245086416,0.0827284344186686,False,2023.09.5
800,substructure,amine_secondary,,,,26.666666666666668,30.0,-3.333333333333332,1.0,0.48393336245086416,1.0,False,2023.09.5
800,substructure,amine_tertiary,,,,6.666666666666667,6.666666666666667,0.0,1.0,0.48393336245086416,1.0,False,2023.09.5
800,substructure,ketone,,,,0.0,0.0,0.0,1.0,0.48393336245086416,1.0,False,2023.09.5
800,substructure,alkyne,,,,0.0,0.0,0.0,1.0,0.48393336245086416,1.0,False,2023.09.5
804,descriptor,MolWt,201.41610000000003,343.4594333333333,-142.0433333333333,,,,2.7797057223406385e-07,0.004523616397329506,2.126103475611946e-06,False,2023.09.5
804,descriptor,MolLogP,2.0901786666666675,2.673341333333334,-0.5831626666666665,,,,0.08771037748098136,0.004523616397329506,0.20644790989726824,False,2023.09.5
804,descriptor,TPSA,46.771666666666675,70.59400000000001,-23.822333333333333,,,,0.00014021815365919028,0.004523616397329506,0.0006672159499239595,False,2023.09.5
804,descriptor,QED,0.6216491164531128,0.7393668710658889,-0.11771775461277612,,,,0.0162848089481173,0.004523616397329506,0.04843843623260436,False,2023.09.5
804,descriptor,NumRotatableBonds,2.566666666666667,4.5,-1.9333333333333331,,,,0.00028081004600716026,0.004523616397329506,0.0012618921363704285,False,2023.09.5
804,descriptor,NumHDonors,0.7333333333333333,1.3,-0.5666666666666668,,,,0.006050196001415193,0.004523616397329506,0.02033338367538434,False,2023.09.5
804,descriptor,NumHAcceptors,2.6333333333333333,4.733333333333333,-2.1,,,,3.833809866956451e-07,0.004523616397329506,2.874631299863748e-06,False,2023.09.5
804,descriptor,NumAromaticRings,0.7333333333333333,1.7,-0.9666666666666667,,,,5.1503948295650316e-05,0.004523616397329506,0.00026689022421790524,False,2023.09.5
804,descriptor,NumAliphaticRings,0.6333333333333333,1.2666666666666666,-0.6333333333333333,,,,0.0190501667843447,0.004523616397329506,0.056325325092771224,False,2023.09.5
804,descriptor,HeavyAtomCount,14.133333333333333,23.233333333333334,-9.100000000000001,,,,4.4414261763288246e-06,0.004523616397329506,2.795485887454025e-05,False,2023.09.5
804,descriptor,FractionCSP3,0.6209041225185726,0.47649294175609974,0.1444111807624729,,,,0.03371583239237532,0.004523616397329506,0.09142532906946158,False,2023.09.5
804,substructure,halogen_F,,,,0.0,20.0,-20.0,0.023720703916957266,0.004523616397329506,0.067078762005167,False,2023.09.5
804,substructure,halogen_Cl,,,,3.3333333333333335,36.666666666666664,-33.33333333333333,0.0024658610351383074,0.004523616397329506,0.009140771384000523,True,2023.09.5
804,substructure,halogen_Br,,,,3.3333333333333335,16.666666666666664,-13.33333333333333,0.19450977211904957,0.004523616397329506,0.3940963090170508,False,2023.09.5
804,substructure,halogen_I,,,,0.0,0.0,0.0,1.0,0.004523616397329506,1.0,False,2023.09.5
804,substructure,boron,,,,0.0,0.0,0.0,1.0,0.004523616397329506,1.0,False,2023.09.5
804,substructure,boronic_acid_or_ester,,,,0.0,0.0,0.0,1.0,0.004523616397329506,1.0,False,2023.09.5
804,substructure,nitro,,,,0.0,0.0,0.0,1.0,0.004523616397329506,1.0,False,2023.09.5
804,substructure,nitrile,,,,36.666666666666664,10.0,26.666666666666664,0.03034142126191129,0.004523616397329506,0.0827284344186686,False,2023.09.5
804,substructure,aromatic_N,,,,13.333333333333334,66.66666666666666,-53.33333333333332,4.904409482795938e-05,0.004523616397329506,0.00025447650252148255,True,2023.09.5
804,substructure,aromatic_O,,,,6.666666666666667,6.666666666666667,0.0,1.0,0.004523616397329506,1.0,False,2023.09.5
804,substructure,aromatic_S,,,,10.0,6.666666666666667,3.333333333333333,1.0,0.004523616397329506,1.0,False,2023.09.5
804,substructure,pyridine,,,,0.0,30.0,-30.0,0.0019356033191389092,0.004523616397329506,0.007333065588967408,False,2023.09.5
804,substructure,benzene,,,,36.666666666666664,60.0,-23.333333333333336,0.1204544137220084,0.004523616397329506,0.2639064880605596,False,2023.09.5
804,substructure,phenol,,,,6.666666666666667,16.666666666666664,-9.999999999999996,0.42380990998296975,0.004523616397329506,0.7210414411785893,False,2023.09.5
804,substructure,alcohol,,,,6.666666666666667,30.0,-23.333333333333332,0.04190011890841873,0.004523616397329506,0.11022097724812609,False,2023.09.5
804,substructure,carboxylic_acid,,,,0.0,16.666666666666664,-16.666666666666664,0.052185548617305996,0.004523616397329506,0.13009702690761193,False,2023.09.5
804,substructure,ester,,,,3.3333333333333335,20.0,-16.666666666666668,0.10278971697348147,0.004523616397329506,0.23742385618320486,False,2023.09.5
804,substructure,amide,,,,33.33333333333333,43.333333333333336,-10.000000000000007,0.5959098408345824,0.004523616397329506,0.9176986186575842,False,2023.09.5
804,substructure,urea,,,,0.0,0.0,0.0,1.0,0.004523616397329506,1.0,False,2023.09.5
804,substructure,sulfone,,,,0.0,10.0,-10.0,0.23728813559322035,0.004523616397329506,0.4564741150697567,False,2023.09.5
804,substructure,ether,,,,33.33333333333333,36.666666666666664,-3.3333333333333357,1.0,0.004523616397329506,1.0,False,2023.09.5
804,substructure,amine_primary,,,,20.0,6.666666666666667,13.333333333333332,0.2542143363175797,0.004523616397329506,0.4790264433514032,False,2023.09.5
804,substructure,amine_secondary,,,,0.0,43.333333333333336,-43.333333333333336,4.635688621467135e-05,0.004523616397329506,0.00024180093876664542,True,2023.09.5
804,substructure,amine_tertiary,,,,0.0,26.666666666666668,-26.666666666666668,0.004575062390691967,0.004523616397329506,0.015888308776096052,False,2023.09.5
804,substructure,ketone,,,,10.0,6.666666666666667,3.333333333333333,1.0,0.004523616397329506,1.0,False,2023.09.5
804,substructure,alkyne,,,,6.666666666666667,3.3333333333333335,3.3333333333333335,1.0,0.004523616397329506,1.0,False,2023.09.5
806,descriptor,MolWt,510.28533333333354,307.1105333333333,203.17480000000023,,,,3.019859359162157e-11,0.4248767704498658,8.023908189881195e-10,False,2023.09.5
806,descriptor,MolLogP,3.9328526666666694,2.5249126666666677,1.4079400000000017,,,,0.00021264638274527632,0.4248767704498658,0.000977778198941404,False,2023.09.5
806,descriptor,TPSA,109.95666666666665,63.92766666666667,46.02899999999998,,,,1.728730703547971e-07,0.4248767704498658,1.3996001749174677e-06,False,2023.09.5
806,descriptor,QED,0.4223911404601843,0.8067131433017983,-0.38432200284161405,,,,7.389082518022347e-11,0.4248767704498658,1.5560307281303441e-09,False,2023.09.5
806,descriptor,NumRotatableBonds,7.133333333333334,3.066666666666667,4.066666666666666,,,,1.2547252542241927e-07,0.4248767704498658,1.0392170044923805e-06,False,2023.09.5
806,descriptor,NumHDonors,1.4333333333333333,1.2,0.2333333333333334,,,,0.41683812310981794,0.4248767704498658,0.7210414411785893,False,2023.09.5
806,descriptor,NumHAcceptors,7.433333333333334,3.7,3.7333333333333334,,,,2.9598130948492253e-10,0.4248767704498658,4.705983952814491e-09,False,2023.09.5
806,descriptor,NumAromaticRings,2.6,1.3333333333333333,1.2666666666666668,,,,9.74293837520255e-07,0.4248767704498658,6.767068952180156e-06,False,2023.09.5
806,descriptor,NumAliphaticRings,1.0666666666666667,1.4666666666666666,-0.3999999999999999,,,,0.06570388778781958,0.4248767704498658,0.1599764401918682,False,2023.09.5
806,descriptor,HeavyAtomCount,35.63333333333333,21.0,14.633333333333333,,,,1.401190362924716e-11,0.4248767704498658,8.023908189881195e-10,False,2023.09.5
806,descriptor,FractionCSP3,0.47707964150717774,0.4870928956377873,-0.01001325413060955,,,,0.7449384114669106,0.4248767704498658,1.0,False,2023.09.5
806,substructure,halogen_F,,,,43.333333333333336,23.333333333333332,20.000000000000004,0.17022170316928475,0.4248767704498658,0.3580806178784263,False,2023.09.5
806,substructure,halogen_Cl,,,,3.3333333333333335,26.666666666666668,-23.333333333333336,0.025690734963116434,0.4248767704498658,0.07142529474647329,False,2023.09.5
806,substructure,halogen_Br,,,,13.333333333333334,13.333333333333334,0.0,1.0,0.4248767704498658,1.0,False,2023.09.5
806,substructure,halogen_I,,,,0.0,3.3333333333333335,-3.3333333333333335,1.0,0.4248767704498658,1.0,False,2023.09.5
806,substructure,boron,,,,3.3333333333333335,0.0,3.3333333333333335,1.0,0.4248767704498658,1.0,False,2023.09.5
806,substructure,boronic_acid_or_ester,,,,3.3333333333333335,0.0,3.3333333333333335,1.0,0.4248767704498658,1.0,False,2023.09.5
806,substructure,nitro,,,,0.0,0.0,0.0,1.0,0.4248767704498658,1.0,False,2023.09.5
806,substructure,nitrile,,,,3.3333333333333335,20.0,-16.666666666666668,0.10278971697348147,0.4248767704498658,0.23742385618320486,False,2023.09.5
806,substructure,aromatic_N,,,,83.33333333333334,60.0,23.333333333333343,0.08403556788590368,0.4248767704498658,0.19850645182595025,False,2023.09.5
806,substructure,aromatic_O,,,,13.333333333333334,10.0,3.333333333333334,1.0,0.4248767704498658,1.0,False,2023.09.5
806,substructure,aromatic_S,,,,3.3333333333333335,0.0,3.3333333333333335,1.0,0.4248767704498658,1.0,False,2023.09.5
806,substructure,pyridine,,,,13.333333333333334,43.333333333333336,-30.0,0.02037279175315088,0.4248767704498658,0.059745098185721726,False,2023.09.5
806,substructure,benzene,,,,80.0,50.0,30.0,0.029178250088207194,0.4248767704498658,0.08055557329094301,False,2023.09.5
806,substructure,phenol,,,,0.0,10.0,-10.0,0.23728813559322035,0.4248767704498658,0.4564741150697567,False,2023.09.5
806,substructure,alcohol,,,,16.666666666666664,23.333333333333332,-6.666666666666668,0.7480497930241055,0.4248767704498658,1.0,False,2023.09.5
806,substructure,carboxylic_acid,,,,33.33333333333333,20.0,13.333333333333329,0.38165411884707007,0.4248767704498658,0.6694588642071557,False,2023.09.5
806,substructure,ester,,,,73.33333333333333,3.3333333333333335,70.0,1.5191022030671878e-08,0.4248767704498658,1.488644955926484e-07,True,2023.09.5
806,substructure,amide,,,,73.33333333333333,56.666666666666664,16.666666666666664,0.27891240541475437,0.4248767704498658,0.5196302178997706,False,2023.09.5
806,substructure,urea,,,,0.0,0.0,0.0,1.0,0.4248767704498658,1.0,False,2023.09.5
806,substructure,sulfone,,,,13.333333333333334,0.0,13.333333333333334,0.11239964317573597,0.4248767704498658,0.2485978700182898,False,2023.09.5
806,substructure,ether,,,,80.0,30.0,50.0,0.00021334221137024291,0.4248767704498658,0.0009787043045362594,True,2023.09.5
806,substructure,amine_primary,,,,0.0,23.333333333333332,-23.333333333333332,0.010542535074203226,0.4248767704498658,0.03268433544148048,False,2023.09.5
806,substructure,amine_secondary,,,,23.333333333333332,13.333333333333334,9.999999999999998,0.5061775943272466,0.4248767704498658,0.8015828383766278,False,2023.09.5
806,substructure,amine_tertiary,,,,26.666666666666668,20.0,6.666666666666668,0.7610684967280272,0.4248767704498658,1.0,False,2023.09.5
806,substructure,ketone,,,,10.0,3.3333333333333335,6.666666666666666,0.6119536128456737,0.4248767704498658,0.9176986186575842,False,2023.09.5
806,substructure,alkyne,,,,6.666666666666667,10.0,-3.333333333333333,1.0,0.4248767704498658,1.0,False,2023.09.5
807,descriptor,MolWt,303.35876666666667,361.25293333333343,-57.89416666666676,,,,1.596405099603832e-07,0.5846384226617583,1.300446047187566e-06,False,2023.09.5
807,descriptor,MolLogP,2.8569200000000006,3.2757213333333355,-0.4188013333333349,,,,0.19073033347156776,0.5846384226617583,0.3940963090170508,False,2023.09.5
807,descriptor,TPSA,53.25166666666668,74.28733333333334,-21.035666666666657,,,,0.006663568143980073,0.5846384226617583,0.02220628474917265,False,2023.09.5
807,descriptor,QED,0.7248309683997692,0.7204695285421174,0.004361439857651805,,,,0.795845542466455,0.5846384226617583,1.0,False,2023.09.5
807,descriptor,NumRotatableBonds,3.8666666666666667,4.033333333333333,-0.16666666666666652,,,,0.41980412511368326,0.5846384226617583,0.7210414411785893,False,2023.09.5
807,descriptor,NumHDonors,0.6333333333333333,1.2,-0.5666666666666667,,,,0.04942283448732788,0.5846384226617583,0.12847340888728237,False,2023.09.5
807,descriptor,NumHAcceptors,3.8,4.3,-0.5,,,,0.3048352026559442,0.5846384226617583,0.5556365411210328,False,2023.09.5
807,descriptor,NumAromaticRings,1.4666666666666666,1.7333333333333334,-0.26666666666666683,,,,0.18555423029274754,0.5846384226617583,0.3856216261044554,False,2023.09.5
807,descriptor,NumAliphaticRings,0.4,1.5666666666666667,-1.1666666666666665,,,,0.00012900769122261817,0.5846384226617583,0.0006175833730959437,False,2023.09.5
807,descriptor,HeavyAtomCount,20.866666666666667,25.233333333333334,-4.366666666666667,,,,7.855124636932365e-09,0.5846384226617583,8.056590268812236e-08,False,2023.09.5
807,descriptor,FractionCSP3,0.3858360158360158,0.4577552417657074,-0.07191922592969163,,,,0.4030666730340763,0.5846384226617583,0.7035894878932575,False,2023.09.5
807,substructure,halogen_F,,,,100.0,30.0,70.0,3.5837463625367256e-09,0.5846384226617583,4.0770263934720976e-08,True,2023.09.5
807,substructure,halogen_Cl,,,,3.3333333333333335,13.333333333333334,-10.0,0.35325602140945594,0.5846384226617583,0.6254013661859009,False,2023.09.5
807,substructure,halogen_Br,,,,0.0,13.333333333333334,-13.333333333333334,0.11239964317573597,0.5846384226617583,0.2485978700182898,False,2023.09.5
807,substructure,halogen_I,,,,3.3333333333333335,0.0,3.3333333333333335,1.0,0.5846384226617583,1.0,False,2023.09.5
807,substructure,boron,,,,0.0,0.0,0.0,1.0,0.5846384226617583,1.0,False,2023.09.5
807,substructure,boronic_acid_or_ester,,,,0.0,0.0,0.0,1.0,0.5846384226617583,1.0,False,2023.09.5
807,substructure,nitro,,,,0.0,0.0,0.0,1.0,0.5846384226617583,1.0,False,2023.09.5
807,substructure,nitrile,,,,33.33333333333333,33.33333333333333,0.0,1.0,0.5846384226617583,1.0,False,2023.09.5
807,substructure,aromatic_N,,,,93.33333333333333,40.0,53.33333333333333,1.8747554607801208e-05,0.5846384226617583,0.00010483272414164545,True,2023.09.5
807,substructure,aromatic_O,,,,0.0,20.0,-20.0,0.023720703916957266,0.5846384226617583,0.067078762005167,False,2023.09.5
807,substructure,aromatic_S,,,,0.0,6.666666666666667,-6.666666666666667,0.4915254237288137,0.5846384226617583,0.7853847222987215,False,2023.09.5
807,substructure,pyridine,,,,50.0,10.0,40.0,0.0015063632760577872,0.5846384226617583,0.005916361319357916,True,2023.09.5
807,substructure,benzene,,,,30.0,73.33333333333333,-43.33333333333333,0.001694221856200323,0.5846384226617583,0.006595304158010894,True,2023.09.5
807,substructure,phenol,,,,0.0,3.3333333333333335,-3.3333333333333335,1.0,0.5846384226617583,1.0,False,2023.09.5
807,substructure,alcohol,,,,16.666666666666664,10.0,6.666666666666664,0.7064691994252865,0.5846384226617583,1.0,False,2023.09.5
807,substructure,carboxylic_acid,,,,0.0,23.333333333333332,-23.333333333333332,0.010542535074203226,0.5846384226617583,0.03268433544148048,False,2023.09.5
807,substructure,ester,,,,0.0,16.666666666666664,-16.666666666666664,0.052185548617305996,0.5846384226617583,0.13009702690761193,False,2023.09.5
807,substructure,amide,,,,26.666666666666668,63.33333333333333,-36.66666666666666,0.008869577361950338,0.5846384226617583,0.028735398343667257,False,2023.09.5
807,substructure,urea,,,,0.0,0.0,0.0,1.0,0.5846384226617583,1.0,False,2023.09.5
807,substructure,sulfone,,,,0.0,6.666666666666667,-6.666666666666667,0.4915254237288137,0.5846384226617583,0.7853847222987215,False,2023.09.5
807,substructure,ether,,,,33.33333333333333,50.0,-16.66666666666667,0.29491247843871987,0.5846384226617583,0.5468658089643526,False,2023.09.5
807,substructure,amine_primary,,,,3.3333333333333335,10.0,-6.666666666666666,0.6119536128456737,0.5846384226617583,0.9176986186575842,False,2023.09.5
807,substructure,amine_secondary,,,,30.0,20.0,10.0,0.5520034313650507,0.5846384226617583,0.8627641471670887,False,2023.09.5
807,substructure,amine_tertiary,,,,6.666666666666667,20.0,-13.333333333333332,0.2542143363175797,0.5846384226617583,0.4790264433514032,False,2023.09.5
807,substructure,ketone,,,,16.666666666666664,6.666666666666667,9.999999999999996,0.42380990998296975,0.5846384226617583,0.7210414411785893,False,2023.09.5
807,substructure,alkyne,,,,30.0,0.0,30.0,0.0019356033191389092,0.5846384226617583,0.007333065588967408,False,2023.09.5
813,descriptor,MolWt,409.45623333333344,328.5960333333334,80.86020000000002,,,,2.1533346217991297e-06,0.4062207524801897,1.4137730958047685e-05,False,2023.09.5
813,descriptor,MolLogP,3.3550026666666684,2.4363053333333338,0.9186973333333346,,,,0.002754848212054646,0.4062207524801897,0.010173921708511514,False,2023.09.5
813,descriptor,TPSA,52.15266666666667,71.46266666666666,-19.309999999999995,,,,0.00025295747276566277,0.4062207524801897,0.0011427012651154189,False,2023.09.5
813,descriptor,QED,0.6245097275499147,0.7478651255318366,-0.12335539798192185,,,,0.0003987358458077294,0.4062207524801897,0.0017233572200358086,False,2023.09.5
813,descriptor,NumRotatableBonds,3.2666666666666666,3.8333333333333335,-0.5666666666666669,,,,0.17978347840154785,0.4062207524801897,0.37607460207280724,False,2023.09.5
813,descriptor,NumHDonors,1.0333333333333334,1.2,-0.16666666666666652,,,,0.3976674381341675,0.4062207524801897,0.6962475901453061,False,2023.09.5
813,descriptor,NumHAcceptors,3.566666666666667,4.466666666666667,-0.8999999999999999,,,,0.008024543015499255,0.4062207524801897,0.026233828074617303,False,2023.09.5
813,descriptor,NumAromaticRings,1.9333333333333333,1.6,0.33333333333333326,,,,0.17678463711913683,0.4062207524801897,0.37149170825619043,False,2023.09.5
813,descriptor,NumAliphaticRings,1.0666666666666667,1.2333333333333334,-0.16666666666666674,,,,0.5625534899030027,0.4062207524801897,0.8782134331727081,False,2023.09.5
813,descriptor,HeavyAtomCount,20.433333333333334,23.166666666666668,-2.7333333333333343,,,,0.00063086576393726,0.4062207524801897,0.002652048186349948,False,2023.09.5
813,descriptor,FractionCSP3,0.33387962255609316,0.4828104191416885,-0.14893079658559533,,,,0.0041143994065552855,0.4062207524801897,0.014711786706792202,False,2023.09.5
813,substructure,halogen_F,,,,6.666666666666667,30.0,-23.333333333333332,0.04190011890841873,0.4062207524801897,0.11022097724812609,False,2023.09.5
813,substructure,halogen_Cl,,,,10.0,20.0,-10.0,0.4716445589655157,0.4062207524801897,0.7853847222987215,False,2023.09.5
813,substructure,halogen_Br,,,,16.666666666666664,3.3333333333333335,13.33333333333333,0.19450977211904957,0.4062207524801897,0.3940963090170508,False,2023.09.5
813,substructure,halogen_I,,,,100.0,0.0,100.0,1.6911233892144735e-17,0.4062207524801897,2.2317191659667003e-14,True,2023.09.5
813,substructure,boron,,,,0.0,0.0,0.0,1.0,0.4062207524801897,1.0,False,2023.09.5
813,substructure,boronic_acid_or_ester,,,,0.0,0.0,0.0,1.0,0.4062207524801897,1.0,False,2023.09.5
813,substructure,nitro,,,,0.0,0.0,0.0,1.0,0.4062207524801897,1.0,False,2023.09.5
813,substructure,nitrile,,,,6.666666666666667,36.666666666666664,-29.999999999999996,0.010248938246969973,0.4062207524801897,0.03268433544148048,False,2023.09.5
813,substructure,aromatic_N,,,,60.0,66.66666666666666,-6.666666666666657,0.789170351739782,0.4062207524801897,1.0,False,2023.09.5
813,substructure,aromatic_O,,,,10.0,13.333333333333334,-3.333333333333334,1.0,0.4062207524801897,1.0,False,2023.09.5
813,substructure,aromatic_S,,,,10.0,3.3333333333333335,6.666666666666666,0.6119536128456737,0.4062207524801897,0.9176986186575842,False,2023.09.5
813,substructure,pyridine,,,,33.33333333333333,30.0,3.3333333333333286,1.0,0.4062207524801897,1.0,False,2023.09.5
813,substructure,benzene,,,,76.66666666666667,53.333333333333336,23.333333333333336,0.10333511717207271,0.4062207524801897,0.23812789806998594,False,2023.09.5
813,substructure,phenol,,,,6.666666666666667,3.3333333333333335,3.3333333333333335,1.0,0.4062207524801897,1.0,False,2023.09.5
813,substructure,alcohol,,,,30.0,13.333333333333334,16.666666666666664,0.20923627896279956,0.4062207524801897,0.4200641117716651,False,2023.09.5
813,substructure,carboxylic_acid,,,,16.666666666666664,16.666666666666664,0.0,1.0,0.4062207524801897,1.0,False,2023.09.5
813,substructure,ester,,,,6.666666666666667,23.333333333333332,-16.666666666666664,0.1454992249936118,0.4062207524801897,0.30902973806314865,False,2023.09.5
813,substructure,amide,,,,6.666666666666667,46.666666666666664,-40.0,0.0009098128565499236,0.4062207524801897,0.003717181732797882,True,2023.09.5
813,substructure,urea,,,,0.0,3.3333333333333335,-3.3333333333333335,1.0,0.4062207524801897,1.0,False,2023.09.5
813,substructure,sulfone,,,,6.666666666666667,10.0,-3.333333333333333,1.0,0.4062207524801897,1.0,False,2023.09.5
813,substructure,ether,,,,40.0,36.666666666666664,3.3333333333333357,1.0,0.4062207524801897,1.0,False,2023.09.5
813,substructure,amine_primary,,,,13.333333333333334,6.666666666666667,6.666666666666667,0.6707485199902685,0.4062207524801897,0.984610081809964,False,2023.09.5
813,substructure,amine_secondary,,,,23.333333333333332,40.0,-16.666666666666668,0.2668356607208132,0.4062207524801897,0.49948103110813213,False,2023.09.5
813,substructure,amine_tertiary,,,,23.333333333333332,16.666666666666664,6.666666666666668,0.7480497930241055,0.4062207524801897,1.0,False,2023.09.5
813,substructure,ketone,,,,6.666666666666667,0.0,6.666666666666667,0.4915254237288137,0.4062207524801897,0.7853847222987215,False,2023.09.5
813,substructure,alkyne,,,,3.3333333333333335,3.3333333333333335,0.0,1.0,0.4062207524801897,1.0,False,2023.09.5
824,descriptor,MolWt,123.17606666666663,368.7882333333335,-245.61216666666687,,,,3.019859359162157e-11,0.5278592375366569,8.023908189881195e-10,False,2023.09.5
824,descriptor,MolLogP,0.8817446666666665,3.557576000000002,-2.6758313333333352,,,,1.173735436185757e-09,0.5278592375366569,1.5437935521127616e-08,False,2023.09.5
824,descriptor,TPSA,33.43566666666667,69.92233333333334,-36.48666666666667,,,,1.3545582490922286e-07,0.5278592375366569,1.1195607741453304e-06,False,2023.09.5
824,descriptor,QED,0.5180696693217698,0.739543382865729,-0.22147371354395917,,,,3.520057626068007e-07,0.5278592375366569,2.6544586936387125e-06,False,2023.09.5
824,descriptor,NumRotatableBonds,0.4,4.466666666666667,-4.066666666666666,,,,2.770966559244236e-11,0.5278592375366569,8.023908189881195e-10,False,2023.09.5
824,descriptor,NumHDonors,0.5666666666666667,1.1333333333333333,-0.5666666666666667,,,,0.007880838590038764,0.5278592375366569,0.025892315334409517,False,2023.09.5
824,descriptor,NumHAcceptors,2.033333333333333,4.3,-2.2666666666666666,,,,1.0561516612547046e-07,0.5278592375366569,8.821317356344675e-07,False,2023.09.5
824,descriptor,NumAromaticRings,1.0,1.8666666666666667,-0.8666666666666667,,,,7.407264714291886e-05,0.5278592375366569,0.0003661093758287338,False,2023.09.5
824,descriptor,NumAliphaticRings,0.4,1.3,-0.9,,,,0.0004202870826634672,0.5278592375366569,0.0018125452726194626,False,2023.09.5
824,descriptor,HeavyAtomCount,8.333333333333334,25.633333333333333,-17.299999999999997,,,,2.3646653346489606e-11,0.5278592375366569,8.023908189881195e-10,False,2023.09.5
824,descriptor,FractionCSP3,0.3288888888888889,0.4395076996658636,-0.11061881077697472,,,,0.04311699031421673,0.5278592375366569,0.11312138148044006,False,2023.09.5
824,substructure,halogen_F,,,,3.3333333333333335,33.33333333333333,-29.999999999999996,0.005579091919870972,0.5278592375366569,0.018910637766069504,False,2023.09.5
824,substructure,halogen_Cl,,,,3.3333333333333335,20.0,-16.666666666666668,0.10278971697348147,0.5278592375366569,0.23742385618320486,False,2023.09.5
824,substructure,halogen_Br,,,,10.0,16.666666666666664,-6.666666666666664,0.7064691994252865,0.5278592375366569,1.0,False,2023.09.5
824,substructure,halogen_I,,,,0.0,0.0,0.0,1.0,0.5278592375366569,1.0,False,2023.09.5
824,substructure,boron,,,,0.0,0.0,0.0,1.0,0.5278592375366569,1.0,False,2023.09.5
824,substructure,boronic_acid_or_ester,,,,0.0,0.0,0.0,1.0,0.5278592375366569,1.0,False,2023.09.5
824,substructure,nitro,,,,0.0,0.0,0.0,1.0,0.5278592375366569,1.0,False,2023.09.5
824,substructure,nitrile,,,,3.3333333333333335,33.33333333333333,-29.999999999999996,0.005579091919870972,0.5278592375366569,0.018910637766069504,False,2023.09.5
824,substructure,aromatic_N,,,,73.33333333333333,56.666666666666664,16.666666666666664,0.27891240541475437,0.5278592375366569,0.5196302178997706,False,2023.09.5
824,substructure,aromatic_O,,,,3.3333333333333335,10.0,-6.666666666666666,0.6119536128456737,0.5278592375366569,0.9176986186575842,False,2023.09.5
824,substructure,aromatic_S,,,,13.333333333333334,3.3333333333333335,10.0,0.35325602140945594,0.5278592375366569,0.6254013661859009,False,2023.09.5
824,substructure,pyridine,,,,16.666666666666664,26.666666666666668,-10.000000000000004,0.5320924727590531,0.5278592375366569,0.8356025782043203,False,2023.09.5
824,substructure,benzene,,,,6.666666666666667,83.33333333333334,-76.66666666666667,1.4275657324116609e-09,0.5278592375366569,1.8409552881491095e-08,True,2023.09.5
824,substructure,phenol,,,,0.0,13.333333333333334,-13.333333333333334,0.11239964317573597,0.5278592375366569,0.2485978700182898,False,2023.09.5
824,substructure,alcohol,,,,0.0,6.666666666666667,-6.666666666666667,0.4915254237288137,0.5278592375366569,0.7853847222987215,False,2023.09.5
824,substructure,carboxylic_acid,,,,0.0,23.333333333333332,-23.333333333333332,0.010542535074203226,0.5278592375366569,0.03268433544148048,False,2023.09.5
824,substructure,ester,,,,3.3333333333333335,20.0,-16.666666666666668,0.10278971697348147,0.5278592375366569,0.23742385618320486,False,2023.09.5
824,substructure,amide,,,,0.0,53.333333333333336,-53.333333333333336,1.9440445652776148e-06,0.5278592375366569,1.280611053899181e-05,True,2023.09.5
824,substructure,urea,,,,0.0,0.0,0.0,1.0,0.5278592375366569,1.0,False,2023.09.5
824,substructure,sulfone,,,,0.0,3.3333333333333335,-3.3333333333333335,1.0,0.5278592375366569,1.0,False,2023.09.5
824,substructure,ether,,,,6.666666666666667,46.666666666666664,-40.0,0.0009098128565499236,0.5278592375366569,0.003717181732797882,True,2023.09.5
824,substructure,amine_primary,,,,6.666666666666667,6.666666666666667,0.0,1.0,0.5278592375366569,1.0,False,2023.09.5
824,substructure,amine_secondary,,,,10.0,30.0,-20.0,0.10416473660307204,0.5278592375366569,0.23892711020368612,False,2023.09.5
824,substructure,amine_tertiary,,,,3.3333333333333335,16.666666666666664,-13.33333333333333,0.19450977211904957,0.5278592375366569,0.3940963090170508,False,2023.09.5
824,substructure,ketone,,,,3.3333333333333335,10.0,-6.666666666666666,0.6119536128456737,0.5278592375366569,0.9176986186575842,False,2023.09.5
824,substructure,alkyne,,,,0.0,3.3333333333333335,-3.3333333333333335,1.0,0.5278592375366569,1.0,False,2023.09.5
831,descriptor,MolWt,366.20046666666684,355.8882000000001,10.312266666666744,,,,0.8072749507289148,0.6397641480002496,1.0,False,2023.09.5
831,descriptor,MolLogP,2.8547693333333344,3.046537333333335,-0.1917680000000006,,,,0.42037987370950325,0.6397641480002496,0.7210414411785893,False,2023.09.5
831,descriptor,TPSA,113.581,70.87366666666665,42.70733333333335,,,,1.5664099508120403e-07,0.6397641480002496,1.2839372661003867e-06,False,2023.09.5
831,descriptor,QED,0.5507175815970018,0.6900883630162746,-0.13937078141927284,,,,0.0002388484570697063,0.6397641480002496,0.001089402121588672,False,2023.09.5
831,descriptor,NumRotatableBonds,4.266666666666667,3.966666666666667,0.2999999999999998,,,,0.2305083366664049,0.6397641480002496,0.4564741150697567,False,2023.09.5
831,descriptor,NumHDonors,0.9666666666666667,1.2333333333333334,-0.2666666666666667,,,,0.2476785523354076,0.6397641480002496,0.475307507850644,False,2023.09.5
831,descriptor,NumHAcceptors,5.933333333333334,4.5,1.4333333333333336,,,,0.0007339242945687059,0.6397641480002496,0.0030553168056756115,False,2023.09.5
831,descriptor,NumAromaticRings,1.4333333333333333,1.9333333333333333,-0.5,,,,0.04158799524930031,0.6397641480002496,0.11022097724812609,False,2023.09.5
831,descriptor,NumAliphaticRings,0.8666666666666667,1.3333333333333333,-0.46666666666666656,,,,0.04741240901548995,0.6397641480002496,0.12332833593451033,False,2023.09.5
831,descriptor,HeavyAtomCount,22.566666666666666,24.8,-2.2333333333333343,,,,0.014060704821813066,0.6397641480002496,0.04236402617165748,False,2023.09.5
831,descriptor,FractionCSP3,0.3355215617715617,0.4579912539836487,-0.12246969221208698,,,,0.06026865112214172,0.6397641480002496,0.14801711525592995,False,2023.09.5
831,substructure,halogen_F,,,,23.333333333333332,40.0,-16.666666666666668,0.2668356607208132,0.6397641480002496,0.49948103110813213,False,2023.09.5
831,substructure,halogen_Cl,,,,0.0,13.333333333333334,-13.333333333333334,0.11239964317573597,0.6397641480002496,0.2485978700182898,False,2023.09.5
831,substructure,halogen_Br,,,,73.33333333333333,10.0,63.33333333333333,9.50253150833373e-07,0.6397641480002496,6.611691079348549e-06,True,2023.09.5
831,substructure,halogen_I,,,,0.0,0.0,0.0,1.0,0.6397641480002496,1.0,False,2023.09.5
831,substructure,boron,,,,0.0,0.0,0.0,1.0,0.6397641480002496,1.0,False,2023.09.5
831,substructure,boronic_acid_or_ester,,,,0.0,0.0,0.0,1.0,0.6397641480002496,1.0,False,2023.09.5
831,substructure,nitro,,,,0.0,0.0,0.0,1.0,0.6397641480002496,1.0,False,2023.09.5
831,substructure,nitrile,,,,10.0,23.333333333333332,-13.333333333333332,0.2989793821568606,0.6397641480002496,0.5473140939249246,False,2023.09.5
831,substructure,aromatic_N,,,,23.333333333333332,60.0,-36.66666666666667,0.00821403380534053,0.6397641480002496,0.026764905214274205,False,2023.09.5
831,substructure,aromatic_O,,,,3.3333333333333335,13.333333333333334,-10.0,0.35325602140945594,0.6397641480002496,0.6254013661859009,False,2023.09.5
831,substructure,aromatic_S,,,,3.3333333333333335,10.0,-6.666666666666666,0.6119536128456737,0.6397641480002496,0.9176986186575842,False,2023.09.5
831,substructure,pyridine,,,,16.666666666666664,16.666666666666664,0.0,1.0,0.6397641480002496,1.0,False,2023.09.5
831,substructure,benzene,,,,93.33333333333333,80.0,13.333333333333329,0.2542143363175797,0.6397641480002496,0.4790264433514032,False,2023.09.5
831,substructure,phenol,,,,6.666666666666667,0.0,6.666666666666667,0.4915254237288137,0.6397641480002496,0.7853847222987215,False,2023.09.5
831,substructure,alcohol,,,,26.666666666666668,23.333333333333332,3.3333333333333357,1.0,0.6397641480002496,1.0,False,2023.09.5
831,substructure,carboxylic_acid,,,,26.666666666666668,10.0,16.666666666666668,0.18058040377378287,0.6397641480002496,0.37607460207280724,False,2023.09.5
831,substructure,ester,,,,0.0,16.666666666666664,-16.666666666666664,0.052185548617305996,0.6397641480002496,0.13009702690761193,False,2023.09.5
831,substructure,amide,,,,0.0,53.333333333333336,-53.333333333333336,1.9440445652776148e-06,0.6397641480002496,1.280611053899181e-05,True,2023.09.5
831,substructure,urea,,,,0.0,0.0,0.0,1.0,0.6397641480002496,1.0,False,2023.09.5
831,substructure,sulfone,,,,3.3333333333333335,10.0,-6.666666666666666,0.6119536128456737,0.6397641480002496,0.9176986186575842,False,2023.09.5
831,substructure,ether,,,,6.666666666666667,50.0,-43.333333333333336,0.0003716659746162567,0.6397641480002496,0.0016169512016546816,True,2023.09.5
831,substructure,amine_primary,,,,6.666666666666667,10.0,-3.333333333333333,1.0,0.6397641480002496,1.0,False,2023.09.5
831,substructure,amine_secondary,,,,26.666666666666668,33.33333333333333,-6.666666666666661,0.7787156770945833,0.6397641480002496,1.0,False,2023.09.5
831,substructure,amine_tertiary,,,,66.66666666666666,6.666666666666667,59.99999999999999,1.9082071016522476e-06,0.6397641480002496,1.2675489791008807e-05,True,2023.09.5
831,substructure,ketone,,,,6.666666666666667,0.0,6.666666666666667,0.4915254237288137,0.6397641480002496,0.7853847222987215,False,2023.09.5
831,substructure,alkyne,,,,3.3333333333333335,0.0,3.3333333333333335,1.0,0.6397641480002496,1.0,False,2023.09.5
835,descriptor,MolWt,120.87349999999998,357.09876666666685,-236.22526666666687,,,,3.019859359162157e-11,0.48745866350533473,8.023908189881195e-10,False,2023.09.5
835,descriptor,MolLogP,0.39203666666666676,3.0187880000000016,-2.6267513333333348,,,,1.5573625716607033e-08,0.48745866350533473,1.5193151237835346e-07,False,2023.09.5
835,descriptor,TPSA,41.289,69.26200000000001,-27.973000000000013,,,,4.348816646477685e-05,0.48745866350533473,0.00023048146055428592,False,2023.09.5
835,descriptor,QED,0.4529857145234756,0.801621609295735,-0.3486358947722594,,,,3.6897258539809896e-11,0.48745866350533473,8.853105852067113e-10,False,2023.09.5
835,descriptor,NumRotatableBonds,1.3,4.2,-2.9000000000000004,,,,3.777503743787832e-09,0.48745866350533473,4.2838177197510345e-08,False,2023.09.5
835,descriptor,NumHDonors,0.5,1.2666666666666666,-0.7666666666666666,,,,0.0001873999185562591,0.48745866350533473,0.0008697728928068344,False,2023.09.5
835,descriptor,NumHAcceptors,2.2666666666666666,4.233333333333333,-1.9666666666666668,,,,3.688402362719213e-06,0.48745866350533473,2.3401257939111163e-05,False,2023.09.5
835,descriptor,NumAromaticRings,0.16666666666666666,1.8,-1.6333333333333333,,,,5.683406170904789e-10,0.48745866350533473,8.241979864693062e-09,False,2023.09.5
835,descriptor,NumAliphaticRings,0.16666666666666666,1.4666666666666666,-1.2999999999999998,,,,1.2703561837023077e-08,0.48745866350533473,1.2700353866862211e-07,False,2023.09.5
835,descriptor,HeavyAtomCount,7.1,24.9,-17.799999999999997,,,,2.1723097241855654e-11,0.48745866350533473,8.023908189881195e-10,False,2023.09.5
835,descriptor,FractionCSP3,0.7494444444444444,0.4634622615659768,0.28598218287846755,,,,0.0003292055632056728,0.48745866350533473,0.0014465314369936277,False,2023.09.5
835,substructure,halogen_F,,,,16.666666666666664,46.666666666666664,-30.0,0.025058424139103544,0.48745866350533473,0.07050909819951028,False,2023.09.5
835,substructure,halogen_Cl,,,,10.0,3.3333333333333335,6.666666666666666,0.6119536128456737,0.48745866350533473,0.9176986186575842,False,2023.09.5
835,substructure,halogen_Br,,,,0.0,20.0,-20.0,0.023720703916957266,0.48745866350533473,0.067078762005167,False,2023.09.5
835,substructure,halogen_I,,,,0.0,0.0,0.0,1.0,0.48745866350533473,1.0,False,2023.09.5
835,substructure,boron,,,,3.3333333333333335,0.0,3.3333333333333335,1.0,0.48745866350533473,1.0,False,2023.09.5
835,substructure,boronic_acid_or_ester,,,,0.0,0.0,0.0,1.0,0.48745866350533473,1.0,False,2023.09.5
835,substructure,nitro,,,,0.0,0.0,0.0,1.0,0.48745866350533473,1.0,False,2023.09.5
835,substructure,nitrile,,,,0.0,20.0,-20.0,0.023720703916957266,0.48745866350533473,0.067078762005167,False,2023.09.5
835,substructure,aromatic_N,,,,16.666666666666664,63.33333333333333,-46.666666666666664,0.00048089998884604467,0.48745866350533473,0.0020538112792249093,True,2023.09.5
835,substructure,aromatic_O,,,,6.666666666666667,16.666666666666664,-9.999999999999996,0.42380990998296975,0.48745866350533473,0.7210414411785893,False,2023.09.5
835,substructure,aromatic_S,,,,6.666666666666667,0.0,6.666666666666667,0.4915254237288137,0.48745866350533473,0.7853847222987215,False,2023.09.5
835,substructure,pyridine,,,,0.0,36.666666666666664,-36.666666666666664,0.0003188052525640556,0.48745866350533473,0.00140238888322344,True,2023.09.5
835,substructure,benzene,,,,0.0,73.33333333333333,-73.33333333333333,8.27018391354629e-10,0.48745866350533473,1.1290226935768883e-08,True,2023.09.5
835,substructure,phenol,,,,0.0,10.0,-10.0,0.23728813559322035,0.48745866350533473,0.4564741150697567,False,2023.09.5
835,substructure,alcohol,,,,0.0,16.666666666666664,-16.666666666666664,0.052185548617305996,0.48745866350533473,0.13009702690761193,False,2023.09.5
835,substructure,carboxylic_acid,,,,0.0,20.0,-20.0,0.023720703916957266,0.48745866350533473,0.067078762005167,False,2023.09.5
835,substructure,ester,,,,3.3333333333333335,6.666666666666667,-3.3333333333333335,1.0,0.48745866350533473,1.0,False,2023.09.5
835,substructure,amide,,,,6.666666666666667,56.666666666666664,-50.0,5.3545481176399076e-05,0.48745866350533473,0.0002767448563673158,True,2023.09.5
835,substructure,urea,,,,3.3333333333333335,0.0,3.3333333333333335,1.0,0.48745866350533473,1.0,False,2023.09.5
835,substructure,sulfone,,,,30.0,6.666666666666667,23.333333333333332,0.04190011890841873,0.48745866350533473,0.11022097724812609,False,2023.09.5
835,substructure,ether,,,,20.0,30.0,-10.0,0.5520034313650507,0.48745866350533473,0.8627641471670887,False,2023.09.5
835,substructure,amine_primary,,,,23.333333333333332,13.333333333333334,9.999999999999998,0.5061775943272466,0.48745866350533473,0.8015828383766278,False,2023.09.5
835,substructure,amine_secondary,,,,3.3333333333333335,40.0,-36.666666666666664,0.001050756087532551,0.48745866350533473,0.004219009483307677,True,2023.09.5
835,substructure,amine_tertiary,,,,13.333333333333334,13.333333333333334,0.0,1.0,0.48745866350533473,1.0,False,2023.09.5
835,substructure,ketone,,,,0.0,3.3333333333333335,-3.3333333333333335,1.0,0.48745866350533473,1.0,False,2023.09.5
835,substructure,alkyne,,,,0.0,6.666666666666667,-6.666666666666667,0.4915254237288137,0.48745866350533473,0.7853847222987215,False,2023.09.5
841,descriptor,MolWt,474.71700000000027,288.18600000000004,186.53100000000023,,,,7.389082518022347e-11,0.47039371061334,1.5560307281303441e-09,False,2023.09.5
841,descriptor,MolLogP,4.463963333333337,2.080607333333334,2.3833560000000027,,,,3.1967402228021653e-09,0.47039371061334,3.777878967783216e-08,False,2023.09.5
841,descriptor,TPSA,75.70166666666667,64.33933333333333,11.36233333333334,,,,0.11198188968801887,0.47039371061334,0.2485978700182898,False,2023.09.5
841,descriptor,QED,0.4937924987192045,0.8286700491309215,-0.33487755041171696,,,,6.69551896550012e-11,0.47039371061334,1.4564593178249987e-09,False,2023.09.5
841,descriptor,NumRotatableBonds,6.433333333333334,3.3,3.1333333333333337,,,,2.7694063615966644e-08,0.47039371061334,2.61049518703838e-07,False,2023.09.5
841,descriptor,NumHDonors,1.0666666666666667,1.3,-0.2333333333333334,,,,0.18873762158476615,0.47039371061334,0.39121059887648646,False,2023.09.5
841,descriptor,NumHAcceptors,5.333333333333333,3.9,1.4333333333333331,,,,0.00031211631116320705,0.47039371061334,0.0013900611247277584,False,2023.09.5
841,descriptor,NumAromaticRings,2.2666666666666666,1.3333333333333333,0.9333333333333333,,,,0.0005321008006202083,0.47039371061334,0.002262714360532121,False,2023.09.5
841,descriptor,NumAliphaticRings,1.9,1.5,0.3999999999999999,,,,0.08837731081565478,0.47039371061334,0.2078941019127613,False,2023.09.5
841,descriptor,HeavyAtomCount,33.46666666666667,19.8,13.666666666666668,,,,2.1114397783038155e-11,0.47039371061334,8.023908189881195e-10,False,2023.09.5
841,descriptor,FractionCSP3,0.46511230317427216,0.4962492428165802,-0.03113693964230807,,,,0.7957983758979136,0.47039371061334,1.0,False,2023.09.5
841,substructure,halogen_F,,,,23.333333333333332,26.666666666666668,-3.3333333333333357,1.0,0.47039371061334,1.0,False,2023.09.5
841,substructure,halogen_Cl,,,,10.0,6.666666666666667,3.333333333333333,1.0,0.47039371061334,1.0,False,2023.09.5
841,substructure,halogen_Br,,,,6.666666666666667,13.333333333333334,-6.666666666666667,0.6707485199902685,0.47039371061334,0.984610081809964,False,2023.09.5
841,substructure,halogen_I,,,,0.0,3.3333333333333335,-3.3333333333333335,1.0,0.47039371061334,1.0,False,2023.09.5
841,substructure,boron,,,,3.3333333333333335,0.0,3.3333333333333335,1.0,0.47039371061334,1.0,False,2023.09.5
841,substructure,boronic_acid_or_ester,,,,3.3333333333333335,0.0,3.3333333333333335,1.0,0.47039371061334,1.0,False,2023.09.5
841,substructure,nitro,,,,0.0,0.0,0.0,1.0,0.47039371061334,1.0,False,2023.09.5
841,substructure,nitrile,,,,0.0,23.333333333333332,-23.333333333333332,0.010542535074203226,0.47039371061334,0.03268433544148048,False,2023.09.5
841,substructure,aromatic_N,,,,36.666666666666664,73.33333333333333,-36.666666666666664,0.008869577361950336,0.47039371061334,0.028735398343667257,False,2023.09.5
841,substructure,aromatic_O,,,,10.0,13.333333333333334,-3.333333333333334,1.0,0.47039371061334,1.0,False,2023.09.5
841,substructure,aromatic_S,,,,16.666666666666664,6.666666666666667,9.999999999999996,0.42380990998296975,0.47039371061334,0.7210414411785893,False,2023.09.5
841,substructure,pyridine,,,,3.3333333333333335,33.33333333333333,-29.999999999999996,0.005579091919870972,0.47039371061334,0.018910637766069504,False,2023.09.5
841,substructure,benzene,,,,93.33333333333333,40.0,53.33333333333333,1.8747554607801208e-05,0.47039371061334,0.00010483272414164545,True,2023.09.5
841,substructure,phenol,,,,0.0,3.3333333333333335,-3.3333333333333335,1.0,0.47039371061334,1.0,False,2023.09.5
841,substructure,alcohol,,,,3.3333333333333335,23.333333333333332,-20.0,0.05231484385878206,0.47039371061334,0.13009702690761193,False,2023.09.5
841,substructure,carboxylic_acid,,,,16.666666666666664,13.333333333333334,3.3333333333333304,1.0,0.47039371061334,1.0,False,2023.09.5
841,substructure,ester,,,,43.333333333333336,6.666666666666667,36.66666666666667,0.002128557265634993,0.47039371061334,0.00798763811815065,True,2023.09.5
841,substructure,amide,,,,60.0,43.333333333333336,16.666666666666664,0.3014671232267514,0.47039371061334,0.5502574185591097,False,2023.09.5
841,substructure,urea,,,,0.0,0.0,0.0,1.0,0.47039371061334,1.0,False,2023.09.5
841,substructure,sulfone,,,,13.333333333333334,0.0,13.333333333333334,0.11239964317573597,0.47039371061334,0.2485978700182898,False,2023.09.5
841,substructure,ether,,,,63.33333333333333,26.666666666666668,36.66666666666666,0.008869577361950338,0.47039371061334,0.028735398343667257,False,2023.09.5
841,substructure,amine_primary,,,,0.0,20.0,-20.0,0.023720703916957266,0.47039371061334,0.067078762005167,False,2023.09.5
841,substructure,amine_secondary,,,,40.0,23.333333333333332,16.666666666666668,0.2668356607208132,0.47039371061334,0.49948103110813213,False,2023.09.5
841,substructure,amine_tertiary,,,,56.666666666666664,23.333333333333332,33.33333333333333,0.016855106410006433,0.47039371061334,0.05005953959280981,False,2023.09.5
841,substructure,ketone,,,,23.333333333333332,10.0,13.333333333333332,0.2989793821568606,0.47039371061334,0.5473140939249246,False,2023.09.5
841,substructure,alkyne,,,,6.666666666666667,3.3333333333333335,3.3333333333333335,1.0,0.47039371061334,1.0,False,2023.09.5
845,descriptor,MolWt,207.04486666666662,386.21470000000016,-179.16983333333354,,,,3.336305741544077e-11,0.49070318836962623,8.209118844768709e-10,False,2023.09.5
845,descriptor,MolLogP,1.3543223333333334,3.082661333333335,-1.7283390000000016,,,,2.7725719451275823e-05,0.49070318836962623,0.00015119300731074515,False,2023.09.5
845,descriptor,TPSA,51.83066666666668,80.42933333333332,-28.598666666666638,,,,0.0001489040086619668,0.49070318836962623,0.0007026352446873976,False,2023.09.5
845,descriptor,QED,0.6419844510441177,0.7201071050212497,-0.07812265397713203,,,,0.005569938587360544,0.49070318836962623,0.018910637766069504,False,2023.09.5
845,descriptor,NumRotatableBonds,1.7333333333333334,4.633333333333334,-2.9000000000000004,,,,3.9074162229538253e-10,0.49070318836962623,5.949792625643921e-09,False,2023.09.5
845,descriptor,NumHDonors,0.5333333333333333,1.2,-0.6666666666666666,,,,0.0029809885049831616,0.49070318836962623,0.010917422286057665,False,2023.09.5
845,descriptor,NumHAcceptors,3.3666666666666667,5.033333333333333,-1.6666666666666665,,,,0.00024780415590763165,0.49070318836962623,0.0011289489680532954,False,2023.09.5
845,descriptor,NumAromaticRings,1.0333333333333334,2.066666666666667,-1.0333333333333334,,,,1.8712886197604436e-06,0.49070318836962623,1.2514242644647966e-05,False,2023.09.5
845,descriptor,NumAliphaticRings,0.3,1.2333333333333334,-0.9333333333333333,,,,0.00016367792820977476,0.49070318836962623,0.0007668649914585778,False,2023.09.5
845,descriptor,HeavyAtomCount,11.666666666666666,26.366666666666667,-14.700000000000001,,,,1.4939927452423507e-11,0.49070318836962623,8.023908189881195e-10,False,2023.09.5
845,descriptor,FractionCSP3,0.32455026455026453,0.4236142083737992,-0.09906394382353467,,,,0.04564642813719178,0.49070318836962623,0.11928330626742063,False,2023.09.5
845,substructure,halogen_F,,,,10.0,30.0,-20.0,0.10416473660307204,0.49070318836962623,0.23892711020368612,False,2023.09.5
845,substructure,halogen_Cl,,,,80.0,13.333333333333334,66.66666666666667,3.251644909673094e-07,0.49070318836962623,2.461426806385426e-06,True,2023.09.5
845,substructure,halogen_Br,,,,13.333333333333334,20.0,-6.666666666666666,0.7306423241784982,0.49070318836962623,1.0,False,2023.09.5
845,substructure,halogen_I,,,,0.0,3.3333333333333335,-3.3333333333333335,1.0,0.49070318836962623,1.0,False,2023.09.5
845,substructure,boron,,,,0.0,0.0,0.0,1.0,0.49070318836962623,1.0,False,2023.09.5
845,substructure,boronic_acid_or_ester,,,,0.0,0.0,0.0,1.0,0.49070318836962623,1.0,False,2023.09.5
845,substructure,nitro,,,,0.0,0.0,0.0,1.0,0.49070318836962623,1.0,False,2023.09.5
845,substructure,nitrile,,,,0.0,30.0,-30.0,0.0019356033191389092,0.49070318836962623,0.007333065588967408,False,2023.09.5
845,substructure,aromatic_N,,,,70.0,73.33333333333333,-3.3333333333333286,1.0,0.49070318836962623,1.0,False,2023.09.5
845,substructure,aromatic_O,,,,3.3333333333333335,10.0,-6.666666666666666,0.6119536128456737,0.49070318836962623,0.9176986186575842,False,2023.09.5
845,substructure,aromatic_S,,,,20.0,20.0,0.0,1.0,0.49070318836962623,1.0,False,2023.09.5
845,substructure,pyridine,,,,10.0,40.0,-30.0,0.01533162169738991,0.49070318836962623,0.04570624269575802,False,2023.09.5
845,substructure,benzene,,,,16.666666666666664,53.333333333333336,-36.66666666666667,0.006107224773226807,0.49070318836962623,0.020421032835477134,False,2023.09.5
845,substructure,phenol,,,,0.0,0.0,0.0,1.0,0.49070318836962623,1.0,False,2023.09.5
845,substructure,alcohol,,,,0.0,13.333333333333334,-13.333333333333334,0.11239964317573597,0.49070318836962623,0.2485978700182898,False,2023.09.5
845,substructure,carboxylic_acid,,,,16.666666666666664,23.333333333333332,-6.666666666666668,0.7480497930241055,0.49070318836962623,1.0,False,2023.09.5
845,substructure,ester,,,,0.0,26.666666666666668,-26.666666666666668,0.004575062390691967,0.49070318836962623,0.015888308776096052,False,2023.09.5
845,substructure,amide,,,,3.3333333333333335,66.66666666666666,-63.33333333333332,2.293597672023505e-07,0.49070318836962623,1.7909966831441926e-06,True,2023.09.5
845,substructure,urea,,,,0.0,0.0,0.0,1.0,0.49070318836962623,1.0,False,2023.09.5
845,substructure,sulfone,,,,26.666666666666668,3.3333333333333335,23.333333333333336,0.025690734963116434,0.49070318836962623,0.07142529474647329,False,2023.09.5
845,substructure,ether,,,,23.333333333333332,43.333333333333336,-20.000000000000004,0.17022170316928475,0.49070318836962623,0.3580806178784263,False,2023.09.5
845,substructure,amine_primary,,,,3.3333333333333335,16.666666666666664,-13.33333333333333,0.19450977211904957,0.49070318836962623,0.3940963090170508,False,2023.09.5
845,substructure,amine_secondary,,,,3.3333333333333335,13.333333333333334,-10.0,0.35325602140945594,0.49070318836962623,0.6254013661859009,False,2023.09.5
845,substructure,amine_tertiary,,,,3.3333333333333335,20.0,-16.666666666666668,0.10278971697348147,0.49070318836962623,0.23742385618320486,False,2023.09.5
845,substructure,ketone,,,,0.0,10.0,-10.0,0.23728813559322035,0.49070318836962623,0.4564741150697567,False,2023.09.5
845,substructure,alkyne,,,,0.0,0.0,0.0,1.0,0.49070318836962623,1.0,False,2023.09.5
854,descriptor,MolWt,363.7568333333333,324.74140000000006,39.01543333333325,,,,0.08499969748696408,0.9358582392213141,0.20030583473267308,False,2023.09.5
854,descriptor,MolLogP,4.180882666666668,2.1190273333333347,2.0618553333333334,,,,1.7479133317173934e-05,0.9358582392213141,9.84146157025142e-05,False,2023.09.5
854,descriptor,TPSA,48.96433333333333,79.84433333333332,-30.879999999999995,,,,3.5887537974687195e-05,0.9358582392213141,0.00019266301404894965,False,2023.09.5
854,descriptor,QED,0.6261259942952336,0.6736730938890034,-0.04754709959376979,,,,0.21156123692597317,0.9358582392213141,0.42451644044091624,False,2023.09.5
854,descriptor,NumRotatableBonds,3.1666666666666665,4.2,-1.0333333333333337,,,,0.014198515655427742,0.9358582392213141,0.04271422756826629,False,2023.09.5
854,descriptor,NumHDonors,0.6666666666666666,1.0666666666666667,-0.4,,,,0.08275893800597482,0.9358582392213141,0.19661143697088004,False,2023.09.5
854,descriptor,NumHAcceptors,2.966666666666667,4.566666666666666,-1.5999999999999996,,,,0.00029122170886449855,0.9358582392213141,0.0013012942950277084,False,2023.09.5
854,descriptor,NumAromaticRings,1.7,1.2333333333333334,0.46666666666666656,,,,0.04162069607599487,0.9358582392213141,0.11022097724812609,False,2023.09.5
854,descriptor,NumAliphaticRings,0.36666666666666664,1.4666666666666666,-1.0999999999999999,,,,3.1399810555890708e-06,0.9358582392213141,2.0180495128371967e-05,False,2023.09.5
854,descriptor,HeavyAtomCount,20.233333333333334,22.666666666666668,-2.4333333333333336,,,,0.042320771943667054,0.9358582392213141,0.11117978508624941,False,2023.09.5
854,descriptor,FractionCSP3,0.2627714147450989,0.5179690723892499,-0.25519765764415103,,,,4.601872728188958e-05,0.9358582392213141,0.00024180093876664542,False,2023.09.5
854,substructure,halogen_F,,,,16.666666666666664,43.333333333333336,-26.66666666666667,0.047022325948256706,0.9358582392213141,0.12247459765075547,False,2023.09.5
854,substructure,halogen_Cl,,,,100.0,0.0,100.0,1.6911233892144735e-17,0.9358582392213141,2.2317191659667003e-14,True,2023.09.5
854,substructure,halogen_Br,,,,26.666666666666668,3.3333333333333335,23.333333333333336,0.025690734963116434,0.9358582392213141,0.07142529474647329,False,2023.09.5
854,substructure,halogen_I,,,,6.666666666666667,0.0,6.666666666666667,0.4915254237288137,0.9358582392213141,0.7853847222987215,False,2023.09.5
854,substructure,boron,,,,0.0,0.0,0.0,1.0,0.9358582392213141,1.0,False,2023.09.5
854,substructure,boronic_acid_or_ester,,,,0.0,0.0,0.0,1.0,0.9358582392213141,1.0,False,2023.09.5
854,substructure,nitro,,,,0.0,0.0,0.0,1.0,0.9358582392213141,1.0,False,2023.09.5
854,substructure,nitrile,,,,3.3333333333333335,53.333333333333336,-50.0,2.3151803459215232e-05,0.9358582392213141,0.00012747981904733395,True,2023.09.5
854,substructure,aromatic_N,,,,53.333333333333336,30.0,23.333333333333336,0.11537019209732839,0.9358582392213141,0.25417395131514925,False,2023.09.5
854,substructure,aromatic_O,,,,6.666666666666667,3.3333333333333335,3.3333333333333335,1.0,0.9358582392213141,1.0,False,2023.09.5
854,substructure,aromatic_S,,,,3.3333333333333335,3.3333333333333335,0.0,1.0,0.9358582392213141,1.0,False,2023.09.5
854,substructure,pyridine,,,,23.333333333333332,16.666666666666664,6.666666666666668,0.7480497930241055,0.9358582392213141,1.0,False,2023.09.5
854,substructure,benzene,,,,83.33333333333334,56.666666666666664,26.66666666666668,0.047022325948256706,0.9358582392213141,0.12247459765075547,False,2023.09.5
854,substructure,phenol,,,,6.666666666666667,0.0,6.666666666666667,0.4915254237288137,0.9358582392213141,0.7853847222987215,False,2023.09.5
854,substructure,alcohol,,,,3.3333333333333335,6.666666666666667,-3.3333333333333335,1.0,0.9358582392213141,1.0,False,2023.09.5
854,substructure,carboxylic_acid,,,,13.333333333333334,6.666666666666667,6.666666666666667,0.6707485199902685,0.9358582392213141,0.984610081809964,False,2023.09.5
854,substructure,ester,,,,16.666666666666664,13.333333333333334,3.3333333333333304,1.0,0.9358582392213141,1.0,False,2023.09.5
854,substructure,amide,,,,40.0,43.333333333333336,-3.3333333333333357,1.0,0.9358582392213141,1.0,False,2023.09.5
854,substructure,urea,,,,0.0,0.0,0.0,1.0,0.9358582392213141,1.0,False,2023.09.5
854,substructure,sulfone,,,,3.3333333333333335,30.0,-26.666666666666668,0.012182915008697837,0.9358582392213141,0.037073144134846074,False,2023.09.5
854,substructure,ether,,,,23.333333333333332,53.333333333333336,-30.000000000000004,0.032594202939933606,0.9358582392213141,0.08844444786785274,False,2023.09.5
854,substructure,amine_primary,,,,6.666666666666667,20.0,-13.333333333333332,0.2542143363175797,0.9358582392213141,0.4790264433514032,False,2023.09.5
854,substructure,amine_secondary,,,,0.0,36.666666666666664,-36.666666666666664,0.0003188052525640556,0.9358582392213141,0.00140238888322344,True,2023.09.5
854,substructure,amine_tertiary,,,,13.333333333333334,26.666666666666668,-13.333333333333334,0.3334117381152047,0.9358582392213141,0.6046619657343543,False,2023.09.5
854,substructure,ketone,,,,13.333333333333334,6.666666666666667,6.666666666666667,0.6707485199902685,0.9358582392213141,0.984610081809964,False,2023.09.5
854,substructure,alkyne,,,,0.0,0.0,0.0,1.0,0.9358582392213141,1.0,False,2023.09.5
874,descriptor,MolWt,113.1486333333333,316.77493333333337,-203.62630000000007,,,,3.019859359162157e-11,0.2862669245647969,8.023908189881195e-10,False,2023.09.5
874,descriptor,MolLogP,0.84147,2.1440740000000003,-1.302604,,,,1.2493242098147689e-05,0.2862669245647969,7.284351320554743e-05,False,2023.09.5
874,descriptor,TPSA,29.787333333333333,71.41166666666666,-41.624333333333325,,,,1.405825680024194e-09,0.2862669245647969,1.827401940249836e-08,False,2023.09.5
874,descriptor,QED,0.4628953743255579,0.8187724887435969,-0.355877114418039,,,,3.3383888204288e-11,0.2862669245647969,8.209118844768709e-10,False,2023.09.5
874,descriptor,NumRotatableBonds,0.3333333333333333,3.8666666666666667,-3.533333333333333,,,,1.7001818937085834e-11,0.2862669245647969,8.023908189881195e-10,False,2023.09.5
874,descriptor,NumHDonors,0.23333333333333334,1.2,-0.9666666666666666,,,,2.7535817618215504e-06,0.2862669245647969,1.7754772304644166e-05,False,2023.09.5
874,descriptor,NumHAcceptors,1.9,4.466666666666667,-2.566666666666667,,,,4.8287396886487935e-09,0.2862669245647969,5.295562445252236e-08,False,2023.09.5
874,descriptor,NumAromaticRings,0.5666666666666667,1.4333333333333333,-0.8666666666666667,,,,4.2803598804199513e-05,0.2862669245647969,0.00022715743654936444,False,2023.09.5
874,descriptor,NumAliphaticRings,0.4,1.3333333333333333,-0.9333333333333332,,,,6.633328809076236e-06,0.2862669245647969,4.015496751549361e-05,False,2023.09.5
874,descriptor,HeavyAtomCount,7.166666666666667,22.233333333333334,-15.066666666666666,,,,2.0494725776219823e-11,0.2862669245647969,8.023908189881195e-10,False,2023.09.5
874,descriptor,FractionCSP3,0.4922222222222222,0.5471804889297149,-0.05495826670749271,,,,0.5236166605569486,0.2862669245647969,0.8275442551476885,False,2023.09.5
874,substructure,halogen_F,,,,3.3333333333333335,6.666666666666667,-3.3333333333333335,1.0,0.2862669245647969,1.0,False,2023.09.5
874,substructure,halogen_Cl,,,,3.3333333333333335,6.666666666666667,-3.3333333333333335,1.0,0.2862669245647969,1.0,False,2023.09.5
874,substructure,halogen_Br,,,,16.666666666666664,10.0,6.666666666666664,0.7064691994252865,0.2862669245647969,1.0,False,2023.09.5
874,substructure,halogen_I,,,,0.0,0.0,0.0,1.0,0.2862669245647969,1.0,False,2023.09.5
874,substructure,boron,,,,0.0,3.3333333333333335,-3.3333333333333335,1.0,0.2862669245647969,1.0,False,2023.09.5
874,substructure,boronic_acid_or_ester,,,,0.0,3.3333333333333335,-3.3333333333333335,1.0,0.2862669245647969,1.0,False,2023.09.5
874,substructure,nitro,,,,0.0,0.0,0.0,1.0,0.2862669245647969,1.0,False,2023.09.5
874,substructure,nitrile,,,,10.0,6.666666666666667,3.333333333333333,1.0,0.2862669245647969,1.0,False,2023.09.5
874,substructure,aromatic_N,,,,43.333333333333336,63.33333333333333,-19.999999999999993,0.19535622455155724,0.2862669245647969,0.3952045442001099,False,2023.09.5
874,substructure,aromatic_O,,,,13.333333333333334,13.333333333333334,0.0,1.0,0.2862669245647969,1.0,False,2023.09.5
874,substructure,aromatic_S,,,,6.666666666666667,6.666666666666667,0.0,1.0,0.2862669245647969,1.0,False,2023.09.5
874,substructure,pyridine,,,,6.666666666666667,20.0,-13.333333333333332,0.2542143363175797,0.2862669245647969,0.4790264433514032,False,2023.09.5
874,substructure,benzene,,,,3.3333333333333335,50.0,-46.666666666666664,6.415347065416128e-05,0.2862669245647969,0.00032346177288613713,True,2023.09.5
874,substructure,phenol,,,,0.0,6.666666666666667,-6.666666666666667,0.4915254237288137,0.2862669245647969,0.7853847222987215,False,2023.09.5
874,substructure,alcohol,,,,0.0,16.666666666666664,-16.666666666666664,0.052185548617305996,0.2862669245647969,0.13009702690761193,False,2023.09.5
874,substructure,carboxylic_acid,,,,0.0,23.333333333333332,-23.333333333333332,0.010542535074203226,0.2862669245647969,0.03268433544148048,False,2023.09.5
874,substructure,ester,,,,6.666666666666667,20.0,-13.333333333333332,0.2542143363175797,0.2862669245647969,0.4790264433514032,False,2023.09.5
874,substructure,amide,,,,0.0,70.0,-70.0,3.583746362536726e-09,0.2862669245647969,4.0770263934720976e-08,True,2023.09.5
874,substructure,urea,,,,0.0,3.3333333333333335,-3.3333333333333335,1.0,0.2862669245647969,1.0,False,2023.09.5
874,substructure,sulfone,,,,0.0,3.3333333333333335,-3.3333333333333335,1.0,0.2862669245647969,1.0,False,2023.09.5
874,substructure,ether,,,,26.666666666666668,40.0,-13.333333333333332,0.411756597048106,0.2862669245647969,0.7152893232617163,False,2023.09.5
874,substructure,amine_primary,,,,6.666666666666667,13.333333333333334,-6.666666666666667,0.6707485199902685,0.2862669245647969,0.984610081809964,False,2023.09.5
874,substructure,amine_secondary,,,,6.666666666666667,20.0,-13.333333333333332,0.2542143363175797,0.2862669245647969,0.4790264433514032,False,2023.09.5
874,substructure,amine_tertiary,,,,0.0,16.666666666666664,-16.666666666666664,0.052185548617305996,0.2862669245647969,0.13009702690761193,False,2023.09.5
874,substructure,ketone,,,,0.0,3.3333333333333335,-3.3333333333333335,1.0,0.2862669245647969,1.0,False,2023.09.5
874,substructure,alkyne,,,,0.0,3.3333333333333335,-3.3333333333333335,1.0,0.2862669245647969,1.0,False,2023.09.5
877,descriptor,MolWt,458.1600000000002,295.2681333333333,162.89186666666689,,,,3.019859359162157e-11,0.4945716603232046,8.023908189881195e-10,False,2023.09.5
877,descriptor,MolLogP,4.574418666666671,2.043650666666667,2.5307680000000037,,,,1.2023264598302062e-08,0.4945716603232046,1.205065937839946e-07,False,2023.09.5
877,descriptor,TPSA,78.876,65.476,13.400000000000006,,,,0.052768139465560894,0.4945716603232046,0.1311419109505057,False,2023.09.5
877,descriptor,QED,0.46199393507644687,0.8457799130253907,-0.3837859779489438,,,,4.0771648468253186e-11,0.4945716603232046,9.55118084531446e-10,False,2023.09.5
877,descriptor,NumRotatableBonds,5.333333333333333,3.6,1.733333333333333,,,,0.0001575540536942157,0.4945716603232046,0.0007391138174491545,False,2023.09.5
877,descriptor,NumHDonors,1.5,1.2333333333333334,0.2666666666666666,,,,0.3596560463207429,0.4945716603232046,0.6357696258837854,False,2023.09.5
877,descriptor,NumHAcceptors,5.733333333333333,3.933333333333333,1.8000000000000003,,,,3.8540623721442686e-05,0.4945716603232046,0.00020563656241670027,False,2023.09.5
877,descriptor,NumAromaticRings,3.6666666666666665,1.1666666666666667,2.5,,,,4.2299700733078116e-11,0.4945716603232046,9.85085383542684e-10,False,2023.09.5
877,descriptor,NumAliphaticRings,1.3,1.5,-0.19999999999999996,,,,0.4809901394952951,0.4945716603232046,0.7853847222987215,False,2023.09.5
877,descriptor,HeavyAtomCount,32.766666666666666,20.7,12.066666666666666,,,,2.3435509339980138e-11,0.4945716603232046,8.023908189881195e-10,False,2023.09.5
877,descriptor,FractionCSP3,0.3131258886226402,0.5741159979511373,-0.26099010932849714,,,,1.3296791478611825e-05,0.4945716603232046,7.696198459623423e-05,False,2023.09.5
877,substructure,halogen_F,,,,33.33333333333333,23.333333333333332,9.999999999999996,0.567489732503049,0.4945716603232046,0.8824398472032879,False,2023.09.5
877,substructure,halogen_Cl,,,,0.0,20.0,-20.0,0.023720703916957266,0.4945716603232046,0.067078762005167,False,2023.09.5
877,substructure,halogen_Br,,,,13.333333333333334,6.666666666666667,6.666666666666667,0.6707485199902685,0.4945716603232046,0.984610081809964,False,2023.09.5
877,substructure,halogen_I,,,,0.0,0.0,0.0,1.0,0.4945716603232046,1.0,False,2023.09.5
877,substructure,boron,,,,0.0,0.0,0.0,1.0,0.4945716603232046,1.0,False,2023.09.5
877,substructure,boronic_acid_or_ester,,,,0.0,0.0,0.0,1.0,0.4945716603232046,1.0,False,2023.09.5
877,substructure,nitro,,,,0.0,0.0,0.0,1.0,0.4945716603232046,1.0,False,2023.09.5
877,substructure,nitrile,,,,10.0,26.666666666666668,-16.666666666666668,0.18058040377378287,0.4945716603232046,0.37607460207280724,False,2023.09.5
877,substructure,aromatic_N,,,,86.66666666666667,53.333333333333336,33.333333333333336,0.010122970908879408,0.4945716603232046,0.03255632967364223,False,2023.09.5
877,substructure,aromatic_O,,,,6.666666666666667,6.666666666666667,0.0,1.0,0.4945716603232046,1.0,False,2023.09.5
877,substructure,aromatic_S,,,,23.333333333333332,3.3333333333333335,20.0,0.05231484385878206,0.4945716603232046,0.13009702690761193,False,2023.09.5
877,substructure,pyridine,,,,33.33333333333333,13.333333333333334,19.999999999999993,0.12527840350750902,0.4945716603232046,0.2723652935124812,False,2023.09.5
877,substructure,benzene,,,,96.66666666666667,50.0,46.66666666666667,6.415347065416128e-05,0.4945716603232046,0.00032346177288613713,True,2023.09.5
877,substructure,phenol,,,,0.0,6.666666666666667,-6.666666666666667,0.4915254237288137,0.4945716603232046,0.7853847222987215,False,2023.09.5
877,substructure,alcohol,,,,3.3333333333333335,36.666666666666664,-33.33333333333333,0.0024658610351383074,0.4945716603232046,0.009140771384000523,True,2023.09.5
877,substructure,carboxylic_acid,,,,6.666666666666667,10.0,-3.333333333333333,1.0,0.4945716603232046,1.0,False,2023.09.5
877,substructure,ester,,,,20.0,3.3333333333333335,16.666666666666668,0.10278971697348147,0.4945716603232046,0.23742385618320486,False,2023.09.5
877,substructure,amide,,,,40.0,60.0,-20.0,0.1963629693207716,0.4945716603232046,0.3970383021148799,False,2023.09.5
877,substructure,urea,,,,0.0,0.0,0.0,1.0,0.4945716603232046,1.0,False,2023.09.5
877,substructure,sulfone,,,,0.0,3.3333333333333335,-3.3333333333333335,1.0,0.4945716603232046,1.0,False,2023.09.5
877,substructure,ether,,,,43.333333333333336,36.666666666666664,6.666666666666671,0.7924942425907314,0.4945716603232046,1.0,False,2023.09.5
877,substructure,amine_primary,,,,3.3333333333333335,13.333333333333334,-10.0,0.35325602140945594,0.4945716603232046,0.6254013661859009,False,2023.09.5
877,substructure,amine_secondary,,,,53.333333333333336,23.333333333333332,30.000000000000004,0.032594202939933606,0.4945716603232046,0.08844444786785274,False,2023.09.5
877,substructure,amine_tertiary,,,,26.666666666666668,10.0,16.666666666666668,0.18058040377378287,0.4945716603232046,0.37607460207280724,False,2023.09.5
877,substructure,ketone,,,,10.0,3.3333333333333335,6.666666666666666,0.6119536128456737,0.4945716603232046,0.9176986186575842,False,2023.09.5
877,substructure,alkyne,,,,3.3333333333333335,10.0,-6.666666666666666,0.6119536128456737,0.4945716603232046,0.9176986186575842,False,2023.09.5
905,descriptor,MolWt,290.04333333333335,338.3832333333334,-48.33990000000006,,,,6.354550721415734e-05,0.010856679353590816,0.00032346177288613713,False,2023.09.5
905,descriptor,MolLogP,2.6240300000000008,2.7113566666666675,-0.08732666666666677,,,,0.7393988193114496,0.010856679353590816,1.0,False,2023.09.5
905,descriptor,TPSA,45.55866666666667,73.98199999999999,-28.423333333333318,,,,7.153911192182884e-05,0.010856679353590816,0.00035715428007379623,False,2023.09.5
905,descriptor,QED,0.6664116640049761,0.782049200788471,-0.11563753678349487,,,,0.0001324951052218608,0.010856679353590816,0.0006335122241223996,False,2023.09.5
905,descriptor,NumRotatableBonds,3.1333333333333333,4.5,-1.3666666666666667,,,,0.006440226000128361,0.010856679353590816,0.02148007981003217,False,2023.09.5
905,descriptor,NumHDonors,0.6,1.5,-0.9,,,,0.00025313185387881344,0.010856679353590816,0.0011427012651154189,False,2023.09.5
905,descriptor,NumHAcceptors,3.5,4.4,-0.9000000000000004,,,,0.011308749070661652,0.010856679353590816,0.034895820398090006,False,2023.09.5
905,descriptor,NumAromaticRings,1.0666666666666667,1.5666666666666667,-0.5,,,,0.01332532586192846,0.010856679353590816,0.04027096571555326,False,2023.09.5
905,descriptor,NumAliphaticRings,1.1666666666666667,1.2333333333333334,-0.06666666666666665,,,,0.6859722531533734,0.010856679353590816,1.0,False,2023.09.5
905,descriptor,HeavyAtomCount,20.133333333333333,23.266666666666666,-3.133333333333333,,,,8.967037069001435e-06,0.010856679353590816,5.330405368795298e-05,False,2023.09.5
905,descriptor,FractionCSP3,0.5851889453282643,0.4824679228318682,0.10272102249639609,,,,0.042660805082043445,0.010856679353590816,0.11199875816963528,False,2023.09.5
905,substructure,halogen_F,,,,33.33333333333333,23.333333333333332,9.999999999999996,0.567489732503049,0.010856679353590816,0.8824398472032879,False,2023.09.5
905,substructure,halogen_Cl,,,,0.0,16.666666666666664,-16.666666666666664,0.052185548617305996,0.010856679353590816,0.13009702690761193,False,2023.09.5
905,substructure,halogen_Br,,,,10.0,20.0,-10.0,0.4716445589655157,0.010856679353590816,0.7853847222987215,False,2023.09.5
905,substructure,halogen_I,,,,0.0,0.0,0.0,1.0,0.010856679353590816,1.0,False,2023.09.5
905,substructure,boron,,,,73.33333333333333,0.0,73.33333333333333,8.27018391354629e-10,0.010856679353590816,1.1290226935768883e-08,True,2023.09.5
905,substructure,boronic_acid_or_ester,,,,60.0,0.0,60.0,1.8700640109964368e-07,0.010856679353590816,1.4926579474868738e-06,True,2023.09.5
905,substructure,nitro,,,,0.0,0.0,0.0,1.0,0.010856679353590816,1.0,False,2023.09.5
905,substructure,nitrile,,,,6.666666666666667,30.0,-23.333333333333332,0.04190011890841873,0.010856679353590816,0.11022097724812609,False,2023.09.5
905,substructure,aromatic_N,,,,43.333333333333336,66.66666666666666,-23.33333333333332,0.11876489919201856,0.010856679353590816,0.26074145559628825,False,2023.09.5
905,substructure,aromatic_O,,,,10.0,6.666666666666667,3.333333333333333,1.0,0.010856679353590816,1.0,False,2023.09.5
905,substructure,aromatic_S,,,,0.0,6.666666666666667,-6.666666666666667,0.4915254237288137,0.010856679353590816,0.7853847222987215,False,2023.09.5
905,substructure,pyridine,,,,26.666666666666668,40.0,-13.333333333333332,0.411756597048106,0.010856679353590816,0.7152893232617163,False,2023.09.5
905,substructure,benzene,,,,50.0,56.666666666666664,-6.666666666666664,0.7961071585895799,0.010856679353590816,1.0,False,2023.09.5
905,substructure,phenol,,,,0.0,10.0,-10.0,0.23728813559322035,0.010856679353590816,0.4564741150697567,False,2023.09.5
905,substructure,alcohol,,,,0.0,30.0,-30.0,0.0019356033191389092,0.010856679353590816,0.007333065588967408,False,2023.09.5
905,substructure,carboxylic_acid,,,,3.3333333333333335,26.666666666666668,-23.333333333333336,0.025690734963116434,0.010856679353590816,0.07142529474647329,False,2023.09.5
905,substructure,ester,,,,10.0,6.666666666666667,3.333333333333333,1.0,0.010856679353590816,1.0,False,2023.09.5
905,substructure,amide,,,,0.0,50.0,-50.0,5.832133695832843e-06,0.010856679353590816,3.5964824457635866e-05,True,2023.09.5
905,substructure,urea,,,,0.0,0.0,0.0,1.0,0.010856679353590816,1.0,False,2023.09.5
905,substructure,sulfone,,,,0.0,3.3333333333333335,-3.3333333333333335,1.0,0.010856679353590816,1.0,False,2023.09.5
905,substructure,ether,,,,40.0,40.0,0.0,1.0,0.010856679353590816,1.0,False,2023.09.5
905,substructure,amine_primary,,,,16.666666666666664,10.0,6.666666666666664,0.7064691994252865,0.010856679353590816,1.0,False,2023.09.5
905,substructure,amine_secondary,,,,6.666666666666667,30.0,-23.333333333333332,0.04190011890841873,0.010856679353590816,0.11022097724812609,False,2023.09.5
905,substructure,amine_tertiary,,,,3.3333333333333335,20.0,-16.666666666666668,0.10278971697348147,0.010856679353590816,0.23742385618320486,False,2023.09.5
905,substructure,ketone,,,,20.0,10.0,10.0,0.4716445589655157,0.010856679353590816,0.7853847222987215,False,2023.09.5
905,substructure,alkyne,,,,26.666666666666668,3.3333333333333335,23.333333333333336,0.025690734963116434,0.010856679353590816,0.07142529474647329,False,2023.09.5
918,descriptor,MolWt,318.97046666666665,363.29006666666686,-44.31960000000021,,,,0.0003770395640831686,0.5090160354401947,0.001636732055049632,False,2023.09.5
918,descriptor,MolLogP,3.5847980000000024,2.672540000000001,0.9122580000000013,,,,0.003338612259442543,0.5090160354401947,0.01210399810909618,False,2023.09.5
918,descriptor,TPSA,45.28466666666666,86.28066666666669,-40.99600000000003,,,,3.636398440448015e-08,0.5090160354401947,3.340255551214314e-07,False,2023.09.5
918,descriptor,QED,0.7946912737078047,0.726474195205249,0.06821707850255565,,,,0.045146208380795055,0.5090160354401947,0.11805405480816884,False,2023.09.5
918,descriptor,NumRotatableBonds,3.4,4.9,-1.5000000000000004,,,,6.773211586137316e-05,0.5090160354401947,0.0003390030931671003,False,2023.09.5
918,descriptor,NumHDonors,0.5333333333333333,1.4333333333333333,-0.9,,,,0.00015756808838774598,0.5090160354401947,0.0007391138174491545,False,2023.09.5
918,descriptor,NumHAcceptors,4.233333333333333,5.2,-0.9666666666666668,,,,0.056468523503442954,0.5090160354401947,0.13981168514704856,False,2023.09.5
918,descriptor,NumAromaticRings,2.033333333333333,1.9666666666666666,0.06666666666666665,,,,0.5140449256562023,0.5090160354401947,0.8130658652308849,False,2023.09.5
918,descriptor,NumAliphaticRings,0.7666666666666667,0.8666666666666667,-0.09999999999999998,,,,0.427425435884355,0.5090160354401947,0.7268802837913065,False,2023.09.5
918,descriptor,HeavyAtomCount,21.6,25.033333333333335,-3.4333333333333336,,,,1.409921509686357e-06,0.5090160354401947,9.640551393520358e-06,False,2023.09.5
918,descriptor,FractionCSP3,0.41859527999233886,0.40354913674017856,0.015046143252160304,,,,0.8707413665916262,0.5090160354401947,1.0,False,2023.09.5
918,substructure,halogen_F,,,,53.333333333333336,36.666666666666664,16.66666666666667,0.2993015946823596,0.5090160354401947,0.5473140939249246,False,2023.09.5
918,substructure,halogen_Cl,,,,6.666666666666667,23.333333333333332,-16.666666666666664,0.1454992249936118,0.5090160354401947,0.30902973806314865,False,2023.09.5
918,substructure,halogen_Br,,,,16.666666666666664,13.333333333333334,3.3333333333333304,1.0,0.5090160354401947,1.0,False,2023.09.5
918,substructure,halogen_I,,,,0.0,0.0,0.0,1.0,0.5090160354401947,1.0,False,2023.09.5
918,substructure,boron,,,,0.0,0.0,0.0,1.0,0.5090160354401947,1.0,False,2023.09.5
918,substructure,boronic_acid_or_ester,,,,0.0,0.0,0.0,1.0,0.5090160354401947,1.0,False,2023.09.5
918,substructure,nitro,,,,0.0,0.0,0.0,1.0,0.5090160354401947,1.0,False,2023.09.5
918,substructure,nitrile,,,,0.0,36.666666666666664,-36.666666666666664,0.0003188052525640556,0.5090160354401947,0.00140238888322344,True,2023.09.5
918,substructure,aromatic_N,,,,66.66666666666666,63.33333333333333,3.3333333333333286,1.0,0.5090160354401947,1.0,False,2023.09.5
918,substructure,aromatic_O,,,,33.33333333333333,3.3333333333333335,29.999999999999996,0.005579091919870972,0.5090160354401947,0.018910637766069504,False,2023.09.5
918,substructure,aromatic_S,,,,30.0,6.666666666666667,23.333333333333332,0.04190011890841873,0.5090160354401947,0.11022097724812609,False,2023.09.5
918,substructure,pyridine,,,,16.666666666666664,20.0,-3.3333333333333357,1.0,0.5090160354401947,1.0,False,2023.09.5
918,substructure,benzene,,,,80.0,73.33333333333333,6.666666666666671,0.7610684967280273,0.5090160354401947,1.0,False,2023.09.5
918,substructure,phenol,,,,16.666666666666664,3.3333333333333335,13.33333333333333,0.19450977211904957,0.5090160354401947,0.3940963090170508,False,2023.09.5
918,substructure,alcohol,,,,3.3333333333333335,23.333333333333332,-20.0,0.05231484385878206,0.5090160354401947,0.13009702690761193,False,2023.09.5
918,substructure,carboxylic_acid,,,,0.0,30.0,-30.0,0.0019356033191389092,0.5090160354401947,0.007333065588967408,False,2023.09.5
918,substructure,ester,,,,16.666666666666664,6.666666666666667,9.999999999999996,0.42380990998296975,0.5090160354401947,0.7210414411785893,False,2023.09.5
918,substructure,amide,,,,10.0,50.0,-40.0,0.0015063632760577872,0.5090160354401947,0.005916361319357916,True,2023.09.5
918,substructure,urea,,,,0.0,6.666666666666667,-6.666666666666667,0.4915254237288137,0.5090160354401947,0.7853847222987215,False,2023.09.5
918,substructure,sulfone,,,,0.0,10.0,-10.0,0.23728813559322035,0.5090160354401947,0.4564741150697567,False,2023.09.5
918,substructure,ether,,,,93.33333333333333,46.666666666666664,46.666666666666664,0.00014472651432795061,0.5090160354401947,0.000683737792630497,True,2023.09.5
918,substructure,amine_primary,,,,0.0,10.0,-10.0,0.23728813559322035,0.5090160354401947,0.4564741150697567,False,2023.09.5
918,substructure,amine_secondary,,,,30.0,23.333333333333332,6.666666666666668,0.771023976031026,0.5090160354401947,1.0,False,2023.09.5
918,substructure,amine_tertiary,,,,10.0,20.0,-10.0,0.4716445589655157,0.5090160354401947,0.7853847222987215,False,2023.09.5
918,substructure,ketone,,,,0.0,10.0,-10.0,0.23728813559322035,0.5090160354401947,0.4564741150697567,False,2023.09.5
918,substructure,alkyne,,,,3.3333333333333335,0.0,3.3333333333333335,1.0,0.5090160354401947,1.0,False,2023.09.5
920,descriptor,MolWt,119.15133333333331,341.4015333333335,-222.25020000000018,,,,3.019859359162157e-11,0.16996318712173208,8.023908189881195e-10,False,2023.09.5
920,descriptor,MolLogP,0.8583809999999998,2.726922000000001,-1.8685410000000011,,,,8.351995916556161e-08,0.16996318712173208,7.110871362074374e-07,False,2023.09.5
920,descriptor,TPSA,32.257,69.85066666666667,-37.59366666666667,,,,1.0090320666424434e-08,0.16996318712173208,1.0190709060809779e-07,False,2023.09.5
920,descriptor,QED,0.45292927413159023,0.8109264910254825,-0.3579972168938923,,,,7.380285855777029e-10,0.16996318712173208,1.0288222430641288e-08,False,2023.09.5
920,descriptor,NumRotatableBonds,0.9333333333333333,4.133333333333334,-3.2,,,,4.99605011749566e-11,0.16996318712173208,1.117478102551713e-09,False,2023.09.5
920,descriptor,NumHDonors,0.4,1.0666666666666667,-0.6666666666666666,,,,0.00038055450383691936,0.16996318712173208,0.0016501810303289853,False,2023.09.5
920,descriptor,NumHAcceptors,1.9,4.166666666666667,-2.266666666666667,,,,3.4526511403275465e-08,0.16996318712173208,3.201181701301348e-07,False,2023.09.5
920,descriptor,NumAromaticRings,0.26666666666666666,1.6333333333333333,-1.3666666666666667,,,,3.204165684917768e-08,0.16996318712173208,2.991814138346567e-07,False,2023.09.5
920,descriptor,NumAliphaticRings,0.2,1.4,-1.2,,,,2.191356892893432e-06,0.16996318712173208,1.436354625656473e-05,False,2023.09.5
920,descriptor,HeavyAtomCount,6.9,23.733333333333334,-16.833333333333336,,,,2.4306075709309954e-11,0.16996318712173208,8.023908189881195e-10,False,2023.09.5
920,descriptor,FractionCSP3,0.635,0.46381810512615473,0.17118189487384528,,,,0.04210327891066601,0.16996318712173208,0.11068186003142545,False,2023.09.5
920,substructure,halogen_F,,,,13.333333333333334,43.333333333333336,-30.0,0.02037279175315088,0.16996318712173208,0.059745098185721726,False,2023.09.5
920,substructure,halogen_Cl,,,,20.0,20.0,0.0,1.0,0.16996318712173208,1.0,False,2023.09.5
920,substructure,halogen_Br,,,,10.0,10.0,0.0,1.0,0.16996318712173208,1.0,False,2023.09.5
920,substructure,halogen_I,,,,0.0,0.0,0.0,1.0,0.16996318712173208,1.0,False,2023.09.5
920,substructure,boron,,,,6.666666666666667,0.0,6.666666666666667,0.4915254237288137,0.16996318712173208,0.7853847222987215,False,2023.09.5
920,substructure,boronic_acid_or_ester,,,,0.0,0.0,0.0,1.0,0.16996318712173208,1.0,False,2023.09.5
920,substructure,nitro,,,,0.0,0.0,0.0,1.0,0.16996318712173208,1.0,False,2023.09.5
920,substructure,nitrile,,,,6.666666666666667,40.0,-33.333333333333336,0.004769170151985977,0.16996318712173208,0.016418386636271726,False,2023.09.5
920,substructure,aromatic_N,,,,26.666666666666668,56.666666666666664,-29.999999999999996,0.03521738569492147,0.16996318712173208,0.09510615959494823,False,2023.09.5
920,substructure,aromatic_O,,,,6.666666666666667,3.3333333333333335,3.3333333333333335,1.0,0.16996318712173208,1.0,False,2023.09.5
920,substructure,aromatic_S,,,,6.666666666666667,6.666666666666667,0.0,1.0,0.16996318712173208,1.0,False,2023.09.5
920,substructure,pyridine,,,,3.3333333333333335,40.0,-36.666666666666664,0.001050756087532551,0.16996318712173208,0.004219009483307677,True,2023.09.5
920,substructure,benzene,,,,0.0,56.666666666666664,-56.666666666666664,6.185596344065138e-07,0.16996318712173208,4.436372450390196e-06,True,2023.09.5
920,substructure,phenol,,,,0.0,3.3333333333333335,-3.3333333333333335,1.0,0.16996318712173208,1.0,False,2023.09.5
920,substructure,alcohol,,,,0.0,16.666666666666664,-16.666666666666664,0.052185548617305996,0.16996318712173208,0.13009702690761193,False,2023.09.5
920,substructure,carboxylic_acid,,,,0.0,30.0,-30.0,0.0019356033191389092,0.16996318712173208,0.007333065588967408,False,2023.09.5
920,substructure,ester,,,,3.3333333333333335,6.666666666666667,-3.3333333333333335,1.0,0.16996318712173208,1.0,False,2023.09.5
920,substructure,amide,,,,3.3333333333333335,56.666666666666664,-53.33333333333333,7.954964600623303e-06,0.16996318712173208,4.7717734627072225e-05,True,2023.09.5
920,substructure,urea,,,,3.3333333333333335,0.0,3.3333333333333335,1.0,0.16996318712173208,1.0,False,2023.09.5
920,substructure,sulfone,,,,3.3333333333333335,6.666666666666667,-3.3333333333333335,1.0,0.16996318712173208,1.0,False,2023.09.5
920,substructure,ether,,,,10.0,40.0,-30.0,0.01533162169738991,0.16996318712173208,0.04570624269575802,False,2023.09.5
920,substructure,amine_primary,,,,16.666666666666664,3.3333333333333335,13.33333333333333,0.19450977211904957,0.16996318712173208,0.3940963090170508,False,2023.09.5
920,substructure,amine_secondary,,,,6.666666666666667,13.333333333333334,-6.666666666666667,0.6707485199902685,0.16996318712173208,0.984610081809964,False,2023.09.5
920,substructure,amine_tertiary,,,,6.666666666666667,33.33333333333333,-26.66666666666666,0.0211452463435343,0.16996318712173208,0.061645088567048825,False,2023.09.5
920,substructure,ketone,,,,0.0,3.3333333333333335,-3.3333333333333335,1.0,0.16996318712173208,1.0,False,2023.09.5
920,substructure,alkyne,,,,0.0,3.3333333333333335,-3.3333333333333335,1.0,0.16996318712173208,1.0,False,2023.09.5
929,descriptor,MolWt,103.87023333333335,337.4979333333333,-233.62769999999998,,,,3.019859359162157e-11,0.04526736132775941,8.023908189881195e-10,False,2023.09.5
929,descriptor,MolLogP,0.5574333333333333,2.560697333333334,-2.0032640000000006,,,,2.6098527879558533e-10,0.04526736132775941,4.2173090561294785e-09,False,2023.09.5
929,descriptor,TPSA,35.17,72.15233333333332,-36.982333333333315,,,,2.1917893077504455e-08,0.04526736132775941,2.0959647027497617e-07,False,2023.09.5
929,descriptor,QED,0.4390999641327793,0.7748430954512867,-0.3357431313185074,,,,1.5465212858330377e-09,0.04526736132775941,1.9687066786536965e-08,False,2023.09.5
929,descriptor,NumRotatableBonds,0.6666666666666666,3.933333333333333,-3.2666666666666666,,,,2.3075196765337589e-10,0.04526736132775941,3.854628860505127e-09,False,2023.09.5
929,descriptor,NumHDonors,0.4666666666666667,1.3666666666666667,-0.9,,,,7.612010482526545e-05,0.04526736132775941,0.00037575996883195247,False,2023.09.5
929,descriptor,NumHAcceptors,2.033333333333333,4.733333333333333,-2.7,,,,6.027576266896173e-09,0.04526736132775941,6.397633898295428e-08,False,2023.09.5
929,descriptor,NumAromaticRings,0.43333333333333335,1.9333333333333333,-1.5,,,,1.1616727467114726e-07,0.04526736132775941,9.661895807207393e-07,False,2023.09.5
929,descriptor,NumAliphaticRings,0.2,1.3,-1.1,,,,3.201804570131874e-06,0.04526736132775941,2.0544480215805657e-05,False,2023.09.5
929,descriptor,HeavyAtomCount,7.0,23.5,-16.5,,,,2.5222132852001114e-11,0.04526736132775941,8.023908189881195e-10,False,2023.09.5
929,descriptor,FractionCSP3,0.5342857142857143,0.47345032876766624,0.06083538551804801,,,,0.45020942750128967,0.04526736132775941,0.7620261323119307,False,2023.09.5
929,substructure,halogen_F,,,,3.3333333333333335,40.0,-36.666666666666664,0.001050756087532551,0.04526736132775941,0.004219009483307677,True,2023.09.5
929,substructure,halogen_Cl,,,,10.0,13.333333333333334,-3.333333333333334,1.0,0.04526736132775941,1.0,False,2023.09.5
929,substructure,halogen_Br,,,,0.0,10.0,-10.0,0.23728813559322035,0.04526736132775941,0.4564741150697567,False,2023.09.5
929,substructure,halogen_I,,,,0.0,0.0,0.0,1.0,0.04526736132775941,1.0,False,2023.09.5
929,substructure,boron,,,,0.0,0.0,0.0,1.0,0.04526736132775941,1.0,False,2023.09.5
929,substructure,boronic_acid_or_ester,,,,0.0,0.0,0.0,1.0,0.04526736132775941,1.0,False,2023.09.5
929,substructure,nitro,,,,0.0,0.0,0.0,1.0,0.04526736132775941,1.0,False,2023.09.5
929,substructure,nitrile,,,,13.333333333333334,16.666666666666664,-3.3333333333333304,1.0,0.04526736132775941,1.0,False,2023.09.5
929,substructure,aromatic_N,,,,40.0,83.33333333333334,-43.33333333333334,0.0011931623140494843,0.04526736132775941,0.004761824194880957,True,2023.09.5
929,substructure,aromatic_O,,,,6.666666666666667,16.666666666666664,-9.999999999999996,0.42380990998296975,0.04526736132775941,0.7210414411785893,False,2023.09.5
929,substructure,aromatic_S,,,,6.666666666666667,3.3333333333333335,3.3333333333333335,1.0,0.04526736132775941,1.0,False,2023.09.5
929,substructure,pyridine,,,,10.0,40.0,-30.0,0.01533162169738991,0.04526736132775941,0.04570624269575802,False,2023.09.5
929,substructure,benzene,,,,0.0,60.0,-60.0,1.8700640109964368e-07,0.04526736132775941,1.4926579474868738e-06,True,2023.09.5
929,substructure,phenol,,,,0.0,6.666666666666667,-6.666666666666667,0.4915254237288137,0.04526736132775941,0.7853847222987215,False,2023.09.5
929,substructure,alcohol,,,,0.0,13.333333333333334,-13.333333333333334,0.11239964317573597,0.04526736132775941,0.2485978700182898,False,2023.09.5
929,substructure,carboxylic_acid,,,,0.0,13.333333333333334,-13.333333333333334,0.11239964317573597,0.04526736132775941,0.2485978700182898,False,2023.09.5
929,substructure,ester,,,,3.3333333333333335,3.3333333333333335,0.0,1.0,0.04526736132775941,1.0,False,2023.09.5
929,substructure,amide,,,,6.666666666666667,50.0,-43.333333333333336,0.0003716659746162567,0.04526736132775941,0.0016169512016546816,True,2023.09.5
929,substructure,urea,,,,6.666666666666667,0.0,6.666666666666667,0.4915254237288137,0.04526736132775941,0.7853847222987215,False,2023.09.5
929,substructure,sulfone,,,,0.0,3.3333333333333335,-3.3333333333333335,1.0,0.04526736132775941,1.0,False,2023.09.5
929,substructure,ether,,,,13.333333333333334,33.33333333333333,-19.999999999999993,0.12527840350750902,0.04526736132775941,0.2723652935124812,False,2023.09.5
929,substructure,amine_primary,,,,16.666666666666664,20.0,-3.3333333333333357,1.0,0.04526736132775941,1.0,False,2023.09.5
929,substructure,amine_secondary,,,,6.666666666666667,26.666666666666668,-20.0,0.07972201478079077,0.04526736132775941,0.1899034034399222,False,2023.09.5
929,substructure,amine_tertiary,,,,10.0,20.0,-10.0,0.4716445589655157,0.04526736132775941,0.7853847222987215,False,2023.09.5
929,substructure,ketone,,,,0.0,3.3333333333333335,-3.3333333333333335,1.0,0.04526736132775941,1.0,False,2023.09.5
929,substructure,alkyne,,,,0.0,3.3333333333333335,-3.3333333333333335,1.0,0.04526736132775941,1.0,False,2023.09.5
950,descriptor,MolWt,508.0079666666669,289.17269999999996,218.83526666666694,,,,3.019859359162157e-11,0.39090285143819803,8.023908189881195e-10,False,2023.09.5
950,descriptor,MolLogP,3.673987333333336,2.297793666666668,1.3761936666666679,,,,0.0002680570968049172,0.39090285143819803,0.0012059523252848491,False,2023.09.5
950,descriptor,TPSA,116.45200000000001,59.96799999999999,56.48400000000002,,,,2.0152212384295336e-08,0.39090285143819803,1.9317822961119912e-07,False,2023.09.5
950,descriptor,QED,0.4239844585573746,0.7895679025412934,-0.3655834439839188,,,,3.4741966068317727e-10,0.39090285143819803,5.3727907681433546e-09,False,2023.09.5
950,descriptor,NumRotatableBonds,6.966666666666667,3.2666666666666666,3.7,,,,1.0075559315920625e-06,0.39090285143819803,6.961455380755629e-06,False,2023.09.5
950,descriptor,NumHDonors,1.6,1.1333333333333333,0.4666666666666668,,,,0.06138189344069356,0.39090285143819803,0.15047115549950824,False,2023.09.5
950,descriptor,NumHAcceptors,7.766666666666667,3.3666666666666667,4.4,,,,9.816780676076212e-11,0.39090285143819803,1.9628603382114e-09,False,2023.09.5
950,descriptor,NumAromaticRings,2.7,1.1333333333333333,1.5666666666666669,,,,6.570718738334658e-08,0.39090285143819803,5.679798140844304e-07,False,2023.09.5
950,descriptor,NumAliphaticRings,1.0,1.5333333333333334,-0.5333333333333334,,,,0.1131895874468956,0.39090285143819803,0.25020523545631473,False,2023.09.5
950,descriptor,HeavyAtomCount,35.46666666666667,19.533333333333335,15.933333333333334,,,,1.703395482104143e-11,0.39090285143819803,8.023908189881195e-10,False,2023.09.5
950,descriptor,FractionCSP3,0.45503388609300116,0.5174045915957681,-0.062370705502766965,,,,0.4034852742560351,0.39090285143819803,0.7040097843894415,False,2023.09.5
950,substructure,halogen_F,,,,40.0,43.333333333333336,-3.3333333333333357,1.0,0.39090285143819803,1.0,False,2023.09.5
950,substructure,halogen_Cl,,,,6.666666666666667,10.0,-3.333333333333333,1.0,0.39090285143819803,1.0,False,2023.09.5
950,substructure,halogen_Br,,,,13.333333333333334,20.0,-6.666666666666666,0.7306423241784982,0.39090285143819803,1.0,False,2023.09.5
950,substructure,halogen_I,,,,0.0,0.0,0.0,1.0,0.39090285143819803,1.0,False,2023.09.5
950,substructure,boron,,,,0.0,0.0,0.0,1.0,0.39090285143819803,1.0,False,2023.09.5
950,substructure,boronic_acid_or_ester,,,,0.0,0.0,0.0,1.0,0.39090285143819803,1.0,False,2023.09.5
950,substructure,nitro,,,,0.0,0.0,0.0,1.0,0.39090285143819803,1.0,False,2023.09.5
950,substructure,nitrile,,,,3.3333333333333335,23.333333333333332,-20.0,0.05231484385878206,0.39090285143819803,0.13009702690761193,False,2023.09.5
950,substructure,aromatic_N,,,,86.66666666666667,56.666666666666664,30.000000000000007,0.020372791753150876,0.39090285143819803,0.059745098185721726,False,2023.09.5
950,substructure,aromatic_O,,,,6.666666666666667,13.333333333333334,-6.666666666666667,0.6707485199902685,0.39090285143819803,0.984610081809964,False,2023.09.5
950,substructure,aromatic_S,,,,3.3333333333333335,6.666666666666667,-3.3333333333333335,1.0,0.39090285143819803,1.0,False,2023.09.5
950,substructure,pyridine,,,,13.333333333333334,20.0,-6.666666666666666,0.7306423241784982,0.39090285143819803,1.0,False,2023.09.5
950,substructure,benzene,,,,80.0,53.333333333333336,26.666666666666664,0.05389720578282903,0.39090285143819803,0.13361242184985606,False,2023.09.5
950,substructure,phenol,,,,0.0,0.0,0.0,1.0,0.39090285143819803,1.0,False,2023.09.5
950,substructure,alcohol,,,,16.666666666666664,16.666666666666664,0.0,1.0,0.39090285143819803,1.0,False,2023.09.5
950,substructure,carboxylic_acid,,,,36.666666666666664,26.666666666666668,9.999999999999996,0.5795597864797081,0.39090285143819803,0.8969809205133561,False,2023.09.5
950,substructure,ester,,,,70.0,6.666666666666667,63.333333333333336,5.474571568875942e-07,0.39090285143819803,4.0136720076259e-06,True,2023.09.5
950,substructure,amide,,,,80.0,46.666666666666664,33.333333333333336,0.014980696048219262,0.39090285143819803,0.044862765245764054,False,2023.09.5
950,substructure,urea,,,,0.0,0.0,0.0,1.0,0.39090285143819803,1.0,False,2023.09.5
950,substructure,sulfone,,,,10.0,6.666666666666667,3.333333333333333,1.0,0.39090285143819803,1.0,False,2023.09.5
950,substructure,ether,,,,76.66666666666667,30.0,46.66666666666667,0.0006345701992330212,0.39090285143819803,0.0026641181535138185,True,2023.09.5
950,substructure,amine_primary,,,,0.0,13.333333333333334,-13.333333333333334,0.11239964317573597,0.39090285143819803,0.2485978700182898,False,2023.09.5
950,substructure,amine_secondary,,,,23.333333333333332,23.333333333333332,0.0,1.0,0.39090285143819803,1.0,False,2023.09.5
950,substructure,amine_tertiary,,,,23.333333333333332,20.0,3.333333333333332,1.0,0.39090285143819803,1.0,False,2023.09.5
950,substructure,ketone,,,,10.0,6.666666666666667,3.333333333333333,1.0,0.39090285143819803,1.0,False,2023.09.5
950,substructure,alkyne,,,,6.666666666666667,3.3333333333333335,3.3333333333333335,1.0,0.39090285143819803,1.0,False,2023.09.5
952,descriptor,MolWt,251.6814,351.55443333333335,-99.87303333333335,,,,4.685631959716094e-08,0.29690522243713735,4.225607500800915e-07,False,2023.09.5
952,descriptor,MolLogP,1.1433640000000007,2.685070666666668,-1.5417066666666674,,,,0.0005561109783724005,0.29690522243713735,0.002362278286884478,False,2023.09.5
952,descriptor,TPSA,65.25633333333333,70.94233333333334,-5.686000000000007,,,,0.3478076892439087,0.29690522243713735,0.6254013661859009,False,2023.09.5
952,descriptor,QED,0.6992161948082022,0.7593716452356644,-0.060155450427462176,,,,0.11198188968801887,0.29690522243713735,0.2485978700182898,False,2023.09.5
952,descriptor,NumRotatableBonds,3.1666666666666665,4.366666666666666,-1.1999999999999997,,,,0.013602048909909193,0.29690522243713735,0.04102959419032323,False,2023.09.5
952,descriptor,NumHDonors,1.1,1.2,-0.09999999999999987,,,,0.5553555996838784,0.29690522243713735,0.8676609388904792,False,2023.09.5
952,descriptor,NumHAcceptors,4.6,4.2,0.39999999999999947,,,,0.24718963783895942,0.29690522243713735,0.474599309507488,False,2023.09.5
952,descriptor,NumAromaticRings,1.1333333333333333,1.5666666666666667,-0.43333333333333335,,,,0.08469658049857362,0.29690522243713735,0.19994857614421763,False,2023.09.5
952,descriptor,NumAliphaticRings,0.43333333333333335,1.5,-1.0666666666666667,,,,5.3688810162286e-06,0.29690522243713735,3.347307077677012e-05,False,2023.09.5
952,descriptor,HeavyAtomCount,14.433333333333334,24.366666666666667,-9.933333333333334,,,,2.8403823326308434e-11,0.29690522243713735,8.023908189881195e-10,False,2023.09.5
952,descriptor,FractionCSP3,0.39468614718614714,0.4911198070411962,-0.09643365985504904,,,,0.07958493133828011,0.29690522243713735,0.1899034034399222,False,2023.09.5
952,substructure,halogen_F,,,,3.3333333333333335,36.666666666666664,-33.33333333333333,0.0024658610351383074,0.29690522243713735,0.009140771384000523,True,2023.09.5
952,substructure,halogen_Cl,,,,16.666666666666664,20.0,-3.3333333333333357,1.0,0.29690522243713735,1.0,False,2023.09.5
952,substructure,halogen_Br,,,,20.0,10.0,10.0,0.4716445589655157,0.29690522243713735,0.7853847222987215,False,2023.09.5
952,substructure,halogen_I,,,,0.0,0.0,0.0,1.0,0.29690522243713735,1.0,False,2023.09.5
952,substructure,boron,,,,3.3333333333333335,0.0,3.3333333333333335,1.0,0.29690522243713735,1.0,False,2023.09.5
952,substructure,boronic_acid_or_ester,,,,3.3333333333333335,0.0,3.3333333333333335,1.0,0.29690522243713735,1.0,False,2023.09.5
952,substructure,nitro,,,,0.0,0.0,0.0,1.0,0.29690522243713735,1.0,False,2023.09.5
952,substructure,nitrile,,,,0.0,23.333333333333332,-23.333333333333332,0.010542535074203226,0.29690522243713735,0.03268433544148048,False,2023.09.5
952,substructure,aromatic_N,,,,53.333333333333336,36.666666666666664,16.66666666666667,0.2993015946823596,0.29690522243713735,0.5473140939249246,False,2023.09.5
952,substructure,aromatic_O,,,,10.0,3.3333333333333335,6.666666666666666,0.6119536128456737,0.29690522243713735,0.9176986186575842,False,2023.09.5
952,substructure,aromatic_S,,,,50.0,3.3333333333333335,46.666666666666664,6.415347065416128e-05,0.29690522243713735,0.00032346177288613713,True,2023.09.5
952,substructure,pyridine,,,,10.0,16.666666666666664,-6.666666666666664,0.7064691994252865,0.29690522243713735,1.0,False,2023.09.5
952,substructure,benzene,,,,30.0,70.0,-40.0,0.004117367939157807,0.29690522243713735,0.014711786706792202,False,2023.09.5
952,substructure,phenol,,,,0.0,3.3333333333333335,-3.3333333333333335,1.0,0.29690522243713735,1.0,False,2023.09.5
952,substructure,alcohol,,,,10.0,20.0,-10.0,0.4716445589655157,0.29690522243713735,0.7853847222987215,False,2023.09.5
952,substructure,carboxylic_acid,,,,13.333333333333334,23.333333333333332,-9.999999999999998,0.5061775943272466,0.29690522243713735,0.8015828383766278,False,2023.09.5
952,substructure,ester,,,,6.666666666666667,13.333333333333334,-6.666666666666667,0.6707485199902685,0.29690522243713735,0.984610081809964,False,2023.09.5
952,substructure,amide,,,,13.333333333333334,66.66666666666666,-53.33333333333332,4.904409482795938e-05,0.29690522243713735,0.00025447650252148255,True,2023.09.5
952,substructure,urea,,,,0.0,3.3333333333333335,-3.3333333333333335,1.0,0.29690522243713735,1.0,False,2023.09.5
952,substructure,sulfone,,,,56.666666666666664,10.0,46.666666666666664,0.000250733731731787,0.29690522243713735,0.0011357606909910122,True,2023.09.5
952,substructure,ether,,,,23.333333333333332,40.0,-16.666666666666668,0.2668356607208132,0.29690522243713735,0.49948103110813213,False,2023.09.5
952,substructure,amine_primary,,,,13.333333333333334,23.333333333333332,-9.999999999999998,0.5061775943272466,0.29690522243713735,0.8015828383766278,False,2023.09.5
952,substructure,amine_secondary,,,,36.666666666666664,20.0,16.666666666666664,0.25156918928788474,0.29690522243713735,0.4790264433514032,False,2023.09.5
952,substructure,amine_tertiary,,,,6.666666666666667,20.0,-13.333333333333332,0.2542143363175797,0.29690522243713735,0.4790264433514032,False,2023.09.5
952,substructure,ketone,,,,6.666666666666667,3.3333333333333335,3.3333333333333335,1.0,0.29690522243713735,1.0,False,2023.09.5
952,substructure,alkyne,,,,0.0,0.0,0.0,1.0,0.29690522243713735,1.0,False,2023.09.5
954,descriptor,MolWt,201.10983333333337,342.17446666666666,-141.0646333333333,,,,9.75550113457629e-10,0.09483995757159792,1.313674455502977e-08,False,2023.09.5
954,descriptor,MolLogP,0.9254936666666668,3.0967006666666683,-2.1712070000000017,,,,1.6979526017102318e-08,0.09483995757159792,1.6516448034817708e-07,False,2023.09.5
954,descriptor,TPSA,49.382,63.32933333333334,-13.94733333333334,,,,0.0265672527592453,0.09483995757159792,0.073758593039167,False,2023.09.5
954,descriptor,QED,0.5982453497623068,0.7784765171853454,-0.18023116742303857,,,,2.1958855325221202e-07,0.09483995757159792,1.728332171621287e-06,False,2023.09.5
954,descriptor,NumRotatableBonds,1.8666666666666667,4.066666666666666,-2.1999999999999997,,,,1.2636358960798833e-05,0.09483995757159792,7.35696251850038e-05,False,2023.09.5
954,descriptor,NumHDonors,0.7333333333333333,1.1333333333333333,-0.4,,,,0.04452092888465325,0.09483995757159792,0.11665013729605705,False,2023.09.5
954,descriptor,NumHAcceptors,3.1,3.9,-0.7999999999999998,,,,0.03425198059021819,0.09483995757159792,0.09281559969655977,False,2023.09.5
954,descriptor,NumAromaticRings,0.6,1.5666666666666667,-0.9666666666666667,,,,1.1308410364197615e-05,0.09483995757159792,6.632592093608645e-05,False,2023.09.5
954,descriptor,NumAliphaticRings,0.6333333333333333,1.4333333333333333,-0.8,,,,0.0019338388662594693,0.09483995757159792,0.007333065588967408,False,2023.09.5
954,descriptor,HeavyAtomCount,12.366666666666667,23.333333333333332,-10.966666666666665,,,,4.4654977503880486e-10,0.09483995757159792,6.747673890758123e-09,False,2023.09.5
954,descriptor,FractionCSP3,0.5737590187590187,0.48506192695047184,0.08869709180854685,,,,0.4816509406194589,0.09483995757159792,0.7853847222987215,False,2023.09.5
954,substructure,halogen_F,,,,23.333333333333332,26.666666666666668,-3.3333333333333357,1.0,0.09483995757159792,1.0,False,2023.09.5
954,substructure,halogen_Cl,,,,6.666666666666667,16.666666666666664,-9.999999999999996,0.42380990998296975,0.09483995757159792,0.7210414411785893,False,2023.09.5
954,substructure,halogen_Br,,,,10.0,23.333333333333332,-13.333333333333332,0.2989793821568606,0.09483995757159792,0.5473140939249246,False,2023.09.5
954,substructure,halogen_I,,,,0.0,0.0,0.0,1.0,0.09483995757159792,1.0,False,2023.09.5
954,substructure,boron,,,,30.0,0.0,30.0,0.0019356033191389092,0.09483995757159792,0.007333065588967408,False,2023.09.5
954,substructure,boronic_acid_or_ester,,,,26.666666666666668,0.0,26.666666666666668,0.004575062390691967,0.09483995757159792,0.015888308776096052,False,2023.09.5
954,substructure,nitro,,,,0.0,0.0,0.0,1.0,0.09483995757159792,1.0,False,2023.09.5
954,substructure,nitrile,,,,3.3333333333333335,20.0,-16.666666666666668,0.10278971697348147,0.09483995757159792,0.23742385618320486,False,2023.09.5
954,substructure,aromatic_N,,,,33.33333333333333,50.0,-16.66666666666667,0.29491247843871987,0.09483995757159792,0.5468658089643526,False,2023.09.5
954,substructure,aromatic_O,,,,0.0,6.666666666666667,-6.666666666666667,0.4915254237288137,0.09483995757159792,0.7853847222987215,False,2023.09.5
954,substructure,aromatic_S,,,,10.0,3.3333333333333335,6.666666666666666,0.6119536128456737,0.09483995757159792,0.9176986186575842,False,2023.09.5
954,substructure,pyridine,,,,16.666666666666664,26.666666666666668,-10.000000000000004,0.5320924727590531,0.09483995757159792,0.8356025782043203,False,2023.09.5
954,substructure,benzene,,,,23.333333333333332,76.66666666666667,-53.33333333333334,7.640708652799931e-05,0.09483995757159792,0.00037588366223739175,True,2023.09.5
954,substructure,phenol,,,,0.0,6.666666666666667,-6.666666666666667,0.4915254237288137,0.09483995757159792,0.7853847222987215,False,2023.09.5
954,substructure,alcohol,,,,0.0,10.0,-10.0,0.23728813559322035,0.09483995757159792,0.4564741150697567,False,2023.09.5
954,substructure,carboxylic_acid,,,,3.3333333333333335,13.333333333333334,-10.0,0.35325602140945594,0.09483995757159792,0.6254013661859009,False,2023.09.5
954,substructure,ester,,,,6.666666666666667,26.666666666666668,-20.0,0.07972201478079077,0.09483995757159792,0.1899034034399222,False,2023.09.5
954,substructure,amide,,,,6.666666666666667,53.333333333333336,-46.66666666666667,0.0001447265143279506,0.09483995757159792,0.000683737792630497,True,2023.09.5
954,substructure,urea,,,,0.0,0.0,0.0,1.0,0.09483995757159792,1.0,False,2023.09.5
954,substructure,sulfone,,,,30.0,6.666666666666667,23.333333333333332,0.04190011890841873,0.09483995757159792,0.11022097724812609,False,2023.09.5
954,substructure,ether,,,,30.0,53.333333333333336,-23.333333333333336,0.11537019209732839,0.09483995757159792,0.25417395131514925,False,2023.09.5
954,substructure,amine_primary,,,,10.0,10.0,0.0,1.0,0.09483995757159792,1.0,False,2023.09.5
954,substructure,amine_secondary,,,,6.666666666666667,33.33333333333333,-26.66666666666666,0.0211452463435343,0.09483995757159792,0.061645088567048825,False,2023.09.5
954,substructure,amine_tertiary,,,,16.666666666666664,0.0,16.666666666666664,0.052185548617305996,0.09483995757159792,0.13009702690761193,False,2023.09.5
954,substructure,ketone,,,,3.3333333333333335,6.666666666666667,-3.3333333333333335,1.0,0.09483995757159792,1.0,False,2023.09.5
954,substructure,alkyne,,,,3.3333333333333335,3.3333333333333335,0.0,1.0,0.09483995757159792,1.0,False,2023.09.5
956,descriptor,MolWt,164.31040000000002,349.5063666666667,-185.19596666666666,,,,1.4643068877150338e-10,0.20655768390840457,2.6715165753289487e-09,False,2023.09.5
956,descriptor,MolLogP,1.4427246666666669,3.0345793333333346,-1.5918546666666678,,,,4.0839534518280284e-05,0.20655768390840457,0.00021702512370184112,False,2023.09.5
956,descriptor,TPSA,33.49633333333333,65.348,-31.851666666666667,,,,1.0836434316333704e-05,0.20655768390840457,6.374657274645636e-05,False,2023.09.5
956,descriptor,QED,0.5493397237923527,0.7493496983309015,-0.20000997453854874,,,,4.420496863208284e-06,0.20655768390840457,2.7867431658346494e-05,False,2023.09.5
956,descriptor,NumRotatableBonds,1.3333333333333333,3.8666666666666667,-2.533333333333333,,,,5.432227740698624e-09,0.20655768390840457,5.875830166724567e-08,False,2023.09.5
956,descriptor,NumHDonors,0.5666666666666667,1.0333333333333334,-0.4666666666666668,,,,0.03763336018879572,0.20655768390840457,0.1010104901609778,False,2023.09.5
956,descriptor,NumHAcceptors,1.5,4.166666666666667,-2.666666666666667,,,,7.892616244543616e-08,0.20655768390840457,6.77806241044429e-07,False,2023.09.5
956,descriptor,NumAromaticRings,0.36666666666666664,1.7333333333333334,-1.3666666666666667,,,,2.18945767255169e-07,0.20655768390840457,1.728332171621287e-06,False,2023.09.5
956,descriptor,NumAliphaticRings,0.3333333333333333,1.5,-1.1666666666666667,,,,0.0009913429972210756,0.20655768390840457,0.004017120702147634,False,2023.09.5
956,descriptor,HeavyAtomCount,8.6,23.966666666666665,-15.366666666666665,,,,2.657107995821597e-11,0.20655768390840457,8.023908189881195e-10,False,2023.09.5
956,descriptor,FractionCSP3,0.6394973544973545,0.45881167379232396,0.1806856807050305,,,,0.025189147985140884,0.20655768390840457,0.07082658868833293,False,2023.09.5
956,substructure,halogen_F,,,,0.0,53.333333333333336,-53.333333333333336,1.9440445652776148e-06,0.20655768390840457,1.280611053899181e-05,True,2023.09.5
956,substructure,halogen_Cl,,,,0.0,16.666666666666664,-16.666666666666664,0.052185548617305996,0.20655768390840457,0.13009702690761193,False,2023.09.5
956,substructure,halogen_Br,,,,46.666666666666664,20.0,26.666666666666664,0.05389720578282903,0.20655768390840457,0.13361242184985606,False,2023.09.5
956,substructure,halogen_I,,,,0.0,0.0,0.0,1.0,0.20655768390840457,1.0,False,2023.09.5
956,substructure,boron,,,,0.0,0.0,0.0,1.0,0.20655768390840457,1.0,False,2023.09.5
956,substructure,boronic_acid_or_ester,,,,0.0,0.0,0.0,1.0,0.20655768390840457,1.0,False,2023.09.5
956,substructure,nitro,,,,0.0,0.0,0.0,1.0,0.20655768390840457,1.0,False,2023.09.5
956,substructure,nitrile,,,,3.3333333333333335,23.333333333333332,-20.0,0.05231484385878206,0.20655768390840457,0.13009702690761193,False,2023.09.5
956,substructure,aromatic_N,,,,16.666666666666664,66.66666666666666,-49.99999999999999,0.00018100006244459654,0.20655768390840457,0.0008420437687639926,True,2023.09.5
956,substructure,aromatic_O,,,,3.3333333333333335,13.333333333333334,-10.0,0.35325602140945594,0.20655768390840457,0.6254013661859009,False,2023.09.5
956,substructure,aromatic_S,,,,0.0,10.0,-10.0,0.23728813559322035,0.20655768390840457,0.4564741150697567,False,2023.09.5
956,substructure,pyridine,,,,0.0,20.0,-20.0,0.023720703916957266,0.20655768390840457,0.067078762005167,False,2023.09.5
956,substructure,benzene,,,,20.0,66.66666666666666,-46.66666666666666,0.0005737261565417312,0.20655768390840457,0.002431886353050015,True,2023.09.5
956,substructure,phenol,,,,0.0,6.666666666666667,-6.666666666666667,0.4915254237288137,0.20655768390840457,0.7853847222987215,False,2023.09.5
956,substructure,alcohol,,,,3.3333333333333335,13.333333333333334,-10.0,0.35325602140945594,0.20655768390840457,0.6254013661859009,False,2023.09.5
956,substructure,carboxylic_acid,,,,23.333333333333332,20.0,3.333333333333332,1.0,0.20655768390840457,1.0,False,2023.09.5
956,substructure,ester,,,,6.666666666666667,16.666666666666664,-9.999999999999996,0.42380990998296975,0.20655768390840457,0.7210414411785893,False,2023.09.5
956,substructure,amide,,,,0.0,56.666666666666664,-56.666666666666664,6.185596344065138e-07,0.20655768390840457,4.436372450390196e-06,True,2023.09.5
956,substructure,urea,,,,0.0,3.3333333333333335,-3.3333333333333335,1.0,0.20655768390840457,1.0,False,2023.09.5
956,substructure,sulfone,,,,0.0,6.666666666666667,-6.666666666666667,0.4915254237288137,0.20655768390840457,0.7853847222987215,False,2023.09.5
956,substructure,ether,,,,26.666666666666668,30.0,-3.333333333333332,1.0,0.20655768390840457,1.0,False,2023.09.5
956,substructure,amine_primary,,,,6.666666666666667,6.666666666666667,0.0,1.0,0.20655768390840457,1.0,False,2023.09.5
956,substructure,amine_secondary,,,,0.0,40.0,-40.0,0.0001236183632391236,0.20655768390840457,0.0005925001211424823,True,2023.09.5
956,substructure,amine_tertiary,,,,0.0,13.333333333333334,-13.333333333333334,0.11239964317573597,0.20655768390840457,0.2485978700182898,False,2023.09.5
956,substructure,ketone,,,,10.0,6.666666666666667,3.333333333333333,1.0,0.20655768390840457,1.0,False,2023.09.5
956,substructure,alkyne,,,,0.0,6.666666666666667,-6.666666666666667,0.4915254237288137,0.20655768390840457,0.7853847222987215,False,2023.09.5
968,descriptor,MolWt,123.41596666666666,351.5648000000001,-228.14883333333344,,,,3.019859359162157e-11,0.24343295688525612,8.023908189881195e-10,False,2023.09.5
968,descriptor,MolLogP,0.9598086666666668,2.6289360000000013,-1.6691273333333345,,,,9.83289055492182e-08,0.24343295688525612,8.247545276893111e-07,False,2023.09.5
968,descriptor,TPSA,26.104000000000003,74.603,-48.498999999999995,,,,2.5891648796222665e-10,0.24343295688525612,4.2173090561294785e-09,False,2023.09.5
968,descriptor,QED,0.46954836581134984,0.8122610698545683,-0.3427127040432184,,,,1.2056679006359843e-10,0.24343295688525612,2.262198681809413e-09,False,2023.09.5
968,descriptor,NumRotatableBonds,1.0,4.3,-3.3,,,,2.3700361857795954e-10,0.24343295688525612,3.895704353388331e-09,False,2023.09.5
968,descriptor,NumHDonors,0.3,1.2666666666666666,-0.9666666666666666,,,,9.198079426524667e-07,0.24343295688525612,6.433780291450734e-06,False,2023.09.5
968,descriptor,NumHAcceptors,1.5333333333333334,4.433333333333334,-2.9000000000000004,,,,6.740786288989307e-10,0.24343295688525612,9.599558603636211e-09,False,2023.09.5
968,descriptor,NumAromaticRings,0.1,1.7,-1.5999999999999999,,,,4.376058779642964e-11,0.24343295688525612,1.0087673916164877e-09,False,2023.09.5
968,descriptor,NumAliphaticRings,0.5,1.2666666666666666,-0.7666666666666666,,,,0.0008912521156253738,0.24343295688525612,0.003664036475348759,False,2023.09.5
968,descriptor,HeavyAtomCount,7.033333333333333,24.5,-17.46666666666667,,,,2.546411880914836e-11,0.24343295688525612,8.023908189881195e-10,False,2023.09.5
968,descriptor,FractionCSP3,0.7641666666666667,0.4276214597809025,0.33654520688576417,,,,1.4348320491762886e-05,0.24343295688525612,8.232608815491198e-05,False,2023.09.5
968,substructure,halogen_F,,,,16.666666666666664,36.666666666666664,-20.0,0.14316508132189698,0.24343295688525612,0.30753692726716775,False,2023.09.5
968,substructure,halogen_Cl,,,,13.333333333333334,16.666666666666664,-3.3333333333333304,1.0,0.24343295688525612,1.0,False,2023.09.5
968,substructure,halogen_Br,,,,23.333333333333332,10.0,13.333333333333332,0.2989793821568606,0.24343295688525612,0.5473140939249246,False,2023.09.5
968,substructure,halogen_I,,,,0.0,0.0,0.0,1.0,0.24343295688525612,1.0,False,2023.09.5
968,substructure,boron,,,,3.3333333333333335,0.0,3.3333333333333335,1.0,0.24343295688525612,1.0,False,2023.09.5
968,substructure,boronic_acid_or_ester,,,,0.0,0.0,0.0,1.0,0.24343295688525612,1.0,False,2023.09.5
968,substructure,nitro,,,,0.0,0.0,0.0,1.0,0.24343295688525612,1.0,False,2023.09.5
968,substructure,nitrile,,,,3.3333333333333335,33.33333333333333,-29.999999999999996,0.005579091919870972,0.24343295688525612,0.018910637766069504,False,2023.09.5
968,substructure,aromatic_N,,,,10.0,53.333333333333336,-43.333333333333336,0.0006310253578028923,0.24343295688525612,0.002652048186349948,True,2023.09.5
968,substructure,aromatic_O,,,,3.3333333333333335,6.666666666666667,-3.3333333333333335,1.0,0.24343295688525612,1.0,False,2023.09.5
968,substructure,aromatic_S,,,,3.3333333333333335,3.3333333333333335,0.0,1.0,0.24343295688525612,1.0,False,2023.09.5
968,substructure,pyridine,,,,0.0,33.33333333333333,-33.33333333333333,0.0007970131314101389,0.24343295688525612,0.0032800155792648026,True,2023.09.5
968,substructure,benzene,,,,0.0,76.66666666666667,-76.66666666666667,1.741091350220272e-10,0.24343295688525612,3.036555354855532e-09,True,2023.09.5
968,substructure,phenol,,,,0.0,10.0,-10.0,0.23728813559322035,0.24343295688525612,0.4564741150697567,False,2023.09.5
968,substructure,alcohol,,,,0.0,36.666666666666664,-36.666666666666664,0.0003188052525640556,0.24343295688525612,0.00140238888322344,True,2023.09.5
968,substructure,carboxylic_acid,,,,10.0,20.0,-10.0,0.4716445589655157,0.24343295688525612,0.7853847222987215,False,2023.09.5
968,substructure,ester,,,,6.666666666666667,10.0,-3.333333333333333,1.0,0.24343295688525612,1.0,False,2023.09.5
968,substructure,amide,,,,0.0,70.0,-70.0,3.583746362536726e-09,0.24343295688525612,4.0770263934720976e-08,True,2023.09.5
968,substructure,urea,,,,0.0,0.0,0.0,1.0,0.24343295688525612,1.0,False,2023.09.5
968,substructure,sulfone,,,,3.3333333333333335,6.666666666666667,-3.3333333333333335,1.0,0.24343295688525612,1.0,False,2023.09.5
968,substructure,ether,,,,33.33333333333333,43.333333333333336,-10.000000000000007,0.5959098408345824,0.24343295688525612,0.9176986186575842,False,2023.09.5
968,substructure,amine_primary,,,,10.0,10.0,0.0,1.0,0.24343295688525612,1.0,False,2023.09.5
968,substructure,amine_secondary,,,,6.666666666666667,16.666666666666664,-9.999999999999996,0.42380990998296975,0.24343295688525612,0.7210414411785893,False,2023.09.5
968,substructure,amine_tertiary,,,,3.3333333333333335,16.666666666666664,-13.33333333333333,0.19450977211904957,0.24343295688525612,0.3940963090170508,False,2023.09.5
968,substructure,ketone,,,,6.666666666666667,3.3333333333333335,3.3333333333333335,1.0,0.24343295688525612,1.0,False,2023.09.5
968,substructure,alkyne,,,,3.3333333333333335,3.3333333333333335,0.0,1.0,0.24343295688525612,1.0,False,2023.09.5
983,descriptor,MolWt,454.87916666666683,298.48196666666666,156.39720000000017,,,,3.019859359162157e-11,0.42465838896861546,8.023908189881195e-10,False,2023.09.5
983,descriptor,MolLogP,2.5134400000000006,1.705951333333334,0.8074886666666665,,,,0.1668661704632597,0.42465838896861546,0.35214454630279585,False,2023.09.5
983,descriptor,TPSA,129.089,70.66233333333335,58.42666666666665,,,,7.380285855777029e-10,0.42465838896861546,1.0288222430641288e-08,False,2023.09.5
983,descriptor,QED,0.46661130531078826,0.767379039800712,-0.3007677344899237,,,,5.4617466566169245e-09,0.42465838896861546,5.875830166724567e-08,False,2023.09.5
983,descriptor,NumRotatableBonds,5.566666666666666,3.566666666666667,1.9999999999999996,,,,0.0001495267273960516,0.42465838896861546,0.0007047337068582956,False,2023.09.5
983,descriptor,NumHDonors,1.5,1.5333333333333334,-0.03333333333333344,,,,0.9814114591492787,0.42465838896861546,1.0,False,2023.09.5
983,descriptor,NumHAcceptors,8.866666666666667,4.266666666666667,4.6000000000000005,,,,7.333387797804978e-11,0.42465838896861546,1.5560307281303441e-09,False,2023.09.5
983,descriptor,NumAromaticRings,3.6333333333333333,1.2,2.4333333333333336,,,,2.352359235327275e-09,0.42465838896861546,2.882445172927813e-08,False,2023.09.5
983,descriptor,NumAliphaticRings,0.8,1.6666666666666667,-0.8666666666666667,,,,0.003381999570732499,0.42465838896861546,0.012238881444725744,False,2023.09.5
983,descriptor,HeavyAtomCount,31.866666666666667,20.733333333333334,11.133333333333333,,,,2.2900449040314444e-11,0.42465838896861546,8.023908189881195e-10,False,2023.09.5
983,descriptor,FractionCSP3,0.2985706652122051,0.551060056501233,-0.2524893912890279,,,,0.00045739372027151464,0.42465838896861546,0.0019576451227620827,False,2023.09.5
983,substructure,halogen_F,,,,20.0,16.666666666666664,3.3333333333333357,1.0,0.42465838896861546,1.0,False,2023.09.5
983,substructure,halogen_Cl,,,,13.333333333333334,10.0,3.333333333333334,1.0,0.42465838896861546,1.0,False,2023.09.5
983,substructure,halogen_Br,,,,6.666666666666667,10.0,-3.333333333333333,1.0,0.42465838896861546,1.0,False,2023.09.5
983,substructure,halogen_I,,,,0.0,0.0,0.0,1.0,0.42465838896861546,1.0,False,2023.09.5
983,substructure,boron,,,,0.0,0.0,0.0,1.0,0.42465838896861546,1.0,False,2023.09.5
983,substructure,boronic_acid_or_ester,,,,0.0,0.0,0.0,1.0,0.42465838896861546,1.0,False,2023.09.5
983,substructure,nitro,,,,0.0,0.0,0.0,1.0,0.42465838896861546,1.0,False,2023.09.5
983,substructure,nitrile,,,,6.666666666666667,20.0,-13.333333333333332,0.2542143363175797,0.42465838896861546,0.4790264433514032,False,2023.09.5
983,substructure,aromatic_N,,,,100.0,56.666666666666664,43.333333333333336,4.6356886214671344e-05,0.42465838896861546,0.00024180093876664542,True,2023.09.5
983,substructure,aromatic_O,,,,30.0,6.666666666666667,23.333333333333332,0.04190011890841873,0.42465838896861546,0.11022097724812609,False,2023.09.5
983,substructure,aromatic_S,,,,26.666666666666668,13.333333333333334,13.333333333333334,0.3334117381152047,0.42465838896861546,0.6046619657343543,False,2023.09.5
983,substructure,pyridine,,,,33.33333333333333,23.333333333333332,9.999999999999996,0.567489732503049,0.42465838896861546,0.8824398472032879,False,2023.09.5
983,substructure,benzene,,,,73.33333333333333,40.0,33.33333333333333,0.018243850221470598,0.42465838896861546,0.05398161661195971,False,2023.09.5
983,substructure,phenol,,,,3.3333333333333335,3.3333333333333335,0.0,1.0,0.42465838896861546,1.0,False,2023.09.5
983,substructure,alcohol,,,,3.3333333333333335,23.333333333333332,-20.0,0.05231484385878206,0.42465838896861546,0.13009702690761193,False,2023.09.5
983,substructure,carboxylic_acid,,,,40.0,20.0,20.0,0.15806205176119764,0.42465838896861546,0.33409912595973384,False,2023.09.5
983,substructure,ester,,,,46.666666666666664,6.666666666666667,40.0,0.0009098128565499236,0.42465838896861546,0.003717181732797882,True,2023.09.5
983,substructure,amide,,,,46.666666666666664,60.0,-13.333333333333336,0.4378954215234297,0.42465838896861546,0.7418177038131187,False,2023.09.5
983,substructure,urea,,,,0.0,3.3333333333333335,-3.3333333333333335,1.0,0.42465838896861546,1.0,False,2023.09.5
983,substructure,sulfone,,,,30.0,3.3333333333333335,26.666666666666668,0.012182915008697837,0.42465838896861546,0.037073144134846074,False,2023.09.5
983,substructure,ether,,,,60.0,33.33333333333333,26.66666666666667,0.06920580631231708,0.42465838896861546,0.16778064126788936,False,2023.09.5
983,substructure,amine_primary,,,,3.3333333333333335,20.0,-16.666666666666668,0.10278971697348147,0.42465838896861546,0.23742385618320486,False,2023.09.5
983,substructure,amine_secondary,,,,26.666666666666668,33.33333333333333,-6.666666666666661,0.7787156770945833,0.42465838896861546,1.0,False,2023.09.5
983,substructure,amine_tertiary,,,,10.0,20.0,-10.0,0.4716445589655157,0.42465838896861546,0.7853847222987215,False,2023.09.5
983,substructure,ketone,,,,0.0,6.666666666666667,-6.666666666666667,0.4915254237288137,0.42465838896861546,0.7853847222987215,False,2023.09.5
983,substructure,alkyne,,,,3.3333333333333335,3.3333333333333335,0.0,1.0,0.42465838896861546,1.0,False,2023.09.5
986,descriptor,MolWt,338.2634,326.01406666666674,12.249333333333254,,,,0.20094889697592833,0.12769077182254945,0.4058962669018879,False,2023.09.5
986,descriptor,MolLogP,3.1245886666666682,2.4201280000000005,0.7044606666666677,,,,0.04675584239277178,0.12769077182254945,0.12210183379484399,False,2023.09.5
986,descriptor,TPSA,55.726,67.72666666666666,-12.00066666666666,,,,0.03777935559893893,0.12769077182254945,0.10133365095948456,False,2023.09.5
986,descriptor,QED,0.6890035031440537,0.7965047341397461,-0.10750123099569242,,,,0.0030339475794426483,0.12769077182254945,0.011070413333652945,False,2023.09.5
986,descriptor,NumRotatableBonds,3.5,4.0,-0.5,,,,0.12572543178938464,0.12769077182254945,0.2731871484380756,False,2023.09.5
986,descriptor,NumHDonors,0.8,1.2666666666666666,-0.46666666666666656,,,,0.038034376052075894,0.12769077182254945,0.10181074698456284,False,2023.09.5
986,descriptor,NumHAcceptors,3.8666666666666667,4.266666666666667,-0.3999999999999999,,,,0.4724395898117971,0.12769077182254945,0.7853847222987215,False,2023.09.5
986,descriptor,NumAromaticRings,1.2666666666666666,1.3,-0.03333333333333344,,,,0.9935724776053185,0.12769077182254945,1.0,False,2023.09.5
986,descriptor,NumAliphaticRings,0.6,1.6333333333333333,-1.0333333333333332,,,,0.00015285931153679078,0.12769077182254945,0.0007195838458670092,False,2023.09.5
986,descriptor,HeavyAtomCount,22.433333333333334,22.466666666666665,-0.03333333333333144,,,,0.8636302791803031,0.12769077182254945,1.0,False,2023.09.5
986,descriptor,FractionCSP3,0.5089751914751915,0.5527339159808199,-0.043758724505628344,,,,0.3512887703461436,0.12769077182254945,0.6254013661859009,False,2023.09.5
986,substructure,halogen_F,,,,100.0,16.666666666666664,83.33333333333334,5.489927680874732e-12,0.12769077182254945,8.023908189881195e-10,True,2023.09.5
986,substructure,halogen_Cl,,,,10.0,10.0,0.0,1.0,0.12769077182254945,1.0,False,2023.09.5
986,substructure,halogen_Br,,,,0.0,16.666666666666664,-16.666666666666664,0.052185548617305996,0.12769077182254945,0.13009702690761193,False,2023.09.5
986,substructure,halogen_I,,,,0.0,0.0,0.0,1.0,0.12769077182254945,1.0,False,2023.09.5
986,substructure,boron,,,,3.3333333333333335,0.0,3.3333333333333335,1.0,0.12769077182254945,1.0,False,2023.09.5
986,substructure,boronic_acid_or_ester,,,,0.0,0.0,0.0,1.0,0.12769077182254945,1.0,False,2023.09.5
986,substructure,nitro,,,,0.0,0.0,0.0,1.0,0.12769077182254945,1.0,False,2023.09.5
986,substructure,nitrile,,,,10.0,16.666666666666664,-6.666666666666664,0.7064691994252865,0.12769077182254945,1.0,False,2023.09.5
986,substructure,aromatic_N,,,,70.0,53.333333333333336,16.666666666666664,0.28817964270091767,0.12769077182254945,0.5358868978172536,False,2023.09.5
986,substructure,aromatic_O,,,,3.3333333333333335,10.0,-6.666666666666666,0.6119536128456737,0.12769077182254945,0.9176986186575842,False,2023.09.5
986,substructure,aromatic_S,,,,3.3333333333333335,3.3333333333333335,0.0,1.0,0.12769077182254945,1.0,False,2023.09.5
986,substructure,pyridine,,,,33.33333333333333,16.666666666666664,16.666666666666664,0.2325984703938369,0.12769077182254945,0.4564741150697567,False,2023.09.5
986,substructure,benzene,,,,33.33333333333333,56.666666666666664,-23.333333333333336,0.11876489919201857,0.12769077182254945,0.26074145559628825,False,2023.09.5
986,substructure,phenol,,,,0.0,3.3333333333333335,-3.3333333333333335,1.0,0.12769077182254945,1.0,False,2023.09.5
986,substructure,alcohol,,,,26.666666666666668,30.0,-3.333333333333332,1.0,0.12769077182254945,1.0,False,2023.09.5
986,substructure,carboxylic_acid,,,,13.333333333333334,20.0,-6.666666666666666,0.7306423241784982,0.12769077182254945,1.0,False,2023.09.5
986,substructure,ester,,,,20.0,20.0,0.0,1.0,0.12769077182254945,1.0,False,2023.09.5
986,substructure,amide,,,,20.0,50.0,-30.0,0.029178250088207194,0.12769077182254945,0.08055557329094301,False,2023.09.5
986,substructure,urea,,,,3.3333333333333335,0.0,3.3333333333333335,1.0,0.12769077182254945,1.0,False,2023.09.5
986,substructure,sulfone,,,,6.666666666666667,6.666666666666667,0.0,1.0,0.12769077182254945,1.0,False,2023.09.5
986,substructure,ether,,,,50.0,53.333333333333336,-3.3333333333333357,1.0,0.12769077182254945,1.0,False,2023.09.5
986,substructure,amine_primary,,,,13.333333333333334,13.333333333333334,0.0,1.0,0.12769077182254945,1.0,False,2023.09.5
986,substructure,amine_secondary,,,,10.0,33.33333333333333,-23.33333333333333,0.05746627333208208,0.12769077182254945,0.14148568166773196,False,2023.09.5
986,substructure,amine_tertiary,,,,10.0,16.666666666666664,-6.666666666666664,0.7064691994252865,0.12769077182254945,1.0,False,2023.09.5
986,substructure,ketone,,,,3.3333333333333335,6.666666666666667,-3.3333333333333335,1.0,0.12769077182254945,1.0,False,2023.09.5
986,substructure,alkyne,,,,13.333333333333334,6.666666666666667,6.666666666666667,0.6707485199902685,0.12769077182254945,0.984610081809964,False,2023.09.5
992,descriptor,MolWt,503.00320000000033,312.86196666666666,190.14123333333367,,,,3.019859359162157e-11,0.20016222624321459,8.023908189881195e-10,False,2023.09.5
992,descriptor,MolLogP,3.843628666666669,2.581180000000001,1.2624486666666677,,,,0.0007697288698323855,0.20016222624321459,0.0032010048273806873,False,2023.09.5
992,descriptor,TPSA,113.56766666666667,66.66933333333333,46.89833333333334,,,,2.3768200504545059e-07,0.20016222624321459,1.8414541251955752e-06,False,2023.09.5
992,descriptor,QED,0.4256388510962052,0.822895200519018,-0.3972563494228128,,,,6.69551896550012e-11,0.20016222624321459,1.4564593178249987e-09,False,2023.09.5
992,descriptor,NumRotatableBonds,7.0,3.2,3.8,,,,5.631774575356673e-07,0.20016222624321459,4.121293076494837e-06,False,2023.09.5
992,descriptor,NumHDonors,1.5666666666666667,1.4,0.16666666666666674,,,,0.6742830941891658,0.20016222624321459,0.9890651240811068,False,2023.09.5
992,descriptor,NumHAcceptors,7.6,3.7666666666666666,3.833333333333333,,,,2.196174965056419e-09,0.20016222624321459,2.7170802145807383e-08,False,2023.09.5
992,descriptor,NumAromaticRings,2.8333333333333335,1.3,1.5333333333333334,,,,2.8421898988291773e-08,0.20016222624321459,2.67273867208188e-07,False,2023.09.5
992,descriptor,NumAliphaticRings,0.9333333333333333,1.4,-0.46666666666666656,,,,0.06681393984830598,0.20016222624321459,0.16247935372201683,False,2023.09.5
992,descriptor,HeavyAtomCount,35.43333333333333,21.366666666666667,14.066666666666663,,,,1.873405438035719e-11,0.20016222624321459,8.023908189881195e-10,False,2023.09.5
992,descriptor,FractionCSP3,0.44982182444501284,0.4880834182730468,-0.03826159382803396,,,,0.3829624939031492,0.20016222624321459,0.6714563832429441,False,2023.09.5
992,substructure,halogen_F,,,,36.666666666666664,40.0,-3.3333333333333357,1.0,0.20016222624321459,1.0,False,2023.09.5
992,substructure,halogen_Cl,,,,6.666666666666667,13.333333333333334,-6.666666666666667,0.6707485199902685,0.20016222624321459,0.984610081809964,False,2023.09.5
992,substructure,halogen_Br,,,,10.0,16.666666666666664,-6.666666666666664,0.7064691994252865,0.20016222624321459,1.0,False,2023.09.5
992,substructure,halogen_I,,,,0.0,0.0,0.0,1.0,0.20016222624321459,1.0,False,2023.09.5
992,substructure,boron,,,,3.3333333333333335,0.0,3.3333333333333335,1.0,0.20016222624321459,1.0,False,2023.09.5
992,substructure,boronic_acid_or_ester,,,,3.3333333333333335,0.0,3.3333333333333335,1.0,0.20016222624321459,1.0,False,2023.09.5
992,substructure,nitro,,,,0.0,0.0,0.0,1.0,0.20016222624321459,1.0,False,2023.09.5
992,substructure,nitrile,,,,10.0,20.0,-10.0,0.4716445589655157,0.20016222624321459,0.7853847222987215,False,2023.09.5
992,substructure,aromatic_N,,,,90.0,53.333333333333336,36.666666666666664,0.00342116497224037,0.20016222624321459,0.012346756722971398,False,2023.09.5
992,substructure,aromatic_O,,,,6.666666666666667,6.666666666666667,0.0,1.0,0.20016222624321459,1.0,False,2023.09.5
992,substructure,aromatic_S,,,,6.666666666666667,10.0,-3.333333333333333,1.0,0.20016222624321459,1.0,False,2023.09.5
992,substructure,pyridine,,,,16.666666666666664,23.333333333333332,-6.666666666666668,0.7480497930241055,0.20016222624321459,1.0,False,2023.09.5
992,substructure,benzene,,,,80.0,53.333333333333336,26.666666666666664,0.05389720578282903,0.20016222624321459,0.13361242184985606,False,2023.09.5
992,substructure,phenol,,,,0.0,13.333333333333334,-13.333333333333334,0.11239964317573597,0.20016222624321459,0.2485978700182898,False,2023.09.5
992,substructure,alcohol,,,,16.666666666666664,20.0,-3.3333333333333357,1.0,0.20016222624321459,1.0,False,2023.09.5
992,substructure,carboxylic_acid,,,,40.0,26.666666666666668,13.333333333333332,0.411756597048106,0.20016222624321459,0.7152893232617163,False,2023.09.5
992,substructure,ester,,,,63.33333333333333,6.666666666666667,56.666666666666664,6.181636680251984e-06,0.20016222624321459,3.770893623592851e-05,True,2023.09.5
992,substructure,amide,,,,70.0,60.0,10.0,0.5888821858925749,0.20016222624321459,0.9101549062702196,False,2023.09.5
992,substructure,urea,,,,0.0,0.0,0.0,1.0,0.20016222624321459,1.0,False,2023.09.5
992,substructure,sulfone,,,,10.0,3.3333333333333335,6.666666666666666,0.6119536128456737,0.20016222624321459,0.9176986186575842,False,2023.09.5
992,substructure,ether,,,,70.0,36.666666666666664,33.333333333333336,0.019096056845063346,0.20016222624321459,0.056376800186134064,False,2023.09.5
992,substructure,amine_primary,,,,0.0,16.666666666666664,-16.666666666666664,0.052185548617305996,0.20016222624321459,0.13009702690761193,False,2023.09.5
992,substructure,amine_secondary,,,,26.666666666666668,23.333333333333332,3.3333333333333357,1.0,0.20016222624321459,1.0,False,2023.09.5
992,substructure,amine_tertiary,,,,23.333333333333332,10.0,13.333333333333332,0.2989793821568606,0.20016222624321459,0.5473140939249246,False,2023.09.5
992,substructure,ketone,,,,6.666666666666667,3.3333333333333335,3.3333333333333335,1.0,0.20016222624321459,1.0,False,2023.09.5
992,substructure,alkyne,,,,6.666666666666667,3.3333333333333335,3.3333333333333335,1.0,0.20016222624321459,1.0,False,2023.09.5
995,descriptor,MolWt,511.5705000000002,303.6576666666667,207.91283333333348,,,,3.019859359162157e-11,0.35730330068010235,8.023908189881195e-10,False,2023.09.5
995,descriptor,MolLogP,3.775859333333336,2.349214000000001,1.4266453333333353,,,,3.830668704115981e-05,0.35730330068010235,0.0002046642024236865,False,2023.09.5
995,descriptor,TPSA,114.401,66.04566666666666,48.355333333333334,,,,2.3886734079362235e-08,0.35730330068010235,2.2678076791413688e-07,False,2023.09.5
995,descriptor,QED,0.4164537141643273,0.7949567630790269,-0.37850304891469955,,,,1.4643068877150338e-10,0.35730330068010235,2.6715165753289487e-09,False,2023.09.5
995,descriptor,NumRotatableBonds,6.966666666666667,3.933333333333333,3.0333333333333337,,,,5.793630925115915e-05,0.35730330068010235,0.00029711120249396254,False,2023.09.5
995,descriptor,NumHDonors,1.5,1.3333333333333333,0.16666666666666674,,,,0.5721635314292031,0.35730330068010235,0.8890091918870545,False,2023.09.5
995,descriptor,NumHAcceptors,7.766666666666667,4.066666666666666,3.7,,,,2.0664845825044678e-09,0.35730330068010235,2.5727083214261596e-08,False,2023.09.5
995,descriptor,NumAromaticRings,2.7,1.4,1.3000000000000003,,,,8.080139668840525e-07,0.35730330068010235,5.712370169453507e-06,False,2023.09.5
995,descriptor,NumAliphaticRings,1.1,1.0333333333333334,0.06666666666666665,,,,0.6164899149883487,0.35730330068010235,0.9241512962661387,False,2023.09.5
995,descriptor,HeavyAtomCount,35.46666666666667,20.5,14.966666666666669,,,,1.7883115476008304e-11,0.35730330068010235,8.023908189881195e-10,False,2023.09.5
995,descriptor,FractionCSP3,0.458684679743795,0.46639729036013866,-0.007712610616343651,,,,0.9823021357636819,0.35730330068010235,1.0,False,2023.09.5
995,substructure,halogen_F,,,,36.666666666666664,30.0,6.666666666666664,0.7846525735627773,0.35730330068010235,1.0,False,2023.09.5
995,substructure,halogen_Cl,,,,10.0,10.0,0.0,1.0,0.35730330068010235,1.0,False,2023.09.5
995,substructure,halogen_Br,,,,16.666666666666664,16.666666666666664,0.0,1.0,0.35730330068010235,1.0,False,2023.09.5
995,substructure,halogen_I,,,,0.0,0.0,0.0,1.0,0.35730330068010235,1.0,False,2023.09.5
995,substructure,boron,,,,0.0,0.0,0.0,1.0,0.35730330068010235,1.0,False,2023.09.5
995,substructure,boronic_acid_or_ester,,,,0.0,0.0,0.0,1.0,0.35730330068010235,1.0,False,2023.09.5
995,substructure,nitro,,,,0.0,0.0,0.0,1.0,0.35730330068010235,1.0,False,2023.09.5
995,substructure,nitrile,,,,3.3333333333333335,20.0,-16.666666666666668,0.10278971697348147,0.35730330068010235,0.23742385618320486,False,2023.09.5
995,substructure,aromatic_N,,,,86.66666666666667,66.66666666666666,20.000000000000014,0.12527840350750902,0.35730330068010235,0.2723652935124812,False,2023.09.5
995,substructure,aromatic_O,,,,10.0,6.666666666666667,3.333333333333333,1.0,0.35730330068010235,1.0,False,2023.09.5
995,substructure,aromatic_S,,,,6.666666666666667,6.666666666666667,0.0,1.0,0.35730330068010235,1.0,False,2023.09.5
995,substructure,pyridine,,,,13.333333333333334,30.0,-16.666666666666664,0.20923627896279956,0.35730330068010235,0.4200641117716651,False,2023.09.5
995,substructure,benzene,,,,80.0,53.333333333333336,26.666666666666664,0.05389720578282903,0.35730330068010235,0.13361242184985606,False,2023.09.5
995,substructure,phenol,,,,0.0,3.3333333333333335,-3.3333333333333335,1.0,0.35730330068010235,1.0,False,2023.09.5
995,substructure,alcohol,,,,16.666666666666664,13.333333333333334,3.3333333333333304,1.0,0.35730330068010235,1.0,False,2023.09.5
995,substructure,carboxylic_acid,,,,33.33333333333333,16.666666666666664,16.666666666666664,0.2325984703938369,0.35730330068010235,0.4564741150697567,False,2023.09.5
995,substructure,ester,,,,70.0,16.666666666666664,53.333333333333336,6.318223421545623e-05,0.35730330068010235,0.000323176311704123,True,2023.09.5
995,substructure,amide,,,,80.0,43.333333333333336,36.666666666666664,0.007274786783094237,0.35730330068010235,0.0240608862775857,False,2023.09.5
995,substructure,urea,,,,0.0,0.0,0.0,1.0,0.35730330068010235,1.0,False,2023.09.5
995,substructure,sulfone,,,,10.0,6.666666666666667,3.333333333333333,1.0,0.35730330068010235,1.0,False,2023.09.5
995,substructure,ether,,,,80.0,36.666666666666664,43.333333333333336,0.0014305830891172976,0.35730330068010235,0.005669347797612995,True,2023.09.5
995,substructure,amine_primary,,,,0.0,13.333333333333334,-13.333333333333334,0.11239964317573597,0.35730330068010235,0.2485978700182898,False,2023.09.5
995,substructure,amine_secondary,,,,23.333333333333332,36.666666666666664,-13.333333333333332,0.3985089768298216,0.35730330068010235,0.6962475901453061,False,2023.09.5
995,substructure,amine_tertiary,,,,23.333333333333332,10.0,13.333333333333332,0.2989793821568606,0.35730330068010235,0.5473140939249246,False,2023.09.5
995,substructure,ketone,,,,10.0,3.3333333333333335,6.666666666666666,0.6119536128456737,0.35730330068010235,0.9176986186575842,False,2023.09.5
995,substructure,alkyne,,,,6.666666666666667,3.3333333333333335,3.3333333333333335,1.0,0.35730330068010235,1.0,False,2023.09.5
1004,descriptor,MolWt,187.6947333333333,342.82313333333343,-155.12840000000014,,,,3.016075319890922e-11,0.22031571722717913,8.023908189881195e-10,False,2023.09.5
1004,descriptor,MolLogP,1.4227746666666663,2.828758000000001,-1.4059833333333347,,,,2.7725719451275823e-05,0.22031571722717913,0.00015119300731074515,False,2023.09.5
1004,descriptor,TPSA,37.388,72.33733333333333,-34.949333333333335,,,,3.0715989968531785e-08,0.22031571722717913,2.8748133400807884e-07,False,2023.09.5
1004,descriptor,QED,0.6198885254225086,0.7791929909667837,-0.15930446554427513,,,,3.5914449196293215e-05,0.22031571722717913,0.00019266301404894965,False,2023.09.5
1004,descriptor,NumRotatableBonds,1.8,4.1,-2.3,,,,2.0490879075575695e-07,0.22031571722717913,1.625051531385636e-06,False,2023.09.5
1004,descriptor,NumHDonors,0.6333333333333333,1.3,-0.6666666666666667,,,,0.0017561682767860596,0.22031571722717913,0.0068163433409764804,False,2023.09.5
1004,descriptor,NumHAcceptors,2.6666666666666665,4.366666666666666,-1.6999999999999997,,,,1.7500350960992675e-05,0.22031571722717913,9.84146157025142e-05,False,2023.09.5
1004,descriptor,NumAromaticRings,0.43333333333333335,1.7666666666666666,-1.3333333333333333,,,,5.2232202106581e-08,0.22031571722717913,4.6784454330306373e-07,False,2023.09.5
1004,descriptor,NumAliphaticRings,1.0,1.2666666666666666,-0.2666666666666666,,,,0.35337783686735547,0.22031571722717913,0.6254013661859009,False,2023.09.5
1004,descriptor,HeavyAtomCount,11.6,23.833333333333332,-12.233333333333333,,,,2.1196474295009883e-11,0.22031571722717913,8.023908189881195e-10,False,2023.09.5
1004,descriptor,FractionCSP3,0.6425824175824176,0.4588712293898053,0.18371118819261234,,,,0.005772323411602566,0.22031571722717913,0.0195321610141321,False,2023.09.5
1004,substructure,halogen_F,,,,3.3333333333333335,36.666666666666664,-33.33333333333333,0.0024658610351383074,0.22031571722717913,0.009140771384000523,True,2023.09.5
1004,substructure,halogen_Cl,,,,83.33333333333334,13.333333333333334,70.00000000000001,7.022166234482743e-08,0.22031571722717913,6.043642635286343e-07,True,2023.09.5
1004,substructure,halogen_Br,,,,3.3333333333333335,16.666666666666664,-13.33333333333333,0.19450977211904957,0.22031571722717913,0.3940963090170508,False,2023.09.5
1004,substructure,halogen_I,,,,0.0,0.0,0.0,1.0,0.22031571722717913,1.0,False,2023.09.5
1004,substructure,boron,,,,0.0,0.0,0.0,1.0,0.22031571722717913,1.0,False,2023.09.5
1004,substructure,boronic_acid_or_ester,,,,0.0,0.0,0.0,1.0,0.22031571722717913,1.0,False,2023.09.5
1004,substructure,nitro,,,,0.0,0.0,0.0,1.0,0.22031571722717913,1.0,False,2023.09.5
1004,substructure,nitrile,,,,0.0,20.0,-20.0,0.023720703916957266,0.22031571722717913,0.067078762005167,False,2023.09.5
1004,substructure,aromatic_N,,,,33.33333333333333,73.33333333333333,-40.0,0.004025455501528386,0.22031571722717913,0.014448575095694366,False,2023.09.5
1004,substructure,aromatic_O,,,,0.0,13.333333333333334,-13.333333333333334,0.11239964317573597,0.22031571722717913,0.2485978700182898,False,2023.09.5
1004,substructure,aromatic_S,,,,3.3333333333333335,0.0,3.3333333333333335,1.0,0.22031571722717913,1.0,False,2023.09.5
1004,substructure,pyridine,,,,3.3333333333333335,16.666666666666664,-13.33333333333333,0.19450977211904957,0.22031571722717913,0.3940963090170508,False,2023.09.5
1004,substructure,benzene,,,,10.0,80.0,-70.0,5.6213814618317425e-08,0.22031571722717913,4.967644912364256e-07,True,2023.09.5
1004,substructure,phenol,,,,0.0,6.666666666666667,-6.666666666666667,0.4915254237288137,0.22031571722717913,0.7853847222987215,False,2023.09.5
1004,substructure,alcohol,,,,3.3333333333333335,10.0,-6.666666666666666,0.6119536128456737,0.22031571722717913,0.9176986186575842,False,2023.09.5
1004,substructure,carboxylic_acid,,,,10.0,23.333333333333332,-13.333333333333332,0.2989793821568606,0.22031571722717913,0.5473140939249246,False,2023.09.5
1004,substructure,ester,,,,3.3333333333333335,13.333333333333334,-10.0,0.35325602140945594,0.22031571722717913,0.6254013661859009,False,2023.09.5
1004,substructure,amide,,,,6.666666666666667,50.0,-43.333333333333336,0.0003716659746162567,0.22031571722717913,0.0016169512016546816,True,2023.09.5
1004,substructure,urea,,,,0.0,3.3333333333333335,-3.3333333333333335,1.0,0.22031571722717913,1.0,False,2023.09.5
1004,substructure,sulfone,,,,0.0,3.3333333333333335,-3.3333333333333335,1.0,0.22031571722717913,1.0,False,2023.09.5
1004,substructure,ether,,,,30.0,43.333333333333336,-13.333333333333336,0.42197538101990234,0.22031571722717913,0.7210414411785893,False,2023.09.5
1004,substructure,amine_primary,,,,16.666666666666664,16.666666666666664,0.0,1.0,0.22031571722717913,1.0,False,2023.09.5
1004,substructure,amine_secondary,,,,30.0,36.666666666666664,-6.666666666666664,0.7846525735627773,0.22031571722717913,1.0,False,2023.09.5
1004,substructure,amine_tertiary,,,,13.333333333333334,16.666666666666664,-3.3333333333333304,1.0,0.22031571722717913,1.0,False,2023.09.5
1004,substructure,ketone,,,,0.0,3.3333333333333335,-3.3333333333333335,1.0,0.22031571722717913,1.0,False,2023.09.5
1004,substructure,alkyne,,,,0.0,0.0,0.0,1.0,0.22031571722717913,1.0,False,2023.09.5
1013,descriptor,MolWt,113.27503333333331,334.1784,-220.9033666666667,,,,3.019859359162157e-11,0.07911649092156985,8.023908189881195e-10,False,2023.09.5
1013,descriptor,MolLogP,0.4611406666666667,2.3316880000000006,-1.870547333333334,,,,6.010385631570395e-08,0.07911649092156985,5.276079094320886e-07,False,2023.09.5
1013,descriptor,TPSA,37.76533333333334,74.25533333333334,-36.49,,,,9.421178169697825e-08,0.07911649092156985,7.969753071331985e-07,False,2023.09.5
1013,descriptor,QED,0.43727260328607914,0.7789471070321885,-0.34167450374610936,,,,7.380285855777029e-10,0.07911649092156985,1.0288222430641288e-08,False,2023.09.5
1013,descriptor,NumRotatableBonds,0.9333333333333333,4.766666666666667,-3.833333333333333,,,,2.6835781116035284e-10,0.07911649092156985,4.318815343023727e-09,False,2023.09.5
1013,descriptor,NumHDonors,0.4666666666666667,1.5333333333333334,-1.0666666666666669,,,,3.413142167151075e-06,0.07911649092156985,2.1759468340984066e-05,False,2023.09.5
1013,descriptor,NumHAcceptors,2.2,4.533333333333333,-2.333333333333333,,,,2.992491020060728e-07,0.07911649092156985,2.273948550560542e-06,False,2023.09.5
1013,descriptor,NumAromaticRings,0.2,1.5333333333333334,-1.3333333333333335,,,,5.51857105820891e-09,0.07911649092156985,5.9048710322835333e-08,False,2023.09.5
1013,descriptor,NumAliphaticRings,0.3,1.5,-1.2,,,,0.00010472332827137638,0.07911649092156985,0.0005080878144931117,False,2023.09.5
1013,descriptor,HeavyAtomCount,6.8,23.466666666666665,-16.666666666666664,,,,2.4213066366405755e-11,0.07911649092156985,8.023908189881195e-10,False,2023.09.5
1013,descriptor,FractionCSP3,0.6955555555555556,0.5130790183615261,0.18247653719402945,,,,0.005931085393584081,0.07911649092156985,0.019966978803740966,False,2023.09.5
1013,substructure,halogen_F,,,,6.666666666666667,30.0,-23.333333333333332,0.04190011890841873,0.07911649092156985,0.11022097724812609,False,2023.09.5
1013,substructure,halogen_Cl,,,,26.666666666666668,6.666666666666667,20.0,0.07972201478079077,0.07911649092156985,0.1899034034399222,False,2023.09.5
1013,substructure,halogen_Br,,,,0.0,6.666666666666667,-6.666666666666667,0.4915254237288137,0.07911649092156985,0.7853847222987215,False,2023.09.5
1013,substructure,halogen_I,,,,0.0,0.0,0.0,1.0,0.07911649092156985,1.0,False,2023.09.5
1013,substructure,boron,,,,0.0,0.0,0.0,1.0,0.07911649092156985,1.0,False,2023.09.5
1013,substructure,boronic_acid_or_ester,,,,0.0,0.0,0.0,1.0,0.07911649092156985,1.0,False,2023.09.5
1013,substructure,nitro,,,,0.0,0.0,0.0,1.0,0.07911649092156985,1.0,False,2023.09.5
1013,substructure,nitrile,,,,3.3333333333333335,13.333333333333334,-10.0,0.35325602140945594,0.07911649092156985,0.6254013661859009,False,2023.09.5
1013,substructure,aromatic_N,,,,20.0,53.333333333333336,-33.333333333333336,0.014980696048219267,0.07911649092156985,0.044862765245764054,False,2023.09.5
1013,substructure,aromatic_O,,,,3.3333333333333335,13.333333333333334,-10.0,0.35325602140945594,0.07911649092156985,0.6254013661859009,False,2023.09.5
1013,substructure,aromatic_S,,,,6.666666666666667,6.666666666666667,0.0,1.0,0.07911649092156985,1.0,False,2023.09.5
1013,substructure,pyridine,,,,0.0,16.666666666666664,-16.666666666666664,0.052185548617305996,0.07911649092156985,0.13009702690761193,False,2023.09.5
1013,substructure,benzene,,,,0.0,60.0,-60.0,1.8700640109964368e-07,0.07911649092156985,1.4926579474868738e-06,True,2023.09.5
1013,substructure,phenol,,,,0.0,0.0,0.0,1.0,0.07911649092156985,1.0,False,2023.09.5
1013,substructure,alcohol,,,,0.0,30.0,-30.0,0.0019356033191389092,0.07911649092156985,0.007333065588967408,False,2023.09.5
1013,substructure,carboxylic_acid,,,,3.3333333333333335,23.333333333333332,-20.0,0.05231484385878206,0.07911649092156985,0.13009702690761193,False,2023.09.5
1013,substructure,ester,,,,3.3333333333333335,16.666666666666664,-13.33333333333333,0.19450977211904957,0.07911649092156985,0.3940963090170508,False,2023.09.5
1013,substructure,amide,,,,6.666666666666667,53.333333333333336,-46.66666666666667,0.0001447265143279506,0.07911649092156985,0.000683737792630497,True,2023.09.5
1013,substructure,urea,,,,3.3333333333333335,0.0,3.3333333333333335,1.0,0.07911649092156985,1.0,False,2023.09.5
1013,substructure,sulfone,,,,10.0,6.666666666666667,3.333333333333333,1.0,0.07911649092156985,1.0,False,2023.09.5
1013,substructure,ether,,,,16.666666666666664,26.666666666666668,-10.000000000000004,0.5320924727590531,0.07911649092156985,0.8356025782043203,False,2023.09.5
1013,substructure,amine_primary,,,,20.0,20.0,0.0,1.0,0.07911649092156985,1.0,False,2023.09.5
1013,substructure,amine_secondary,,,,6.666666666666667,30.0,-23.333333333333332,0.04190011890841873,0.07911649092156985,0.11022097724812609,False,2023.09.5
1013,substructure,amine_tertiary,,,,6.666666666666667,30.0,-23.333333333333332,0.04190011890841873,0.07911649092156985,0.11022097724812609,False,2023.09.5
1013,substructure,ketone,,,,0.0,10.0,-10.0,0.23728813559322035,0.07911649092156985,0.4564741150697567,False,2023.09.5
1013,substructure,alkyne,,,,0.0,0.0,0.0,1.0,0.07911649092156985,1.0,False,2023.09.5
