seed_a,seed_b,feature_a,best_cosine,source
42,43,0,0.20669607818126678,observed
42,43,1,0.19905027747154236,observed
42,43,2,0.20317885279655457,observed
42,43,3,0.21855753660202026,observed
42,43,4,0.23327094316482544,observed
42,43,5,0.22506150603294373,observed
42,43,6,0.21020805835723877,observed
42,43,7,0.23192541301250458,observed
42,43,8,0.39577335119247437,observed
42,43,9,0.19775569438934326,observed
42,43,10,0.23793119192123413,observed
42,43,11,0.2152269184589386,observed
42,43,12,0.23094090819358826,observed
42,43,13,0.17861495912075043,observed
42,43,14,0.2745024859905243,observed
42,43,15,0.22671319544315338,observed
42,43,16,0.2923678755760193,observed
42,43,17,0.2135244756937027,observed
42,43,18,0.2373759001493454,observed
42,43,19,0.20759697258472443,observed
42,43,20,0.20214588940143585,observed
42,43,21,0.2249011993408203,observed
42,43,22,0.20261183381080627,observed
42,43,23,0.21691904962062836,observed
42,43,24,0.18450675904750824,observed
42,43,25,0.19936062395572662,observed
42,43,26,0.7267625331878662,observed
42,43,27,0.4373309910297394,observed
42,43,28,0.2123294174671173,observed
42,43,29,0.2132379710674286,observed
42,43,30,0.20638762414455414,observed
42,43,31,0.21702603995800018,observed
42,43,32,0.234458327293396,observed
42,43,33,0.2312076985836029,observed
42,43,34,0.21567323803901672,observed
42,43,35,0.22355544567108154,observed
42,43,36,0.2667180299758911,observed
42,43,37,0.2245694100856781,observed
42,43,38,0.23769941926002502,observed
42,43,39,0.18927277624607086,observed
42,43,40,0.19144324958324432,observed
42,43,41,0.3349684774875641,observed
42,43,42,0.21722212433815002,observed
42,43,43,0.24593785405158997,observed
42,43,44,0.1998053789138794,observed
42,43,45,0.20360174775123596,observed
42,43,46,0.2191404104232788,observed
42,43,47,0.35802510380744934,observed
42,43,48,0.22044385969638824,observed
42,43,49,0.2511257231235504,observed
42,43,50,0.2214599996805191,observed
42,43,51,0.2100158929824829,observed
42,43,52,0.19512192904949188,observed
42,43,53,0.2299499809741974,observed
42,43,54,0.2184572070837021,observed
42,43,55,0.25833138823509216,observed
42,43,56,0.2115216702222824,observed
42,43,57,0.22073200345039368,observed
42,43,58,0.226331427693367,observed
42,43,59,0.2578539252281189,observed
42,43,60,0.2135639637708664,observed
42,43,61,0.4222697913646698,observed
42,43,62,0.20207227766513824,observed
42,43,63,0.18995876610279083,observed
42,43,64,0.18843327462673187,observed
42,43,65,0.24011079967021942,observed
42,43,66,0.18254846334457397,observed
42,43,67,0.2297133058309555,observed
42,43,68,0.22844737768173218,observed
42,43,69,0.2541213631629944,observed
42,43,70,0.22661492228507996,observed
42,43,71,0.18899354338645935,observed
42,43,72,0.2822815775871277,observed
42,43,73,0.2311117947101593,observed
42,43,74,0.19149817526340485,observed
42,43,75,0.2291392982006073,observed
42,43,76,0.4090214669704437,observed
42,43,77,0.3767921030521393,observed
42,43,78,0.2185637652873993,observed
42,43,79,0.21136066317558289,observed
42,43,80,0.2408428192138672,observed
42,43,81,0.2111315280199051,observed
42,43,82,0.2009764462709427,observed
42,43,83,0.18137556314468384,observed
42,43,84,0.18886113166809082,observed
42,43,85,0.19202584028244019,observed
42,43,86,0.255668580532074,observed
42,43,87,0.2242295742034912,observed
42,43,88,0.2238851636648178,observed
42,43,89,0.24072401225566864,observed
42,43,90,0.21781368553638458,observed
42,43,91,0.19479413330554962,observed
42,43,92,0.2112760841846466,observed
42,43,93,0.23250757157802582,observed
42,43,94,0.21060073375701904,observed
42,43,95,0.1963999718427658,observed
42,43,96,0.20279981195926666,observed
42,43,97,0.20415948331356049,observed
42,43,98,0.22836185991764069,observed
42,43,99,0.1974978744983673,observed
42,43,100,0.7587910890579224,observed
42,43,101,0.19602839648723602,observed
42,43,102,0.20957602560520172,observed
42,43,103,0.2692686915397644,observed
42,43,104,0.26374009251594543,observed
42,43,105,0.18577976524829865,observed
42,43,106,0.23083584010601044,observed
42,43,107,0.21733985841274261,observed
42,43,108,0.24697567522525787,observed
42,43,109,0.21132996678352356,observed
42,43,110,0.21803544461727142,observed
42,43,111,0.2134033888578415,observed
42,43,112,0.22675201296806335,observed
42,43,113,0.3957568109035492,observed
42,43,114,0.22199410200119019,observed
42,43,115,0.19584758579730988,observed
42,43,116,0.2535213828086853,observed
42,43,117,0.20919474959373474,observed
42,43,118,0.23156028985977173,observed
42,43,119,0.19468875229358673,observed
42,43,120,0.1813237965106964,observed
42,43,121,0.255937784910202,observed
42,43,122,0.1991608738899231,observed
42,43,123,0.202140212059021,observed
42,43,124,0.40074509382247925,observed
42,43,125,0.26603928208351135,observed
42,43,126,0.19833025336265564,observed
42,43,127,0.21372352540493011,observed
42,43,128,0.19850897789001465,observed
42,43,129,0.20651023089885712,observed
42,43,130,0.19262176752090454,observed
42,43,131,0.17848563194274902,observed
42,43,132,0.21706844866275787,observed
42,43,133,0.19235530495643616,observed
42,43,134,0.22120705246925354,observed
42,43,135,0.22436651587486267,observed
42,43,136,0.21394313871860504,observed
42,43,137,0.2086220383644104,observed
42,43,138,0.19020307064056396,observed
42,43,139,0.39454028010368347,observed
42,43,140,0.2686491310596466,observed
42,43,141,0.3228973150253296,observed
42,43,142,0.20080122351646423,observed
42,43,143,0.20934422314167023,observed
42,43,144,0.2362731248140335,observed
42,43,145,0.22552534937858582,observed
42,43,146,0.7794063091278076,observed
42,43,147,0.21537259221076965,observed
42,43,148,0.5774886608123779,observed
42,43,149,0.21371155977249146,observed
42,43,150,0.19810928404331207,observed
42,43,151,0.23431120812892914,observed
42,43,152,0.21020038425922394,observed
42,43,153,0.20396219193935394,observed
42,43,154,0.21701504290103912,observed
42,43,155,0.24286101758480072,observed
42,43,156,0.1943720132112503,observed
42,43,157,0.2270679622888565,observed
42,43,158,0.21448281407356262,observed
42,43,159,0.23179660737514496,observed
42,43,160,0.2177567183971405,observed
42,43,161,0.20278801023960114,observed
42,43,162,0.2207978218793869,observed
42,43,163,0.7624551057815552,observed
42,43,164,0.1891021579504013,observed
42,43,165,0.2068728804588318,observed
42,43,166,0.23799443244934082,observed
42,43,167,0.21138828992843628,observed
42,43,168,0.4347839653491974,observed
42,43,169,0.2258429080247879,observed
42,43,170,0.21985317766666412,observed
42,43,171,0.22113889455795288,observed
42,43,172,0.2602148950099945,observed
42,43,173,0.2457599937915802,observed
42,43,174,0.238177090883255,observed
42,43,175,0.1921503096818924,observed
42,43,176,0.5597144961357117,observed
42,43,177,0.2489079385995865,observed
42,43,178,0.21062548458576202,observed
42,43,179,0.20895758271217346,observed
42,43,180,0.2357403188943863,observed
42,43,181,0.20109157264232635,observed
42,43,182,0.21744787693023682,observed
42,43,183,0.19664299488067627,observed
42,43,184,0.19440241158008575,observed
42,43,185,0.23856976628303528,observed
42,43,186,0.19849459826946259,observed
42,43,187,0.19577929377555847,observed
42,43,188,0.2334669530391693,observed
42,43,189,0.22442291676998138,observed
42,43,190,0.21843089163303375,observed
42,43,191,0.20443466305732727,observed
42,43,192,0.19936209917068481,observed
42,43,193,0.22742342948913574,observed
42,43,194,0.20774686336517334,observed
42,43,195,0.21489271521568298,observed
42,43,196,0.23488470911979675,observed
42,43,197,0.21009913086891174,observed
42,43,198,0.23018446564674377,observed
42,43,199,0.20399682223796844,observed
42,43,200,0.2158278524875641,observed
42,43,201,0.20380045473575592,observed
42,43,202,0.18845519423484802,observed
42,43,203,0.19243572652339935,observed
42,43,204,0.2287517488002777,observed
42,43,205,0.2368532419204712,observed
42,43,206,0.32647794485092163,observed
42,43,207,0.2151479423046112,observed
42,43,208,0.2764580249786377,observed
42,43,209,0.221671000123024,observed
42,43,210,0.2718425989151001,observed
42,43,211,0.23275800049304962,observed
42,43,212,0.20908504724502563,observed
42,43,213,0.44162341952323914,observed
42,43,214,0.22769729793071747,observed
42,43,215,0.2196863889694214,observed
42,43,216,0.21685974299907684,observed
42,43,217,0.8560893535614014,observed
42,43,218,0.20048965513706207,observed
42,43,219,0.22896993160247803,observed
42,43,220,0.2126878798007965,observed
42,43,221,0.18755939602851868,observed
42,43,222,0.21948720514774323,observed
42,43,223,0.18627259135246277,observed
42,43,224,0.19282273948192596,observed
42,43,225,0.1968534141778946,observed
42,43,226,0.27182236313819885,observed
42,43,227,0.3061169683933258,observed
42,43,228,0.23868350684642792,observed
42,43,229,0.21228930354118347,observed
42,43,230,0.2718693017959595,observed
42,43,231,0.22852762043476105,observed
42,43,232,0.25590139627456665,observed
42,43,233,0.25530490279197693,observed
42,43,234,0.18266978859901428,observed
42,43,235,0.19637787342071533,observed
42,43,236,0.24452278017997742,observed
42,43,237,0.20164979994297028,observed
42,43,238,0.19242165982723236,observed
42,43,239,0.20734544098377228,observed
42,43,240,0.18489785492420197,observed
42,43,241,0.20765464007854462,observed
42,43,242,0.22187075018882751,observed
42,43,243,0.19615057110786438,observed
42,43,244,0.22699156403541565,observed
42,43,245,0.2068961262702942,observed
42,43,246,0.2364635020494461,observed
42,43,247,0.252339631319046,observed
42,43,248,0.19547238945960999,observed
42,43,249,0.195821151137352,observed
42,43,250,0.22509290277957916,observed
42,43,251,0.2764716148376465,observed
42,43,252,0.19713135063648224,observed
42,43,253,0.22623272240161896,observed
42,43,254,0.2441394180059433,observed
42,43,255,0.21354740858078003,observed
42,43,256,0.21166831254959106,observed
42,43,257,0.20602616667747498,observed
42,43,258,0.21647170186042786,observed
42,43,259,0.23911406099796295,observed
42,43,260,0.20774096250534058,observed
42,43,261,0.24376988410949707,observed
42,43,262,0.2140670120716095,observed
42,43,263,0.21239173412322998,observed
42,43,264,0.2237926423549652,observed
42,43,265,0.208939790725708,observed
42,43,266,0.21748614311218262,observed
42,43,267,0.25413504242897034,observed
42,43,268,0.2392360419034958,observed
42,43,269,0.24541699886322021,observed
42,43,270,0.2191900610923767,observed
42,43,271,0.21057383716106415,observed
42,43,272,0.21152888238430023,observed
42,43,273,0.20906367897987366,observed
42,43,274,0.20660549402236938,observed
42,43,275,0.2297447919845581,observed
42,43,276,0.20240208506584167,observed
42,43,277,0.22727130353450775,observed
42,43,278,0.3407188653945923,observed
42,43,279,0.21313320100307465,observed
42,43,280,0.2079007774591446,observed
42,43,281,0.19379127025604248,observed
42,43,282,0.2792879045009613,observed
42,43,283,0.23601479828357697,observed
42,43,284,0.22453682124614716,observed
42,43,285,0.1698894500732422,observed
42,43,286,0.1973695456981659,observed
42,43,287,0.19705988466739655,observed
42,43,288,0.2935171127319336,observed
42,43,289,0.21530616283416748,observed
42,43,290,0.2004057765007019,observed
42,43,291,0.1854609102010727,observed
42,43,292,0.2297130674123764,observed
42,43,293,0.23760078847408295,observed
42,43,294,0.21731352806091309,observed
42,43,295,0.2725575566291809,observed
42,43,296,0.23468032479286194,observed
42,43,297,0.19939030706882477,observed
42,43,298,0.24698486924171448,observed
42,43,299,0.23553645610809326,observed
42,43,300,0.22639887034893036,observed
42,43,301,0.24175135791301727,observed
42,43,302,0.22576485574245453,observed
42,43,303,0.22577491402626038,observed
42,43,304,0.197862446308136,observed
42,43,305,0.22192364931106567,observed
42,43,306,0.21570543944835663,observed
42,43,307,0.19778652489185333,observed
42,43,308,0.21338148415088654,observed
42,43,309,0.3620094656944275,observed
42,43,310,0.18765263259410858,observed
42,43,311,0.25329646468162537,observed
42,43,312,0.22544710338115692,observed
42,43,313,0.20179662108421326,observed
42,43,314,0.22974973917007446,observed
42,43,315,0.217900350689888,observed
42,43,316,0.21473371982574463,observed
42,43,317,0.23391830921173096,observed
42,43,318,0.1881728619337082,observed
42,43,319,0.23469850420951843,observed
42,43,320,0.2087036520242691,observed
42,43,321,0.25298717617988586,observed
42,43,322,0.3534443974494934,observed
42,43,323,0.19366303086280823,observed
42,43,324,0.18701839447021484,observed
42,43,325,0.3130531311035156,observed
42,43,326,0.18132460117340088,observed
42,43,327,0.21646466851234436,observed
42,43,328,0.20684674382209778,observed
42,43,329,0.19774816930294037,observed
42,43,330,0.3791540265083313,observed
42,43,331,0.22096680104732513,observed
42,43,332,0.22663277387619019,observed
42,43,333,0.19845548272132874,observed
42,43,334,0.24619030952453613,observed
42,43,335,0.252678245306015,observed
42,43,336,0.18697279691696167,observed
42,43,337,0.2180926650762558,observed
42,43,338,0.23179946839809418,observed
42,43,339,0.19541148841381073,observed
42,43,340,0.21762417256832123,observed
42,43,341,0.19903486967086792,observed
42,43,342,0.27048981189727783,observed
42,43,343,0.26245343685150146,observed
42,43,344,0.23382540047168732,observed
42,43,345,0.22939936816692352,observed
42,43,346,0.4662003517150879,observed
42,43,347,0.19978390634059906,observed
42,43,348,0.21458859741687775,observed
42,43,349,0.20166043937206268,observed
42,43,350,0.19175322353839874,observed
42,43,351,0.19724251329898834,observed
42,43,352,0.2791886031627655,observed
42,43,353,0.7428537011146545,observed
42,43,354,0.8939167857170105,observed
42,43,355,0.20960883796215057,observed
42,43,356,0.24329639971256256,observed
42,43,357,0.1982671618461609,observed
42,43,358,0.21641874313354492,observed
42,43,359,0.23491942882537842,observed
42,43,360,0.40799763798713684,observed
42,43,361,0.2246638834476471,observed
42,43,362,0.21800237894058228,observed
42,43,363,0.35499852895736694,observed
42,43,364,0.2195742428302765,observed
42,43,365,0.22516946494579315,observed
42,43,366,0.24733132123947144,observed
42,43,367,0.17816773056983948,observed
42,43,368,0.2336178719997406,observed
42,43,369,0.1971098631620407,observed
42,43,370,0.2026241272687912,observed
42,43,371,0.21864119172096252,observed
42,43,372,0.20208825170993805,observed
42,43,373,0.20333881676197052,observed
42,43,374,0.21431398391723633,observed
42,43,375,0.24805448949337006,observed
42,43,376,0.18166442215442657,observed
42,43,377,0.22211289405822754,observed
42,43,378,0.2092389613389969,observed
42,43,379,0.22354523837566376,observed
42,43,380,0.2396554946899414,observed
42,43,381,0.3477040231227875,observed
42,43,382,0.20238420367240906,observed
42,43,383,0.2309768795967102,observed
42,43,384,0.1920740306377411,observed
42,43,385,0.18896988034248352,observed
42,43,386,0.25171002745628357,observed
42,43,387,0.8730969429016113,observed
42,43,388,0.22832922637462616,observed
42,43,389,0.19592109322547913,observed
42,43,390,0.19147145748138428,observed
42,43,391,0.2760925590991974,observed
42,43,392,0.22777999937534332,observed
42,43,393,0.20713496208190918,observed
42,43,394,0.20795081555843353,observed
42,43,395,0.21417048573493958,observed
42,43,396,0.22052067518234253,observed
42,43,397,0.20603999495506287,observed
42,43,398,0.2258591651916504,observed
42,43,399,0.23208199441432953,observed
42,43,400,0.2353830188512802,observed
42,43,401,0.24444636702537537,observed
42,43,402,0.20594914257526398,observed
42,43,403,0.18676918745040894,observed
42,43,404,0.2206132560968399,observed
42,43,405,0.22046296298503876,observed
42,43,406,0.21941334009170532,observed
42,43,407,0.23561713099479675,observed
42,43,408,0.22727210819721222,observed
42,43,409,0.20866501331329346,observed
42,43,410,0.20106454193592072,observed
42,43,411,0.22679568827152252,observed
42,43,412,0.20811407268047333,observed
42,43,413,0.22369743883609772,observed
42,43,414,0.23548662662506104,observed
42,43,415,0.260177880525589,observed
42,43,416,0.24025018513202667,observed
42,43,417,0.2042517066001892,observed
42,43,418,0.20358940958976746,observed
42,43,419,0.6643552184104919,observed
42,43,420,0.21629662811756134,observed
42,43,421,0.19354723393917084,observed
42,43,422,0.2587907314300537,observed
42,43,423,0.21935248374938965,observed
42,43,424,0.2021595984697342,observed
42,43,425,0.21257944405078888,observed
42,43,426,0.19289691746234894,observed
42,43,427,0.21434339880943298,observed
42,43,428,0.2011307179927826,observed
42,43,429,0.23826467990875244,observed
42,43,430,0.20782366394996643,observed
42,43,431,0.1946404129266739,observed
42,43,432,0.1943647861480713,observed
42,43,433,0.17856892943382263,observed
42,43,434,0.2014479786157608,observed
42,43,435,0.2317420393228531,observed
42,43,436,0.224960595369339,observed
42,43,437,0.20504355430603027,observed
42,43,438,0.2419353872537613,observed
42,43,439,0.2886124551296234,observed
42,43,440,0.22915112972259521,observed
42,43,441,0.9055327773094177,observed
42,43,442,0.6450539827346802,observed
42,43,443,0.1832047402858734,observed
42,43,444,0.192949578166008,observed
42,43,445,0.2592201232910156,observed
42,43,446,0.22118981182575226,observed
42,43,447,0.21325241029262543,observed
42,43,448,0.3054506778717041,observed
42,43,449,0.21653413772583008,observed
42,43,450,0.2249741554260254,observed
42,43,451,0.20087459683418274,observed
42,43,452,0.21257604658603668,observed
42,43,453,0.35455694794654846,observed
42,43,454,0.21578072011470795,observed
42,43,455,0.2003280222415924,observed
42,43,456,0.22691315412521362,observed
42,43,457,0.23712746798992157,observed
42,43,458,0.22320006787776947,observed
42,43,459,0.18107032775878906,observed
42,43,460,0.22531068325042725,observed
42,43,461,0.19407027959823608,observed
42,43,462,0.2175997495651245,observed
42,43,463,0.18621326982975006,observed
42,43,464,0.19672566652297974,observed
42,43,465,0.2672225832939148,observed
42,43,466,0.21532514691352844,observed
42,43,467,0.2110643982887268,observed
42,43,468,0.2772708237171173,observed
42,43,469,0.230703204870224,observed
42,43,470,0.3847333490848541,observed
42,43,471,0.2221248596906662,observed
42,43,472,0.23669880628585815,observed
42,43,473,0.22440625727176666,observed
42,43,474,0.1931857019662857,observed
42,43,475,0.21726444363594055,observed
42,43,476,0.22275030612945557,observed
42,43,477,0.2322978973388672,observed
42,43,478,0.20246784389019012,observed
42,43,479,0.20804522931575775,observed
42,43,480,0.18016844987869263,observed
42,43,481,0.2154472917318344,observed
42,43,482,0.2273818850517273,observed
42,43,483,0.33427175879478455,observed
42,43,484,0.21273386478424072,observed
42,43,485,0.19282811880111694,observed
42,43,486,0.23931093513965607,observed
42,43,487,0.19289100170135498,observed
42,43,488,0.19837737083435059,observed
42,43,489,0.20294171571731567,observed
42,43,490,0.22123035788536072,observed
42,43,491,0.17761725187301636,observed
42,43,492,0.18952448666095734,observed
42,43,493,0.27252286672592163,observed
42,43,494,0.2883411943912506,observed
42,43,495,0.22357068955898285,observed
42,43,496,0.24694129824638367,observed
42,43,497,0.23993384838104248,observed
42,43,498,0.2069547474384308,observed
42,43,499,0.210953950881958,observed
42,43,500,0.19797320663928986,observed
42,43,501,0.2426886111497879,observed
42,43,502,0.2000967264175415,observed
42,43,503,0.20775596797466278,observed
42,43,504,0.19352969527244568,observed
42,43,505,0.27992746233940125,observed
42,43,506,0.22538572549819946,observed
42,43,507,0.19401130080223083,observed
42,43,508,0.2442619353532791,observed
42,43,509,0.21889391541481018,observed
42,43,510,0.23412436246871948,observed
42,43,511,0.23466214537620544,observed
42,43,512,0.216344952583313,observed
42,43,513,0.1928136795759201,observed
42,43,514,0.23567938804626465,observed
42,43,515,0.20621486008167267,observed
42,43,516,0.1856294423341751,observed
42,43,517,0.26836836338043213,observed
42,43,518,0.21682114899158478,observed
42,43,519,0.21783597767353058,observed
42,43,520,0.24423737823963165,observed
42,43,521,0.23139016330242157,observed
42,43,522,0.23813490569591522,observed
42,43,523,0.23010322451591492,observed
42,43,524,0.2176501452922821,observed
42,43,525,0.21626031398773193,observed
42,43,526,0.20211413502693176,observed
42,43,527,0.2124612182378769,observed
42,43,528,0.42182138562202454,observed
42,43,529,0.4068659543991089,observed
42,43,530,0.21372921764850616,observed
42,43,531,0.21013781428337097,observed
42,43,532,0.21034947037696838,observed
42,43,533,0.20634517073631287,observed
42,43,534,0.19980302453041077,observed
42,43,535,0.22483162581920624,observed
42,43,536,0.2536466121673584,observed
42,43,537,0.19394297897815704,observed
42,43,538,0.7259666323661804,observed
42,43,539,0.28450798988342285,observed
42,43,540,0.19678454101085663,observed
42,43,541,0.20615331828594208,observed
42,43,542,0.19551698863506317,observed
42,43,543,0.2487211972475052,observed
42,43,544,0.2103041559457779,observed
42,43,545,0.2295701801776886,observed
42,43,546,0.21612557768821716,observed
42,43,547,0.26609864830970764,observed
42,43,548,0.22888094186782837,observed
42,43,549,0.22274814546108246,observed
42,43,550,0.2085905522108078,observed
42,43,551,0.2470569759607315,observed
42,43,552,0.23960530757904053,observed
42,43,553,0.1755487620830536,observed
42,43,554,0.2309097796678543,observed
42,43,555,0.2370542585849762,observed
42,43,556,0.18369348347187042,observed
42,43,557,0.8335649371147156,observed
42,43,558,0.21693646907806396,observed
42,43,559,0.22085440158843994,observed
42,43,560,0.24317097663879395,observed
42,43,561,0.2247365266084671,observed
42,43,562,0.1937505602836609,observed
42,43,563,0.20758117735385895,observed
42,43,564,0.22732849419116974,observed
42,43,565,0.2161906212568283,observed
42,43,566,0.22169212996959686,observed
42,43,567,0.22481751441955566,observed
42,43,568,0.22449615597724915,observed
42,43,569,0.28516921401023865,observed
42,43,570,0.2250063419342041,observed
42,43,571,0.22275659441947937,observed
42,43,572,0.25128158926963806,observed
42,43,573,0.22867965698242188,observed
42,43,574,0.24357078969478607,observed
42,43,575,0.23516544699668884,observed
42,43,576,0.2337736040353775,observed
42,43,577,0.18988578021526337,observed
42,43,578,0.2519649267196655,observed
42,43,579,0.22254900634288788,observed
42,43,580,0.5039199590682983,observed
42,43,581,0.2219775915145874,observed
42,43,582,0.17560718953609467,observed
42,43,583,0.21710538864135742,observed
42,43,584,0.18393388390541077,observed
42,43,585,0.18732839822769165,observed
42,43,586,0.21374034881591797,observed
42,43,587,0.2190171480178833,observed
42,43,588,0.20692114531993866,observed
42,43,589,0.21320833265781403,observed
42,43,590,0.2303134799003601,observed
42,43,591,0.2324342280626297,observed
42,43,592,0.24104134738445282,observed
42,43,593,0.5183566212654114,observed
42,43,594,0.19711458683013916,observed
42,43,595,0.2348814308643341,observed
42,43,596,0.24246634542942047,observed
42,43,597,0.17877879738807678,observed
42,43,598,0.24899286031723022,observed
42,43,599,0.2578665614128113,observed
42,43,600,0.20991072058677673,observed
42,43,601,0.21944773197174072,observed
42,43,602,0.202094167470932,observed
42,43,603,0.2139308601617813,observed
42,43,604,0.1896078884601593,observed
42,43,605,0.35912245512008667,observed
42,43,606,0.21131353080272675,observed
42,43,607,0.21378792822360992,observed
42,43,608,0.49715977907180786,observed
42,43,609,0.2156076431274414,observed
42,43,610,0.18954098224639893,observed
42,43,611,0.1990569680929184,observed
42,43,612,0.22577057778835297,observed
42,43,613,0.20283955335617065,observed
42,43,614,0.1869744062423706,observed
42,43,615,0.19726471602916718,observed
42,43,616,0.1964724212884903,observed
42,43,617,0.26162251830101013,observed
42,43,618,0.1983020156621933,observed
42,43,619,0.20222847163677216,observed
42,43,620,0.20895056426525116,observed
42,43,621,0.20036065578460693,observed
42,43,622,0.19673174619674683,observed
42,43,623,0.23708732426166534,observed
42,43,624,0.24796800315380096,observed
42,43,625,0.24128533899784088,observed
42,43,626,0.17399422824382782,observed
42,43,627,0.20518049597740173,observed
42,43,628,0.19724012911319733,observed
42,43,629,0.24870078265666962,observed
42,43,630,0.1885949671268463,observed
42,43,631,0.23138819634914398,observed
42,43,632,0.41480180621147156,observed
42,43,633,0.20832571387290955,observed
42,43,634,0.19321149587631226,observed
42,43,635,0.2270931750535965,observed
42,43,636,0.20142602920532227,observed
42,43,637,0.3933326303958893,observed
42,43,638,0.23581406474113464,observed
42,43,639,0.2032860666513443,observed
42,43,640,0.20406463742256165,observed
42,43,641,0.19272419810295105,observed
42,43,642,0.5876549482345581,observed
42,43,643,0.2507772147655487,observed
42,43,644,0.23686426877975464,observed
42,43,645,0.20919030904769897,observed
42,43,646,0.2642572224140167,observed
42,43,647,0.2621951699256897,observed
42,43,648,0.2085149586200714,observed
42,43,649,0.22504472732543945,observed
42,43,650,0.21182869374752045,observed
42,43,651,0.22177885472774506,observed
42,43,652,0.22356538474559784,observed
42,43,653,0.20436815917491913,observed
42,43,654,0.18952025473117828,observed
42,43,655,0.2749117612838745,observed
42,43,656,0.2020817995071411,observed
42,43,657,0.23410004377365112,observed
42,43,658,0.2101089209318161,observed
42,43,659,0.23453137278556824,observed
42,43,660,0.214388906955719,observed
42,43,661,0.20023980736732483,observed
42,43,662,0.19783493876457214,observed
42,43,663,0.22752544283866882,observed
42,43,664,0.18518435955047607,observed
42,43,665,0.2097981870174408,observed
42,43,666,0.25131452083587646,observed
42,43,667,0.2099098116159439,observed
42,43,668,0.2069900631904602,observed
42,43,669,0.21110986173152924,observed
42,43,670,0.22665219008922577,observed
42,43,671,0.2348514050245285,observed
42,43,672,0.20197494328022003,observed
42,43,673,0.18797911703586578,observed
42,43,674,0.21584060788154602,observed
42,43,675,0.20698150992393494,observed
42,43,676,0.19300097227096558,observed
42,43,677,0.20434632897377014,observed
42,43,678,0.19166815280914307,observed
42,43,679,0.19334454834461212,observed
42,43,680,0.24516211450099945,observed
42,43,681,0.2196487933397293,observed
42,43,682,0.21530500054359436,observed
42,43,683,0.24309813976287842,observed
42,43,684,0.2238810658454895,observed
42,43,685,0.21970660984516144,observed
42,43,686,0.20011009275913239,observed
42,43,687,0.1995929479598999,observed
42,43,688,0.2490968555212021,observed
42,43,689,0.22601085901260376,observed
42,43,690,0.2103012353181839,observed
42,43,691,0.2936989367008209,observed
42,43,692,0.38957664370536804,observed
42,43,693,0.22593489289283752,observed
42,43,694,0.18391543626785278,observed
42,43,695,0.21786880493164062,observed
42,43,696,0.2240074872970581,observed
42,43,697,0.20823651552200317,observed
42,43,698,0.28295132517814636,observed
42,43,699,0.21065126359462738,observed
42,43,700,0.21318623423576355,observed
42,43,701,0.2116568386554718,observed
42,43,702,0.21996739506721497,observed
42,43,703,0.3637782633304596,observed
42,43,704,0.19882266223430634,observed
42,43,705,0.2435484230518341,observed
42,43,706,0.18789514899253845,observed
42,43,707,0.21213018894195557,observed
42,43,708,0.22851188480854034,observed
42,43,709,0.21368257701396942,observed
42,43,710,0.19957256317138672,observed
42,43,711,0.1998249739408493,observed
42,43,712,0.23550653457641602,observed
42,43,713,0.20326967537403107,observed
42,43,714,0.22130122780799866,observed
42,43,715,0.2573207914829254,observed
42,43,716,0.19350773096084595,observed
42,43,717,0.20532958209514618,observed
42,43,718,0.2087358981370926,observed
42,43,719,0.47096583247184753,observed
42,43,720,0.21711769700050354,observed
42,43,721,0.23605884611606598,observed
42,43,722,0.19181586802005768,observed
42,43,723,0.25986188650131226,observed
42,43,724,0.21563713252544403,observed
42,43,725,0.3180011212825775,observed
42,43,726,0.2041885256767273,observed
42,43,727,0.18341012299060822,observed
42,43,728,0.2168131023645401,observed
42,43,729,0.1908591091632843,observed
42,43,730,0.19647791981697083,observed
42,43,731,0.2157377153635025,observed
42,43,732,0.2238519787788391,observed
42,43,733,0.20929396152496338,observed
42,43,734,0.21822446584701538,observed
42,43,735,0.20815421640872955,observed
42,43,736,0.22169563174247742,observed
42,43,737,0.1819867193698883,observed
42,43,738,0.20530478656291962,observed
42,43,739,0.1914728283882141,observed
42,43,740,0.19984303414821625,observed
42,43,741,0.5523054003715515,observed
42,43,742,0.22777153551578522,observed
42,43,743,0.20009709894657135,observed
42,43,744,0.19104605913162231,observed
42,43,745,0.21293573081493378,observed
42,43,746,0.1889493763446808,observed
42,43,747,0.18446268141269684,observed
42,43,748,0.5095317363739014,observed
42,43,749,0.18672771751880646,observed
42,43,750,0.2245260328054428,observed
42,43,751,0.2516374886035919,observed
42,43,752,0.18007035553455353,observed
42,43,753,0.27046626806259155,observed
42,43,754,0.22283349931240082,observed
42,43,755,0.20629377663135529,observed
42,43,756,0.24137137830257416,observed
42,43,757,0.22140273451805115,observed
42,43,758,0.2198551595211029,observed
42,43,759,0.19048209488391876,observed
42,43,760,0.2251080572605133,observed
42,43,761,0.2103549838066101,observed
42,43,762,0.20070227980613708,observed
42,43,763,0.23788613080978394,observed
42,43,764,0.17831732332706451,observed
42,43,765,0.24403075873851776,observed
42,43,766,0.22781769931316376,observed
42,43,767,0.19468624889850616,observed
42,43,768,0.21140077710151672,observed
42,43,769,0.31596076488494873,observed
42,43,770,0.20371471345424652,observed
42,43,771,0.19270236790180206,observed
42,43,772,0.2008463442325592,observed
42,43,773,0.2119225114583969,observed
42,43,774,0.19281888008117676,observed
42,43,775,0.21184051036834717,observed
42,43,776,0.2311195582151413,observed
42,43,777,0.1929675042629242,observed
42,43,778,0.23485170304775238,observed
42,43,779,0.23139093816280365,observed
42,43,780,0.2177952527999878,observed
42,43,781,0.235569030046463,observed
42,43,782,0.2534009516239166,observed
42,43,783,0.23880524933338165,observed
42,43,784,0.2675321400165558,observed
42,43,785,0.2093547284603119,observed
42,43,786,0.18370120227336884,observed
42,43,787,0.20587295293807983,observed
42,43,788,0.22053568065166473,observed
42,43,789,0.22510673105716705,observed
42,43,790,0.19877323508262634,observed
42,43,791,0.21836841106414795,observed
42,43,792,0.20761224627494812,observed
42,43,793,0.21876011788845062,observed
42,43,794,0.22523199021816254,observed
42,43,795,0.21505120396614075,observed
42,43,796,0.1980881541967392,observed
42,43,797,0.2062745839357376,observed
42,43,798,0.2151160091161728,observed
42,43,799,0.20402811467647552,observed
42,43,800,0.7245508432388306,observed
42,43,801,0.2852836549282074,observed
42,43,802,0.21827469766139984,observed
42,43,803,0.28991320729255676,observed
42,43,804,0.20521824061870575,observed
42,43,805,0.21843324601650238,observed
42,43,806,0.6343451738357544,observed
42,43,807,0.5561206936836243,observed
42,43,808,0.24760451912879944,observed
42,43,809,0.1872086524963379,observed
42,43,810,0.17917439341545105,observed
42,43,811,0.1931757777929306,observed
42,43,812,0.21808713674545288,observed
42,43,813,0.3096363842487335,observed
42,43,814,0.2026098370552063,observed
42,43,815,0.20199504494667053,observed
42,43,816,0.20697075128555298,observed
42,43,817,0.20151613652706146,observed
42,43,818,0.2380739003419876,observed
42,43,819,0.24522721767425537,observed
42,43,820,0.23261584341526031,observed
42,43,821,0.21056586503982544,observed
42,43,822,0.22933632135391235,observed
42,43,823,0.19151435792446136,observed
42,43,824,0.3258451819419861,observed
42,43,825,0.21134354174137115,observed
42,43,826,0.21225135028362274,observed
42,43,827,0.20732355117797852,observed
42,43,828,0.22838056087493896,observed
42,43,829,0.20844684541225433,observed
42,43,830,0.2277599573135376,observed
42,43,831,0.4129463732242584,observed
42,43,832,0.22384154796600342,observed
42,43,833,0.2683199644088745,observed
42,43,834,0.1954505741596222,observed
42,43,835,0.2562234699726105,observed
42,43,836,0.2090558260679245,observed
42,43,837,0.21244017779827118,observed
42,43,838,0.2071409821510315,observed
42,43,839,0.22637484967708588,observed
42,43,840,0.2710067331790924,observed
42,43,841,0.2532748878002167,observed
42,43,842,0.1943349689245224,observed
42,43,843,0.19845730066299438,observed
42,43,844,0.21098701655864716,observed
42,43,845,0.25135478377342224,observed
42,43,846,0.1899050772190094,observed
42,43,847,0.19338946044445038,observed
42,43,848,0.2551613450050354,observed
42,43,849,0.1842542439699173,observed
42,43,850,0.22610615193843842,observed
42,43,851,0.23116809129714966,observed
42,43,852,0.21782541275024414,observed
42,43,853,0.22733348608016968,observed
42,43,854,0.7775570750236511,observed
42,43,855,0.20178349316120148,observed
42,43,856,0.20968466997146606,observed
42,43,857,0.21143440902233124,observed
42,43,858,0.21879516541957855,observed
42,43,859,0.2558772563934326,observed
42,43,860,0.2009696066379547,observed
42,43,861,0.19164790213108063,observed
42,43,862,0.21855328977108002,observed
42,43,863,0.2269572615623474,observed
42,43,864,0.2057206630706787,observed
42,43,865,0.23977474868297577,observed
42,43,866,0.24875260889530182,observed
42,43,867,0.20770591497421265,observed
42,43,868,0.22138750553131104,observed
42,43,869,0.20845264196395874,observed
42,43,870,0.21508650481700897,observed
42,43,871,0.1950017809867859,observed
42,43,872,0.21929429471492767,observed
42,43,873,0.22167576849460602,observed
42,43,874,0.21401768922805786,observed
42,43,875,0.192958801984787,observed
42,43,876,0.210983008146286,observed
42,43,877,0.4078563153743744,observed
42,43,878,0.24088412523269653,observed
42,43,879,0.18507705628871918,observed
42,43,880,0.8447263240814209,observed
42,43,881,0.21479466557502747,observed
42,43,882,0.25004369020462036,observed
42,43,883,0.2007092386484146,observed
42,43,884,0.23036231100559235,observed
42,43,885,0.22193951904773712,observed
42,43,886,0.36867576837539673,observed
42,43,887,0.23545965552330017,observed
42,43,888,0.22678571939468384,observed
42,43,889,0.21771100163459778,observed
42,43,890,0.24597084522247314,observed
42,43,891,0.2051176130771637,observed
42,43,892,0.2095477432012558,observed
42,43,893,0.19769959151744843,observed
42,43,894,0.2586168050765991,observed
42,43,895,0.21028411388397217,observed
42,43,896,0.21435478329658508,observed
42,43,897,0.2330981343984604,observed
42,43,898,0.2274445742368698,observed
42,43,899,0.2074746936559677,observed
42,43,900,0.2317715287208557,observed
42,43,901,0.417186975479126,observed
42,43,902,0.2231825441122055,observed
42,43,903,0.22327649593353271,observed
42,43,904,0.2191610336303711,observed
42,43,905,0.2349027544260025,observed
42,43,906,0.2347821444272995,observed
42,43,907,0.33746087551116943,observed
42,43,908,0.20547936856746674,observed
42,43,909,0.2448905110359192,observed
42,43,910,0.29730910062789917,observed
42,43,911,0.21066686511039734,observed
42,43,912,0.20639686286449432,observed
42,43,913,0.2226662039756775,observed
42,43,914,0.19883757829666138,observed
42,43,915,0.2157067060470581,observed
42,43,916,0.21923132240772247,observed
42,43,917,0.1956295371055603,observed
42,43,918,0.5962615609169006,observed
42,43,919,0.2309093028306961,observed
42,43,920,0.21272097527980804,observed
42,43,921,0.2005777359008789,observed
42,43,922,0.19242241978645325,observed
42,43,923,0.17543697357177734,observed
42,43,924,0.27400732040405273,observed
42,43,925,0.1952000856399536,observed
42,43,926,0.21464894711971283,observed
42,43,927,0.248554065823555,observed
42,43,928,0.1930341273546219,observed
42,43,929,0.2078837752342224,observed
42,43,930,0.2017882764339447,observed
42,43,931,0.21400684118270874,observed
42,43,932,0.1962161660194397,observed
42,43,933,0.24337799847126007,observed
42,43,934,0.1977410614490509,observed
42,43,935,0.2142387479543686,observed
42,43,936,0.2233373522758484,observed
42,43,937,0.21972204744815826,observed
42,43,938,0.20069338381290436,observed
42,43,939,0.1999371349811554,observed
42,43,940,0.21953389048576355,observed
42,43,941,0.22524960339069366,observed
42,43,942,0.22429513931274414,observed
42,43,943,0.20110468566417694,observed
42,43,944,0.20326760411262512,observed
42,43,945,0.214731365442276,observed
42,43,946,0.22503583133220673,observed
42,43,947,0.2225557416677475,observed
42,43,948,0.22434845566749573,observed
42,43,949,0.21142637729644775,observed
42,43,950,0.20622065663337708,observed
42,43,951,0.2171160727739334,observed
42,43,952,0.45820122957229614,observed
42,43,953,0.3242987096309662,observed
42,43,954,0.24073290824890137,observed
42,43,955,0.21192482113838196,observed
42,43,956,0.24323634803295135,observed
42,43,957,0.2229851931333542,observed
42,43,958,0.29736316204071045,observed
42,43,959,0.23850633203983307,observed
42,43,960,0.2137255221605301,observed
42,43,961,0.19193775951862335,observed
42,43,962,0.21182934939861298,observed
42,43,963,0.24258819222450256,observed
42,43,964,0.17792925238609314,observed
42,43,965,0.1886281967163086,observed
42,43,966,0.2072964310646057,observed
42,43,967,0.20110547542572021,observed
42,43,968,0.21063946187496185,observed
42,43,969,0.20031972229480743,observed
42,43,970,0.2137492299079895,observed
42,43,971,0.20209693908691406,observed
42,43,972,0.21955612301826477,observed
42,43,973,0.2297278195619583,observed
42,43,974,0.22084689140319824,observed
42,43,975,0.22138500213623047,observed
42,43,976,0.22956418991088867,observed
42,43,977,0.21365560591220856,observed
42,43,978,0.4265564978122711,observed
42,43,979,0.2069220393896103,observed
42,43,980,0.19684816896915436,observed
42,43,981,0.23173746466636658,observed
42,43,982,0.22991891205310822,observed
42,43,983,0.23128244280815125,observed
42,43,984,0.23714180290699005,observed
42,43,985,0.2026808261871338,observed
42,43,986,0.37319323420524597,observed
42,43,987,0.1971583217382431,observed
42,43,988,0.20438796281814575,observed
42,43,989,0.2491077482700348,observed
42,43,990,0.20990338921546936,observed
42,43,991,0.230523020029068,observed
42,43,992,0.2197963446378708,observed
42,43,993,0.2133360207080841,observed
42,43,994,0.20098286867141724,observed
42,43,995,0.2364506870508194,observed
42,43,996,0.2078733742237091,observed
42,43,997,0.20424221456050873,observed
42,43,998,0.20324988663196564,observed
42,43,999,0.20965111255645752,observed
42,43,1000,0.20589135587215424,observed
42,43,1001,0.21783433854579926,observed
42,43,1002,0.21395789086818695,observed
42,43,1003,0.37661054730415344,observed
42,43,1004,0.4367211163043976,observed
42,43,1005,0.1994621604681015,observed
42,43,1006,0.25055035948753357,observed
42,43,1007,0.2032969743013382,observed
42,43,1008,0.20452097058296204,observed
42,43,1009,0.22179237008094788,observed
42,43,1010,0.2130238264799118,observed
42,43,1011,0.22513271868228912,observed
42,43,1012,0.26698222756385803,observed
42,43,1013,0.2139900028705597,observed
42,43,1014,0.39596879482269287,observed
42,43,1015,0.21158011257648468,observed
42,43,1016,0.2020682841539383,observed
42,43,1017,0.21111848950386047,observed
42,43,1018,0.4288020730018616,observed
42,43,1019,0.20860931277275085,observed
42,43,1020,0.18647073209285736,observed
42,43,1021,0.25626277923583984,observed
42,43,1022,0.49256494641304016,observed
42,43,1023,0.2319042831659317,observed
42,44,0,0.19103693962097168,observed
42,44,1,0.19609753787517548,observed
42,44,2,0.2536954879760742,observed
42,44,3,0.2226722091436386,observed
42,44,4,0.19415943324565887,observed
42,44,5,0.2276609092950821,observed
42,44,6,0.22420381009578705,observed
42,44,7,0.2185804843902588,observed
42,44,8,0.30744579434394836,observed
42,44,9,0.21142050623893738,observed
42,44,10,0.2152470499277115,observed
42,44,11,0.20439811050891876,observed
42,44,12,0.2414427250623703,observed
42,44,13,0.20592014491558075,observed
42,44,14,0.24360232055187225,observed
42,44,15,0.21990704536437988,observed
42,44,16,0.2621794044971466,observed
42,44,17,0.21612735092639923,observed
42,44,18,0.2410856932401657,observed
42,44,19,0.19746144115924835,observed
42,44,20,0.20157025754451752,observed
42,44,21,0.20947296917438507,observed
42,44,22,0.21258366107940674,observed
42,44,23,0.205764502286911,observed
42,44,24,0.26108798384666443,observed
42,44,25,0.19560812413692474,observed
42,44,26,0.6249752640724182,observed
42,44,27,0.35291919112205505,observed
42,44,28,0.20405441522598267,observed
42,44,29,0.23031343519687653,observed
42,44,30,0.19729183614253998,observed
42,44,31,0.19448193907737732,observed
42,44,32,0.24205727875232697,observed
42,44,33,0.20855653285980225,observed
42,44,34,0.22111304104328156,observed
42,44,35,0.2064456194639206,observed
42,44,36,0.22458547353744507,observed
42,44,37,0.2008081078529358,observed
42,44,38,0.2165907919406891,observed
42,44,39,0.19778446853160858,observed
42,44,40,0.2103203535079956,observed
42,44,41,0.38292375206947327,observed
42,44,42,0.23165076971054077,observed
42,44,43,0.22983819246292114,observed
42,44,44,0.18646347522735596,observed
42,44,45,0.2175702154636383,observed
42,44,46,0.20503029227256775,observed
42,44,47,0.3290356397628784,observed
42,44,48,0.2244587391614914,observed
42,44,49,0.1875971406698227,observed
42,44,50,0.20649607479572296,observed
42,44,51,0.1862027496099472,observed
42,44,52,0.20494964718818665,observed
42,44,53,0.2122432291507721,observed
42,44,54,0.18761159479618073,observed
42,44,55,0.21626071631908417,observed
42,44,56,0.18989485502243042,observed
42,44,57,0.2845655083656311,observed
42,44,58,0.20672382414340973,observed
42,44,59,0.19777722656726837,observed
42,44,60,0.22191448509693146,observed
42,44,61,0.40125206112861633,observed
42,44,62,0.2142757624387741,observed
42,44,63,0.2118745744228363,observed
42,44,64,0.22786583006381989,observed
42,44,65,0.19985760748386383,observed
42,44,66,0.20578597486019135,observed
42,44,67,0.22515130043029785,observed
42,44,68,0.24001331627368927,observed
42,44,69,0.23036973178386688,observed
42,44,70,0.38207748532295227,observed
42,44,71,0.2086809128522873,observed
42,44,72,0.21495594084262848,observed
42,44,73,0.19848239421844482,observed
42,44,74,0.2134411782026291,observed
42,44,75,0.22031524777412415,observed
42,44,76,0.390489399433136,observed
42,44,77,0.5411553978919983,observed
42,44,78,0.18618610501289368,observed
42,44,79,0.19279250502586365,observed
42,44,80,0.19721414148807526,observed
42,44,81,0.20395982265472412,observed
42,44,82,0.21608895063400269,observed
42,44,83,0.25448834896087646,observed
42,44,84,0.1939636468887329,observed
42,44,85,0.22035066783428192,observed
42,44,86,0.19519823789596558,observed
42,44,87,0.21721723675727844,observed
42,44,88,0.19972869753837585,observed
42,44,89,0.22231170535087585,observed
42,44,90,0.23627278208732605,observed
42,44,91,0.20341277122497559,observed
42,44,92,0.2409687638282776,observed
42,44,93,0.22758373618125916,observed
42,44,94,0.19243639707565308,observed
42,44,95,0.23094744980335236,observed
42,44,96,0.202270969748497,observed
42,44,97,0.22682221233844757,observed
42,44,98,0.21129970252513885,observed
42,44,99,0.2036588042974472,observed
42,44,100,0.7698851823806763,observed
42,44,101,0.20336464047431946,observed
42,44,102,0.2558751404285431,observed
42,44,103,0.20119208097457886,observed
42,44,104,0.24886839091777802,observed
42,44,105,0.20940925180912018,observed
42,44,106,0.21853482723236084,observed
42,44,107,0.2249487191438675,observed
42,44,108,0.18647578358650208,observed
42,44,109,0.27504077553749084,observed
42,44,110,0.22024957835674286,observed
42,44,111,0.2350507527589798,observed
42,44,112,0.250261515378952,observed
42,44,113,0.42005684971809387,observed
42,44,114,0.21513457596302032,observed
42,44,115,0.20013508200645447,observed
42,44,116,0.2208956778049469,observed
42,44,117,0.20924273133277893,observed
42,44,118,0.21488870680332184,observed
42,44,119,0.23176121711730957,observed
42,44,120,0.23285657167434692,observed
42,44,121,0.19025519490242004,observed
42,44,122,0.21429729461669922,observed
42,44,123,0.21618683636188507,observed
42,44,124,0.2218170464038849,observed
42,44,125,0.2692255675792694,observed
42,44,126,0.200165256857872,observed
42,44,127,0.24127906560897827,observed
42,44,128,0.20787790417671204,observed
42,44,129,0.20449915528297424,observed
42,44,130,0.19118647277355194,observed
42,44,131,0.2152896374464035,observed
42,44,132,0.21184423565864563,observed
42,44,133,0.21537740528583527,observed
42,44,134,0.2360789179801941,observed
42,44,135,0.2277274876832962,observed
42,44,136,0.21944241225719452,observed
42,44,137,0.24056696891784668,observed
42,44,138,0.2149183750152588,observed
42,44,139,0.455496221780777,observed
42,44,140,0.19733592867851257,observed
42,44,141,0.19752532243728638,observed
42,44,142,0.22187209129333496,observed
42,44,143,0.21176274120807648,observed
42,44,144,0.2042730152606964,observed
42,44,145,0.18099430203437805,observed
42,44,146,0.6305682063102722,observed
42,44,147,0.20576728880405426,observed
42,44,148,0.5337693691253662,observed
42,44,149,0.1931716501712799,observed
42,44,150,0.21445952355861664,observed
42,44,151,0.23708252608776093,observed
42,44,152,0.22884565591812134,observed
42,44,153,0.17954634130001068,observed
42,44,154,0.2099413275718689,observed
42,44,155,0.23885877430438995,observed
42,44,156,0.22185510396957397,observed
42,44,157,0.23367688059806824,observed
42,44,158,0.23227539658546448,observed
42,44,159,0.21883469820022583,observed
42,44,160,0.26780205965042114,observed
42,44,161,0.26081544160842896,observed
42,44,162,0.2422783374786377,observed
42,44,163,0.6912137866020203,observed
42,44,164,0.217034250497818,observed
42,44,165,0.2185753881931305,observed
42,44,166,0.2189778834581375,observed
42,44,167,0.20742836594581604,observed
42,44,168,0.48729074001312256,observed
42,44,169,0.22169193625450134,observed
42,44,170,0.19097383320331573,observed
42,44,171,0.20275700092315674,observed
42,44,172,0.33362555503845215,observed
42,44,173,0.25861290097236633,observed
42,44,174,0.2161693125963211,observed
42,44,175,0.22336971759796143,observed
42,44,176,0.45733973383903503,observed
42,44,177,0.20313304662704468,observed
42,44,178,0.23943397402763367,observed
42,44,179,0.18111158907413483,observed
42,44,180,0.20726853609085083,observed
42,44,181,0.216643288731575,observed
42,44,182,0.21771475672721863,observed
42,44,183,0.19726428389549255,observed
42,44,184,0.20038393139839172,observed
42,44,185,0.23451454937458038,observed
42,44,186,0.26299718022346497,observed
42,44,187,0.24215583503246307,observed
42,44,188,0.2664325535297394,observed
42,44,189,0.22733598947525024,observed
42,44,190,0.24175968766212463,observed
42,44,191,0.21380837261676788,observed
42,44,192,0.1841944456100464,observed
42,44,193,0.22725267708301544,observed
42,44,194,0.21902230381965637,observed
42,44,195,0.17950376868247986,observed
42,44,196,0.22184675931930542,observed
42,44,197,0.21955470740795135,observed
42,44,198,0.24147044122219086,observed
42,44,199,0.23079992830753326,observed
42,44,200,0.21731801331043243,observed
42,44,201,0.20723575353622437,observed
42,44,202,0.18840967118740082,observed
42,44,203,0.18371133506298065,observed
42,44,204,0.24282851815223694,observed
42,44,205,0.20552994310855865,observed
42,44,206,0.3330817222595215,observed
42,44,207,0.24526329338550568,observed
42,44,208,0.18644388020038605,observed
42,44,209,0.18917740881443024,observed
42,44,210,0.19729401171207428,observed
42,44,211,0.27581068873405457,observed
42,44,212,0.25326570868492126,observed
42,44,213,0.5999923944473267,observed
42,44,214,0.2281629890203476,observed
42,44,215,0.21552638709545135,observed
42,44,216,0.18494854867458344,observed
42,44,217,0.6551322340965271,observed
42,44,218,0.21688488125801086,observed
42,44,219,0.23393398523330688,observed
42,44,220,0.20621857047080994,observed
42,44,221,0.18695130944252014,observed
42,44,222,0.21299037337303162,observed
42,44,223,0.19752658903598785,observed
42,44,224,0.20543718338012695,observed
42,44,225,0.2000434696674347,observed
42,44,226,0.29099613428115845,observed
42,44,227,0.3901123106479645,observed
42,44,228,0.22061806917190552,observed
42,44,229,0.2549969553947449,observed
42,44,230,0.23752206563949585,observed
42,44,231,0.20862723886966705,observed
42,44,232,0.210896298289299,observed
42,44,233,0.20003965497016907,observed
42,44,234,0.2278861552476883,observed
42,44,235,0.18902964890003204,observed
42,44,236,0.2234281748533249,observed
42,44,237,0.21596531569957733,observed
42,44,238,0.2755424678325653,observed
42,44,239,0.2146543711423874,observed
42,44,240,0.2193719744682312,observed
42,44,241,0.22859902679920197,observed
42,44,242,0.23685726523399353,observed
42,44,243,0.20645730197429657,observed
42,44,244,0.2127760499715805,observed
42,44,245,0.22464831173419952,observed
42,44,246,0.19368991255760193,observed
42,44,247,0.20050272345542908,observed
42,44,248,0.20261140167713165,observed
42,44,249,0.21256603300571442,observed
42,44,250,0.19074572622776031,observed
42,44,251,0.2828711271286011,observed
42,44,252,0.22204893827438354,observed
42,44,253,0.20224159955978394,observed
42,44,254,0.19006292521953583,observed
42,44,255,0.20184126496315002,observed
42,44,256,0.17095138132572174,observed
42,44,257,0.21806010603904724,observed
42,44,258,0.2125968486070633,observed
42,44,259,0.2881368398666382,observed
42,44,260,0.19504287838935852,observed
42,44,261,0.18500956892967224,observed
42,44,262,0.19986127316951752,observed
42,44,263,0.22193260490894318,observed
42,44,264,0.23805300891399384,observed
42,44,265,0.20233382284641266,observed
42,44,266,0.22802458703517914,observed
42,44,267,0.23180291056632996,observed
42,44,268,0.23929338157176971,observed
42,44,269,0.21084734797477722,observed
42,44,270,0.2033638209104538,observed
42,44,271,0.2204282581806183,observed
42,44,272,0.1952153444290161,observed
42,44,273,0.22792509198188782,observed
42,44,274,0.21830397844314575,observed
42,44,275,0.20107479393482208,observed
42,44,276,0.20163848996162415,observed
42,44,277,0.2809053063392639,observed
42,44,278,0.25333866477012634,observed
42,44,279,0.23169702291488647,observed
42,44,280,0.2019326090812683,observed
42,44,281,0.210985004901886,observed
42,44,282,0.26344725489616394,observed
42,44,283,0.22119483351707458,observed
42,44,284,0.207326278090477,observed
42,44,285,0.2370307445526123,observed
42,44,286,0.24552980065345764,observed
42,44,287,0.20489124953746796,observed
42,44,288,0.2790195047855377,observed
42,44,289,0.2249261736869812,observed
42,44,290,0.2034558355808258,observed
42,44,291,0.19526489078998566,observed
42,44,292,0.2328283190727234,observed
42,44,293,0.19767677783966064,observed
42,44,294,0.1971399486064911,observed
42,44,295,0.2304123491048813,observed
42,44,296,0.19959338009357452,observed
42,44,297,0.20016790926456451,observed
42,44,298,0.19022907316684723,observed
42,44,299,0.23650379478931427,observed
42,44,300,0.23029430210590363,observed
42,44,301,0.21180641651153564,observed
42,44,302,0.20737481117248535,observed
42,44,303,0.26181793212890625,observed
42,44,304,0.23095060884952545,observed
42,44,305,0.23134179413318634,observed
42,44,306,0.2177056521177292,observed
42,44,307,0.19287753105163574,observed
42,44,308,0.1882583647966385,observed
42,44,309,0.3544321656227112,observed
42,44,310,0.225871279835701,observed
42,44,311,0.23804056644439697,observed
42,44,312,0.18522487580776215,observed
42,44,313,0.27112409472465515,observed
42,44,314,0.22126981616020203,observed
42,44,315,0.23521535098552704,observed
42,44,316,0.1930752694606781,observed
42,44,317,0.19385874271392822,observed
42,44,318,0.23707209527492523,observed
42,44,319,0.21856912970542908,observed
42,44,320,0.19495916366577148,observed
42,44,321,0.2100251466035843,observed
42,44,322,0.4001220762729645,observed
42,44,323,0.21268624067306519,observed
42,44,324,0.21058787405490875,observed
42,44,325,0.3501620590686798,observed
42,44,326,0.22186587750911713,observed
42,44,327,0.19744938611984253,observed
42,44,328,0.20716795325279236,observed
42,44,329,0.2526211142539978,observed
42,44,330,0.4158940613269806,observed
42,44,331,0.21371690928936005,observed
42,44,332,0.20319420099258423,observed
42,44,333,0.25295960903167725,observed
42,44,334,0.2806996703147888,observed
42,44,335,0.24531956017017365,observed
42,44,336,0.21974200010299683,observed
42,44,337,0.19442255795001984,observed
42,44,338,0.22144633531570435,observed
42,44,339,0.21038302779197693,observed
42,44,340,0.2254875898361206,observed
42,44,341,0.19419540464878082,observed
42,44,342,0.2312171757221222,observed
42,44,343,0.1946539580821991,observed
42,44,344,0.23105351626873016,observed
42,44,345,0.2332310825586319,observed
42,44,346,0.5502572655677795,observed
42,44,347,0.21970388293266296,observed
42,44,348,0.22845883667469025,observed
42,44,349,0.22341249883174896,observed
42,44,350,0.18333622813224792,observed
42,44,351,0.1822071522474289,observed
42,44,352,0.2254612147808075,observed
42,44,353,0.6407352685928345,observed
42,44,354,0.644797146320343,observed
42,44,355,0.20059816539287567,observed
42,44,356,0.22505983710289001,observed
42,44,357,0.21126575767993927,observed
42,44,358,0.2852199971675873,observed
42,44,359,0.19941750168800354,observed
42,44,360,0.5107523798942566,observed
42,44,361,0.229886993765831,observed
42,44,362,0.19796274602413177,observed
42,44,363,0.3844544589519501,observed
42,44,364,0.2204226553440094,observed
42,44,365,0.22856904566287994,observed
42,44,366,0.23892608284950256,observed
42,44,367,0.23312731087207794,observed
42,44,368,0.19400198757648468,observed
42,44,369,0.2229868471622467,observed
42,44,370,0.2311476171016693,observed
42,44,371,0.19861002266407013,observed
42,44,372,0.21770545840263367,observed
42,44,373,0.1991080492734909,observed
42,44,374,0.19735729694366455,observed
42,44,375,0.21718823909759521,observed
42,44,376,0.21149829030036926,observed
42,44,377,0.21709929406642914,observed
42,44,378,0.24765610694885254,observed
42,44,379,0.21232236921787262,observed
42,44,380,0.20604826509952545,observed
42,44,381,0.38877516984939575,observed
42,44,382,0.1931385099887848,observed
42,44,383,0.2258995622396469,observed
42,44,384,0.19418063759803772,observed
42,44,385,0.22404810786247253,observed
42,44,386,0.21904316544532776,observed
42,44,387,0.9025059342384338,observed
42,44,388,0.21442987024784088,observed
42,44,389,0.20628660917282104,observed
42,44,390,0.22204308211803436,observed
42,44,391,0.3047279119491577,observed
42,44,392,0.2165272831916809,observed
42,44,393,0.20097820460796356,observed
42,44,394,0.19996212422847748,observed
42,44,395,0.21312128007411957,observed
42,44,396,0.19748835265636444,observed
42,44,397,0.2005012333393097,observed
42,44,398,0.2023337185382843,observed
42,44,399,0.2453230768442154,observed
42,44,400,0.2616395950317383,observed
42,44,401,0.23919746279716492,observed
42,44,402,0.2081013321876526,observed
42,44,403,0.20823514461517334,observed
42,44,404,0.2071806788444519,observed
42,44,405,0.19686520099639893,observed
42,44,406,0.20644798874855042,observed
42,44,407,0.2155124694108963,observed
42,44,408,0.24574898183345795,observed
42,44,409,0.24477216601371765,observed
42,44,410,0.2246289700269699,observed
42,44,411,0.2146148979663849,observed
42,44,412,0.2678392827510834,observed
42,44,413,0.21486909687519073,observed
42,44,414,0.20846985280513763,observed
42,44,415,0.19060002267360687,observed
42,44,416,0.2093927413225174,observed
42,44,417,0.2525298297405243,observed
42,44,418,0.20426912605762482,observed
42,44,419,0.7094116806983948,observed
42,44,420,0.21280227601528168,observed
42,44,421,0.22557629644870758,observed
42,44,422,0.20305365324020386,observed
42,44,423,0.20033210515975952,observed
42,44,424,0.32161858677864075,observed
42,44,425,0.20611122250556946,observed
42,44,426,0.1963813751935959,observed
42,44,427,0.18903768062591553,observed
42,44,428,0.21848633885383606,observed
42,44,429,0.23180757462978363,observed
42,44,430,0.21164476871490479,observed
42,44,431,0.1888381987810135,observed
42,44,432,0.17996492981910706,observed
42,44,433,0.24119538068771362,observed
42,44,434,0.18953105807304382,observed
42,44,435,0.19349734485149384,observed
42,44,436,0.2085801213979721,observed
42,44,437,0.21043793857097626,observed
42,44,438,0.2180834263563156,observed
42,44,439,0.23254621028900146,observed
42,44,440,0.19577649235725403,observed
42,44,441,0.7097723484039307,observed
42,44,442,0.646224856376648,observed
42,44,443,0.22162555158138275,observed
42,44,444,0.19613362848758698,observed
42,44,445,0.19755275547504425,observed
42,44,446,0.21017487347126007,observed
42,44,447,0.2288038283586502,observed
42,44,448,0.32334569096565247,observed
42,44,449,0.21283699572086334,observed
42,44,450,0.255917489528656,observed
42,44,451,0.20103389024734497,observed
42,44,452,0.22333462536334991,observed
42,44,453,0.3088006377220154,observed
42,44,454,0.19557775557041168,observed
42,44,455,0.2283017933368683,observed
42,44,456,0.2533367872238159,observed
42,44,457,0.2210308015346527,observed
42,44,458,0.18579180538654327,observed
42,44,459,0.1952429711818695,observed
42,44,460,0.24021759629249573,observed
42,44,461,0.2536237835884094,observed
42,44,462,0.22957974672317505,observed
42,44,463,0.2585144639015198,observed
42,44,464,0.19104276597499847,observed
42,44,465,0.22173142433166504,observed
42,44,466,0.213323175907135,observed
42,44,467,0.2157100886106491,observed
42,44,468,0.23704524338245392,observed
42,44,469,0.2030278593301773,observed
42,44,470,0.3416883051395416,observed
42,44,471,0.20925436913967133,observed
42,44,472,0.213679239153862,observed
42,44,473,0.20693090558052063,observed
42,44,474,0.20244182646274567,observed
42,44,475,0.20044606924057007,observed
42,44,476,0.22878655791282654,observed
42,44,477,0.22365036606788635,observed
42,44,478,0.22943425178527832,observed
42,44,479,0.22844143211841583,observed
42,44,480,0.20638537406921387,observed
42,44,481,0.22015191614627838,observed
42,44,482,0.20432831346988678,observed
42,44,483,0.31582242250442505,observed
42,44,484,0.23256687819957733,observed
42,44,485,0.2688769996166229,observed
42,44,486,0.20544855296611786,observed
42,44,487,0.2581683099269867,observed
42,44,488,0.23353824019432068,observed
42,44,489,0.22914612293243408,observed
42,44,490,0.19476719200611115,observed
42,44,491,0.22796857357025146,observed
42,44,492,0.2315371185541153,observed
42,44,493,0.20466966927051544,observed
42,44,494,0.2405998408794403,observed
42,44,495,0.196680948138237,observed
42,44,496,0.1929577738046646,observed
42,44,497,0.20328852534294128,observed
42,44,498,0.22236070036888123,observed
42,44,499,0.22110490500926971,observed
42,44,500,0.21296867728233337,observed
42,44,501,0.23252137005329132,observed
42,44,502,0.17674663662910461,observed
42,44,503,0.2028723955154419,observed
42,44,504,0.221675306558609,observed
42,44,505,0.2603641152381897,observed
42,44,506,0.2211197167634964,observed
42,44,507,0.20866021513938904,observed
42,44,508,0.18655776977539062,observed
42,44,509,0.19005964696407318,observed
42,44,510,0.264703631401062,observed
42,44,511,0.2637256383895874,observed
42,44,512,0.2550850212574005,observed
42,44,513,0.2154938280582428,observed
42,44,514,0.22069604694843292,observed
42,44,515,0.2388773262500763,observed
42,44,516,0.23226714134216309,observed
42,44,517,0.19464366137981415,observed
42,44,518,0.23715876042842865,observed
42,44,519,0.20278486609458923,observed
42,44,520,0.2599809467792511,observed
42,44,521,0.21360743045806885,observed
42,44,522,0.2258637398481369,observed
42,44,523,0.22668394446372986,observed
42,44,524,0.18730081617832184,observed
42,44,525,0.21637596189975739,observed
42,44,526,0.2290598452091217,observed
42,44,527,0.20734280347824097,observed
42,44,528,0.35185113549232483,observed
42,44,529,0.4807780981063843,observed
42,44,530,0.19326744973659515,observed
42,44,531,0.22844478487968445,observed
42,44,532,0.18465162813663483,observed
42,44,533,0.3273988664150238,observed
42,44,534,0.22963562607765198,observed
42,44,535,0.21632204949855804,observed
42,44,536,0.2081943303346634,observed
42,44,537,0.1928378790616989,observed
42,44,538,0.753539502620697,observed
42,44,539,0.23196052014827728,observed
42,44,540,0.23939262330532074,observed
42,44,541,0.202100932598114,observed
42,44,542,0.23659665882587433,observed
42,44,543,0.2283654808998108,observed
42,44,544,0.23409324884414673,observed
42,44,545,0.1871262490749359,observed
42,44,546,0.24405226111412048,observed
42,44,547,0.18364571034908295,observed
42,44,548,0.26468008756637573,observed
42,44,549,0.1980111300945282,observed
42,44,550,0.1964963674545288,observed
42,44,551,0.22571603953838348,observed
42,44,552,0.22184640169143677,observed
42,44,553,0.19742825627326965,observed
42,44,554,0.2143765687942505,observed
42,44,555,0.21117959916591644,observed
42,44,556,0.19324377179145813,observed
42,44,557,0.620873749256134,observed
42,44,558,0.2139240950345993,observed
42,44,559,0.21770833432674408,observed
42,44,560,0.2113865464925766,observed
42,44,561,0.239622563123703,observed
42,44,562,0.240041121840477,observed
42,44,563,0.19650685787200928,observed
42,44,564,0.23298703134059906,observed
42,44,565,0.1860131323337555,observed
42,44,566,0.1978326290845871,observed
42,44,567,0.2079455852508545,observed
42,44,568,0.23217961192131042,observed
42,44,569,0.22478051483631134,observed
42,44,570,0.26072433590888977,observed
42,44,571,0.23944057524204254,observed
42,44,572,0.23703095316886902,observed
42,44,573,0.2054409235715866,observed
42,44,574,0.20358985662460327,observed
42,44,575,0.22315698862075806,observed
42,44,576,0.205094575881958,observed
42,44,577,0.20160464942455292,observed
42,44,578,0.21483074128627777,observed
42,44,579,0.20492462813854218,observed
42,44,580,0.4835754632949829,observed
42,44,581,0.2590236961841583,observed
42,44,582,0.28028127551078796,observed
42,44,583,0.1950419396162033,observed
42,44,584,0.21886789798736572,observed
42,44,585,0.20276951789855957,observed
42,44,586,0.22439594566822052,observed
42,44,587,0.22310912609100342,observed
42,44,588,0.20059049129486084,observed
42,44,589,0.18389944732189178,observed
42,44,590,0.2099604457616806,observed
42,44,591,0.294515460729599,observed
42,44,592,0.2242640256881714,observed
42,44,593,0.6134957075119019,observed
42,44,594,0.1924951672554016,observed
42,44,595,0.20512253046035767,observed
42,44,596,0.19495192170143127,observed
42,44,597,0.22199368476867676,observed
42,44,598,0.19022130966186523,observed
42,44,599,0.22876833379268646,observed
42,44,600,0.23181481659412384,observed
42,44,601,0.2088828980922699,observed
42,44,602,0.20569024980068207,observed
42,44,603,0.1998624950647354,observed
42,44,604,0.20731624960899353,observed
42,44,605,0.2591771185398102,observed
42,44,606,0.21332819759845734,observed
42,44,607,0.1936616450548172,observed
42,44,608,0.5370610356330872,observed
42,44,609,0.1979154348373413,observed
42,44,610,0.21845540404319763,observed
42,44,611,0.2609940469264984,observed
42,44,612,0.18432572484016418,observed
42,44,613,0.24879002571105957,observed
42,44,614,0.22776366770267487,observed
42,44,615,0.21353590488433838,observed
42,44,616,0.1956237107515335,observed
42,44,617,0.28511232137680054,observed
42,44,618,0.21831384301185608,observed
42,44,619,0.1783723533153534,observed
42,44,620,0.23225270211696625,observed
42,44,621,0.20361806452274323,observed
42,44,622,0.22368021309375763,observed
42,44,623,0.23363371193408966,observed
42,44,624,0.22068224847316742,observed
42,44,625,0.22046975791454315,observed
42,44,626,0.23481252789497375,observed
42,44,627,0.22409267723560333,observed
42,44,628,0.24406157433986664,observed
42,44,629,0.18987339735031128,observed
42,44,630,0.2142873853445053,observed
42,44,631,0.1914338767528534,observed
42,44,632,0.8602265119552612,observed
42,44,633,0.19621439278125763,observed
42,44,634,0.2079566866159439,observed
42,44,635,0.2784181833267212,observed
42,44,636,0.23650769889354706,observed
42,44,637,0.3112546503543854,observed
42,44,638,0.26797109842300415,observed
42,44,639,0.20522628724575043,observed
42,44,640,0.2083800882101059,observed
42,44,641,0.20828624069690704,observed
42,44,642,0.38211894035339355,observed
42,44,643,0.3374074399471283,observed
42,44,644,0.2301267832517624,observed
42,44,645,0.21520477533340454,observed
42,44,646,0.21045269072055817,observed
42,44,647,0.30869805812835693,observed
42,44,648,0.19593530893325806,observed
42,44,649,0.20705518126487732,observed
42,44,650,0.22865323722362518,observed
42,44,651,0.19367170333862305,observed
42,44,652,0.19892451167106628,observed
42,44,653,0.22155064344406128,observed
42,44,654,0.1850627213716507,observed
42,44,655,0.31275370717048645,observed
42,44,656,0.20800179243087769,observed
42,44,657,0.23941545188426971,observed
42,44,658,0.19718585908412933,observed
42,44,659,0.19330814480781555,observed
42,44,660,0.1992838978767395,observed
42,44,661,0.19925978779792786,observed
42,44,662,0.20878061652183533,observed
42,44,663,0.1949996054172516,observed
42,44,664,0.22442670166492462,observed
42,44,665,0.18881408870220184,observed
42,44,666,0.21406883001327515,observed
42,44,667,0.20585091412067413,observed
42,44,668,0.20569755136966705,observed
42,44,669,0.2265469878911972,observed
42,44,670,0.21372179687023163,observed
42,44,671,0.19631411135196686,observed
42,44,672,0.2105558067560196,observed
42,44,673,0.22857129573822021,observed
42,44,674,0.19379208981990814,observed
42,44,675,0.2132340967655182,observed
42,44,676,0.21489012241363525,observed
42,44,677,0.2318890243768692,observed
42,44,678,0.18768659234046936,observed
42,44,679,0.22797565162181854,observed
42,44,680,0.23424510657787323,observed
42,44,681,0.2190771996974945,observed
42,44,682,0.22330406308174133,observed
42,44,683,0.2118196338415146,observed
42,44,684,0.20805463194847107,observed
42,44,685,0.21486207842826843,observed
42,44,686,0.24056412279605865,observed
42,44,687,0.22379419207572937,observed
42,44,688,0.21506351232528687,observed
42,44,689,0.16913193464279175,observed
42,44,690,0.18922211229801178,observed
42,44,691,0.2642937898635864,observed
42,44,692,0.3970397412776947,observed
42,44,693,0.19768652319908142,observed
42,44,694,0.19024208188056946,observed
42,44,695,0.19529779255390167,observed
42,44,696,0.22369879484176636,observed
42,44,697,0.24928565323352814,observed
42,44,698,0.2958705425262451,observed
42,44,699,0.21397702395915985,observed
42,44,700,0.25354233384132385,observed
42,44,701,0.22073572874069214,observed
42,44,702,0.18860478699207306,observed
42,44,703,0.24160516262054443,observed
42,44,704,0.23172709345817566,observed
42,44,705,0.22205251455307007,observed
42,44,706,0.2102605700492859,observed
42,44,707,0.20987632870674133,observed
42,44,708,0.24632713198661804,observed
42,44,709,0.21667508780956268,observed
42,44,710,0.20706722140312195,observed
42,44,711,0.18903997540473938,observed
42,44,712,0.19472287595272064,observed
42,44,713,0.2063973844051361,observed
42,44,714,0.2318652868270874,observed
42,44,715,0.2918678820133209,observed
42,44,716,0.22031170129776,observed
42,44,717,0.23903554677963257,observed
42,44,718,0.20428800582885742,observed
42,44,719,0.60649573802948,observed
42,44,720,0.18774443864822388,observed
42,44,721,0.1985447257757187,observed
42,44,722,0.20101198554039001,observed
42,44,723,0.23806990683078766,observed
42,44,724,0.22369346022605896,observed
42,44,725,0.22562386095523834,observed
42,44,726,0.19173270463943481,observed
42,44,727,0.2322530597448349,observed
42,44,728,0.20075353980064392,observed
42,44,729,0.17851972579956055,observed
42,44,730,0.21584615111351013,observed
42,44,731,0.1951640546321869,observed
42,44,732,0.21130673587322235,observed
42,44,733,0.2891809940338135,observed
42,44,734,0.2115940898656845,observed
42,44,735,0.21073895692825317,observed
42,44,736,0.2763122618198395,observed
42,44,737,0.22871315479278564,observed
42,44,738,0.2152012288570404,observed
42,44,739,0.2133798748254776,observed
42,44,740,0.19727382063865662,observed
42,44,741,0.5037727952003479,observed
42,44,742,0.2412409782409668,observed
42,44,743,0.2283896505832672,observed
42,44,744,0.22322386503219604,observed
42,44,745,0.26605212688446045,observed
42,44,746,0.17866551876068115,observed
42,44,747,0.20887207984924316,observed
42,44,748,0.5263549089431763,observed
42,44,749,0.2637585997581482,observed
42,44,750,0.2312290370464325,observed
42,44,751,0.2226884812116623,observed
42,44,752,0.22213846445083618,observed
42,44,753,0.23493152856826782,observed
42,44,754,0.20454031229019165,observed
42,44,755,0.24413542449474335,observed
42,44,756,0.20648840069770813,observed
42,44,757,0.21416278183460236,observed
42,44,758,0.2367885857820511,observed
42,44,759,0.1933729201555252,observed
42,44,760,0.22565293312072754,observed
42,44,761,0.20705053210258484,observed
42,44,762,0.20899352431297302,observed
42,44,763,0.21185976266860962,observed
42,44,764,0.21449589729309082,observed
42,44,765,0.18361429870128632,observed
42,44,766,0.1894626021385193,observed
42,44,767,0.18919402360916138,observed
42,44,768,0.19518940150737762,observed
42,44,769,0.3236866593360901,observed
42,44,770,0.22389981150627136,observed
42,44,771,0.18890565633773804,observed
42,44,772,0.18801479041576385,observed
42,44,773,0.2069324254989624,observed
42,44,774,0.20328675210475922,observed
42,44,775,0.21328841149806976,observed
42,44,776,0.2252850979566574,observed
42,44,777,0.19589386880397797,observed
42,44,778,0.23520928621292114,observed
42,44,779,0.2047092616558075,observed
42,44,780,0.26901915669441223,observed
42,44,781,0.21210622787475586,observed
42,44,782,0.2182496190071106,observed
42,44,783,0.2163936048746109,observed
42,44,784,0.2449631541967392,observed
42,44,785,0.2125796675682068,observed
42,44,786,0.20881232619285583,observed
42,44,787,0.235004723072052,observed
42,44,788,0.1972465068101883,observed
42,44,789,0.210463285446167,observed
42,44,790,0.19867947697639465,observed
42,44,791,0.22194500267505646,observed
42,44,792,0.2064940333366394,observed
42,44,793,0.22467239201068878,observed
42,44,794,0.19542156159877777,observed
42,44,795,0.1866501420736313,observed
42,44,796,0.18144692480564117,observed
42,44,797,0.2052588164806366,observed
42,44,798,0.22244034707546234,observed
42,44,799,0.23799362778663635,observed
42,44,800,0.5359481573104858,observed
42,44,801,0.2591412663459778,observed
42,44,802,0.22530609369277954,observed
42,44,803,0.2789670526981354,observed
42,44,804,0.22477546334266663,observed
42,44,805,0.21630340814590454,observed
42,44,806,0.6368477940559387,observed
42,44,807,0.6342275142669678,observed
42,44,808,0.20153729617595673,observed
42,44,809,0.20940729975700378,observed
42,44,810,0.21727485954761505,observed
42,44,811,0.21042318642139435,observed
42,44,812,0.20326173305511475,observed
42,44,813,0.25610342621803284,observed
42,44,814,0.19774019718170166,observed
42,44,815,0.20116636157035828,observed
42,44,816,0.23075000941753387,observed
42,44,817,0.20711469650268555,observed
42,44,818,0.19049522280693054,observed
42,44,819,0.1845710426568985,observed
42,44,820,0.1889343112707138,observed
42,44,821,0.22977691888809204,observed
42,44,822,0.22792215645313263,observed
42,44,823,0.22561366856098175,observed
42,44,824,0.27802032232284546,observed
42,44,825,0.22199642658233643,observed
42,44,826,0.21541491150856018,observed
42,44,827,0.21178656816482544,observed
42,44,828,0.2165888547897339,observed
42,44,829,0.22353556752204895,observed
42,44,830,0.21693114936351776,observed
42,44,831,0.5448339581489563,observed
42,44,832,0.20021449029445648,observed
42,44,833,0.20850779116153717,observed
42,44,834,0.2272287905216217,observed
42,44,835,0.3014553487300873,observed
42,44,836,0.2750197947025299,observed
42,44,837,0.20796768367290497,observed
42,44,838,0.20507380366325378,observed
42,44,839,0.2303057760000229,observed
42,44,840,0.2182767242193222,observed
42,44,841,0.26868417859077454,observed
42,44,842,0.230756476521492,observed
42,44,843,0.22971299290657043,observed
42,44,844,0.2342177927494049,observed
42,44,845,0.27650636434555054,observed
42,44,846,0.20881278812885284,observed
42,44,847,0.23435921967029572,observed
42,44,848,0.17985954880714417,observed
42,44,849,0.20195205509662628,observed
42,44,850,0.21918557584285736,observed
42,44,851,0.22263629734516144,observed
42,44,852,0.2228400707244873,observed
42,44,853,0.19233492016792297,observed
42,44,854,0.8931794166564941,observed
42,44,855,0.20515164732933044,observed
42,44,856,0.23858655989170074,observed
42,44,857,0.1875597983598709,observed
42,44,858,0.24933795630931854,observed
42,44,859,0.2246432900428772,observed
42,44,860,0.19197827577590942,observed
42,44,861,0.19480212032794952,observed
42,44,862,0.2508724331855774,observed
42,44,863,0.19343195855617523,observed
42,44,864,0.21280890703201294,observed
42,44,865,0.19320791959762573,observed
42,44,866,0.2069927453994751,observed
42,44,867,0.1946670114994049,observed
42,44,868,0.23747257888317108,observed
42,44,869,0.1959710568189621,observed
42,44,870,0.2304660826921463,observed
42,44,871,0.21168172359466553,observed
42,44,872,0.24224527180194855,observed
42,44,873,0.21656911075115204,observed
42,44,874,0.26563674211502075,observed
42,44,875,0.21524657309055328,observed
42,44,876,0.20505842566490173,observed
42,44,877,0.3098430037498474,observed
42,44,878,0.17756910622119904,observed
42,44,879,0.2205345332622528,observed
42,44,880,0.7244283556938171,observed
42,44,881,0.21300995349884033,observed
42,44,882,0.20179452002048492,observed
42,44,883,0.22035714983940125,observed
42,44,884,0.2110363245010376,observed
42,44,885,0.2072489708662033,observed
42,44,886,0.26902297139167786,observed
42,44,887,0.26715895533561707,observed
42,44,888,0.22460724413394928,observed
42,44,889,0.2140687108039856,observed
42,44,890,0.2867245376110077,observed
42,44,891,0.24308137595653534,observed
42,44,892,0.19953207671642303,observed
42,44,893,0.2037464827299118,observed
42,44,894,0.2025892287492752,observed
42,44,895,0.1955825686454773,observed
42,44,896,0.21775449812412262,observed
42,44,897,0.19229118525981903,observed
42,44,898,0.18430045247077942,observed
42,44,899,0.17566831409931183,observed
42,44,900,0.2535896897315979,observed
42,44,901,0.3923753499984741,observed
42,44,902,0.19475921988487244,observed
42,44,903,0.22956335544586182,observed
42,44,904,0.1975555121898651,observed
42,44,905,0.23230049014091492,observed
42,44,906,0.19770601391792297,observed
42,44,907,0.32352784276008606,observed
42,44,908,0.20412813127040863,observed
42,44,909,0.23977524042129517,observed
42,44,910,0.24828144907951355,observed
42,44,911,0.22006896138191223,observed
42,44,912,0.21898117661476135,observed
42,44,913,0.24989891052246094,observed
42,44,914,0.22278277575969696,observed
42,44,915,0.21903449296951294,observed
42,44,916,0.21750956773757935,observed
42,44,917,0.20782412588596344,observed
42,44,918,0.4694555401802063,observed
42,44,919,0.20019270479679108,observed
42,44,920,0.22043244540691376,observed
42,44,921,0.23580065369606018,observed
42,44,922,0.24559468030929565,observed
42,44,923,0.25492629408836365,observed
42,44,924,0.18814481794834137,observed
42,44,925,0.19440202414989471,observed
42,44,926,0.20174680650234222,observed
42,44,927,0.23045681416988373,observed
42,44,928,0.20868758857250214,observed
42,44,929,0.1914224773645401,observed
42,44,930,0.21290257573127747,observed
42,44,931,0.2625980079174042,observed
42,44,932,0.23827935755252838,observed
42,44,933,0.23315003514289856,observed
42,44,934,0.19566836953163147,observed
42,44,935,0.17658382654190063,observed
42,44,936,0.21401281654834747,observed
42,44,937,0.2134159952402115,observed
42,44,938,0.20014837384223938,observed
42,44,939,0.21960344910621643,observed
42,44,940,0.22222736477851868,observed
42,44,941,0.2387460321187973,observed
42,44,942,0.23640452325344086,observed
42,44,943,0.2158922404050827,observed
42,44,944,0.24028243124485016,observed
42,44,945,0.19488877058029175,observed
42,44,946,0.20777609944343567,observed
42,44,947,0.25833913683891296,observed
42,44,948,0.27276673913002014,observed
42,44,949,0.20547151565551758,observed
42,44,950,0.2353808879852295,observed
42,44,951,0.18822753429412842,observed
42,44,952,0.5404560565948486,observed
42,44,953,0.42316165566444397,observed
42,44,954,0.2528330981731415,observed
42,44,955,0.21718786656856537,observed
42,44,956,0.2199527621269226,observed
42,44,957,0.209661602973938,observed
42,44,958,0.2745693027973175,observed
42,44,959,0.2085457444190979,observed
42,44,960,0.24827224016189575,observed
42,44,961,0.25142598152160645,observed
42,44,962,0.25300198793411255,observed
42,44,963,0.25408148765563965,observed
42,44,964,0.19023451209068298,observed
42,44,965,0.20226849615573883,observed
42,44,966,0.21989373862743378,observed
42,44,967,0.24360311031341553,observed
42,44,968,0.22571523487567902,observed
42,44,969,0.23162402212619781,observed
42,44,970,0.2567010521888733,observed
42,44,971,0.2010064274072647,observed
42,44,972,0.23160997033119202,observed
42,44,973,0.21131668984889984,observed
42,44,974,0.240006685256958,observed
42,44,975,0.22945499420166016,observed
42,44,976,0.1917964071035385,observed
42,44,977,0.1859700083732605,observed
42,44,978,0.3813798427581787,observed
42,44,979,0.22177599370479584,observed
42,44,980,0.2321161925792694,observed
42,44,981,0.20726041495800018,observed
42,44,982,0.2127169519662857,observed
42,44,983,0.26619836688041687,observed
42,44,984,0.21009337902069092,observed
42,44,985,0.21441470086574554,observed
42,44,986,0.26128214597702026,observed
42,44,987,0.25511986017227173,observed
42,44,988,0.20849862694740295,observed
42,44,989,0.2285899519920349,observed
42,44,990,0.20389267802238464,observed
42,44,991,0.19317536056041718,observed
42,44,992,0.22793422639369965,observed
42,44,993,0.23113682866096497,observed
42,44,994,0.24110786616802216,observed
42,44,995,0.26661965250968933,observed
42,44,996,0.20138011872768402,observed
42,44,997,0.17899516224861145,observed
42,44,998,0.19275951385498047,observed
42,44,999,0.21518513560295105,observed
42,44,1000,0.1891106218099594,observed
42,44,1001,0.2287759929895401,observed
42,44,1002,0.1963777244091034,observed
42,44,1003,0.32082515954971313,observed
42,44,1004,0.4694949984550476,observed
42,44,1005,0.1997937709093094,observed
42,44,1006,0.2065994292497635,observed
42,44,1007,0.23813514411449432,observed
42,44,1008,0.2586103081703186,observed
42,44,1009,0.23570159077644348,observed
42,44,1010,0.22715692222118378,observed
42,44,1011,0.18987928330898285,observed
42,44,1012,0.2619905173778534,observed
42,44,1013,0.2158588320016861,observed
42,44,1014,0.2551676332950592,observed
42,44,1015,0.1963067650794983,observed
42,44,1016,0.21350549161434174,observed
42,44,1017,0.22042255103588104,observed
42,44,1018,0.4232284724712372,observed
42,44,1019,0.23924031853675842,observed
42,44,1020,0.2033005952835083,observed
42,44,1021,0.296725869178772,observed
42,44,1022,0.4910074770450592,observed
42,44,1023,0.22255940735340118,observed
42,45,0,0.20115432143211365,observed
42,45,1,0.22212064266204834,observed
42,45,2,0.20613209903240204,observed
42,45,3,0.2241564691066742,observed
42,45,4,0.19175904989242554,observed
42,45,5,0.23433780670166016,observed
42,45,6,0.197295680642128,observed
42,45,7,0.19863656163215637,observed
42,45,8,0.41777077317237854,observed
42,45,9,0.22316522896289825,observed
42,45,10,0.2049361616373062,observed
42,45,11,0.20080365240573883,observed
42,45,12,0.18922217190265656,observed
42,45,13,0.1841716319322586,observed
42,45,14,0.2322249710559845,observed
42,45,15,0.1825232356786728,observed
42,45,16,0.21791322529315948,observed
42,45,17,0.1849510818719864,observed
42,45,18,0.24045927822589874,observed
42,45,19,0.18855305016040802,observed
42,45,20,0.19782641530036926,observed
42,45,21,0.21828415989875793,observed
42,45,22,0.19642019271850586,observed
42,45,23,0.1921079009771347,observed
42,45,24,0.22076548635959625,observed
42,45,25,0.2069420963525772,observed
42,45,26,0.7616641521453857,observed
42,45,27,0.4472387731075287,observed
42,45,28,0.2111796736717224,observed
42,45,29,0.21878500282764435,observed
42,45,30,0.1940668672323227,observed
42,45,31,0.19185566902160645,observed
42,45,32,0.24168431758880615,observed
42,45,33,0.1908913105726242,observed
42,45,34,0.28249892592430115,observed
42,45,35,0.21294403076171875,observed
42,45,36,0.2396245151758194,observed
42,45,37,0.21115846931934357,observed
42,45,38,0.20010116696357727,observed
42,45,39,0.2206777036190033,observed
42,45,40,0.21699732542037964,observed
42,45,41,0.36298927664756775,observed
42,45,42,0.2112276256084442,observed
42,45,43,0.2015562653541565,observed
42,45,44,0.18252067267894745,observed
42,45,45,0.21934925019741058,observed
42,45,46,0.25514864921569824,observed
42,45,47,0.27007177472114563,observed
42,45,48,0.1933736801147461,observed
42,45,49,0.23821216821670532,observed
42,45,50,0.17414644360542297,observed
42,45,51,0.20005205273628235,observed
42,45,52,0.21076700091362,observed
42,45,53,0.2275058478116989,observed
42,45,54,0.21377530694007874,observed
42,45,55,0.21503624320030212,observed
42,45,56,0.19991308450698853,observed
42,45,57,0.21308180689811707,observed
42,45,58,0.23954543471336365,observed
42,45,59,0.24246208369731903,observed
42,45,60,0.19160957634449005,observed
42,45,61,0.35459110140800476,observed
42,45,62,0.21621839702129364,observed
42,45,63,0.22058063745498657,observed
42,45,64,0.19893236458301544,observed
42,45,65,0.23097817599773407,observed
42,45,66,0.21373458206653595,observed
42,45,67,0.1777886003255844,observed
42,45,68,0.2537955343723297,observed
42,45,69,0.22354623675346375,observed
42,45,70,0.2850264608860016,observed
42,45,71,0.19033844769001007,observed
42,45,72,0.3175698220729828,observed
42,45,73,0.22800776362419128,observed
42,45,74,0.1966366469860077,observed
42,45,75,0.21366500854492188,observed
42,45,76,0.3429681360721588,observed
42,45,77,0.45492181181907654,observed
42,45,78,0.20302048325538635,observed
42,45,79,0.1894942969083786,observed
42,45,80,0.23843397200107574,observed
42,45,81,0.22170118987560272,observed
42,45,82,0.2295418083667755,observed
42,45,83,0.21552976965904236,observed
42,45,84,0.22017468512058258,observed
42,45,85,0.22411881387233734,observed
42,45,86,0.24226877093315125,observed
42,45,87,0.2234526127576828,observed
42,45,88,0.19076362252235413,observed
42,45,89,0.2036808431148529,observed
42,45,90,0.2172715663909912,observed
42,45,91,0.20049695670604706,observed
42,45,92,0.19808869063854218,observed
42,45,93,0.21624350547790527,observed
42,45,94,0.20755648612976074,observed
42,45,95,0.26395684480667114,observed
42,45,96,0.2381514012813568,observed
42,45,97,0.23106224834918976,observed
42,45,98,0.1777798980474472,observed
42,45,99,0.22442983090877533,observed
42,45,100,0.7154892086982727,observed
42,45,101,0.19436916708946228,observed
42,45,102,0.1793285310268402,observed
42,45,103,0.20477986335754395,observed
42,45,104,0.2382650226354599,observed
42,45,105,0.2373039573431015,observed
42,45,106,0.2050250768661499,observed
42,45,107,0.19591642916202545,observed
42,45,108,0.22715896368026733,observed
42,45,109,0.23684631288051605,observed
42,45,110,0.21900495886802673,observed
42,45,111,0.2122132033109665,observed
42,45,112,0.181777685880661,observed
42,45,113,0.4584101438522339,observed
42,45,114,0.1901620328426361,observed
42,45,115,0.2168252021074295,observed
42,45,116,0.20953090488910675,observed
42,45,117,0.2099071741104126,observed
42,45,118,0.2039545178413391,observed
42,45,119,0.1975931078195572,observed
42,45,120,0.24745315313339233,observed
42,45,121,0.2092360407114029,observed
42,45,122,0.22341369092464447,observed
42,45,123,0.20320074260234833,observed
42,45,124,0.23715324699878693,observed
42,45,125,0.22224514186382294,observed
42,45,126,0.1964239627122879,observed
42,45,127,0.21589116752147675,observed
42,45,128,0.20770026743412018,observed
42,45,129,0.19490541517734528,observed
42,45,130,0.20552781224250793,observed
42,45,131,0.22443053126335144,observed
42,45,132,0.20449092984199524,observed
42,45,133,0.2310951203107834,observed
42,45,134,0.21808061003684998,observed
42,45,135,0.21556462347507477,observed
42,45,136,0.23086953163146973,observed
42,45,137,0.1980704367160797,observed
42,45,138,0.2010711282491684,observed
42,45,139,0.4369671642780304,observed
42,45,140,0.19540970027446747,observed
42,45,141,0.2108430713415146,observed
42,45,142,0.21571505069732666,observed
42,45,143,0.19016510248184204,observed
42,45,144,0.2180764526128769,observed
42,45,145,0.21973800659179688,observed
42,45,146,0.7228459715843201,observed
42,45,147,0.24732519686222076,observed
42,45,148,0.5857977867126465,observed
42,45,149,0.2174031287431717,observed
42,45,150,0.25276124477386475,observed
42,45,151,0.2057051807641983,observed
42,45,152,0.21630851924419403,observed
42,45,153,0.20132063329219818,observed
42,45,154,0.2518543601036072,observed
42,45,155,0.2584497034549713,observed
42,45,156,0.19220618903636932,observed
42,45,157,0.2019471824169159,observed
42,45,158,0.2083769589662552,observed
42,45,159,0.1975606232881546,observed
42,45,160,0.18531551957130432,observed
42,45,161,0.18538057804107666,observed
42,45,162,0.23991017043590546,observed
42,45,163,0.7233582735061646,observed
42,45,164,0.24824461340904236,observed
42,45,165,0.203237384557724,observed
42,45,166,0.22894057631492615,observed
42,45,167,0.22772611677646637,observed
42,45,168,0.43130043148994446,observed
42,45,169,0.2287255972623825,observed
42,45,170,0.19690071046352386,observed
42,45,171,0.19109255075454712,observed
42,45,172,0.2843571901321411,observed
42,45,173,0.18605132400989532,observed
42,45,174,0.255389541387558,observed
42,45,175,0.24540983140468597,observed
42,45,176,0.5009686946868896,observed
42,45,177,0.21879853308200836,observed
42,45,178,0.25701698660850525,observed
42,45,179,0.2623905539512634,observed
42,45,180,0.23294660449028015,observed
42,45,181,0.20138056576251984,observed
42,45,182,0.21313704550266266,observed
42,45,183,0.20539143681526184,observed
42,45,184,0.21096403896808624,observed
42,45,185,0.2149205058813095,observed
42,45,186,0.19778165221214294,observed
42,45,187,0.21530021727085114,observed
42,45,188,0.23563407361507416,observed
42,45,189,0.22755420207977295,observed
42,45,190,0.213893324136734,observed
42,45,191,0.23108810186386108,observed
42,45,192,0.23728814721107483,observed
42,45,193,0.2278948575258255,observed
42,45,194,0.2349778711795807,observed
42,45,195,0.20336490869522095,observed
42,45,196,0.20788514614105225,observed
42,45,197,0.2566748559474945,observed
42,45,198,0.23264339566230774,observed
42,45,199,0.20920021831989288,observed
42,45,200,0.22480341792106628,observed
42,45,201,0.23954854905605316,observed
42,45,202,0.20148783922195435,observed
42,45,203,0.22778920829296112,observed
42,45,204,0.2030697762966156,observed
42,45,205,0.19564075767993927,observed
42,45,206,0.3085804879665375,observed
42,45,207,0.1969311386346817,observed
42,45,208,0.19674745202064514,observed
42,45,209,0.19907604157924652,observed
42,45,210,0.19409115612506866,observed
42,45,211,0.23671430349349976,observed
42,45,212,0.27756810188293457,observed
42,45,213,0.46575409173965454,observed
42,45,214,0.22498399019241333,observed
42,45,215,0.24199126660823822,observed
42,45,216,0.18984751403331757,observed
42,45,217,0.6575890779495239,observed
42,45,218,0.22406643629074097,observed
42,45,219,0.2547813653945923,observed
42,45,220,0.21445640921592712,observed
42,45,221,0.2528339922428131,observed
42,45,222,0.2550166845321655,observed
42,45,223,0.19562290608882904,observed
42,45,224,0.1997693032026291,observed
42,45,225,0.23295708000659943,observed
42,45,226,0.23560494184494019,observed
42,45,227,0.3805813789367676,observed
42,45,228,0.22062063217163086,observed
42,45,229,0.22524435818195343,observed
42,45,230,0.1982354074716568,observed
42,45,231,0.20510812103748322,observed
42,45,232,0.24208448827266693,observed
42,45,233,0.19797396659851074,observed
42,45,234,0.28328490257263184,observed
42,45,235,0.18599432706832886,observed
42,45,236,0.2667299211025238,observed
42,45,237,0.21547161042690277,observed
42,45,238,0.20945267379283905,observed
42,45,239,0.18546167016029358,observed
42,45,240,0.23413333296775818,observed
42,45,241,0.22212472558021545,observed
42,45,242,0.20911088585853577,observed
42,45,243,0.23934179544448853,observed
42,45,244,0.22865423560142517,observed
42,45,245,0.2110692411661148,observed
42,45,246,0.17340302467346191,observed
42,45,247,0.31334033608436584,observed
42,45,248,0.23375198245048523,observed
42,45,249,0.2286733239889145,observed
42,45,250,0.2172701507806778,observed
42,45,251,0.28649500012397766,observed
42,45,252,0.1891861855983734,observed
42,45,253,0.219702810049057,observed
42,45,254,0.18520012497901917,observed
42,45,255,0.20658214390277863,observed
42,45,256,0.21725182235240936,observed
42,45,257,0.2140168398618698,observed
42,45,258,0.2198897749185562,observed
42,45,259,0.28498971462249756,observed
42,45,260,0.21904873847961426,observed
42,45,261,0.1836768388748169,observed
42,45,262,0.22087596356868744,observed
42,45,263,0.2012813240289688,observed
42,45,264,0.1911933720111847,observed
42,45,265,0.19612807035446167,observed
42,45,266,0.23974983394145966,observed
42,45,267,0.2076897770166397,observed
42,45,268,0.2205217480659485,observed
42,45,269,0.19010286033153534,observed
42,45,270,0.19140763580799103,observed
42,45,271,0.24628840386867523,observed
42,45,272,0.1920212358236313,observed
42,45,273,0.22253340482711792,observed
42,45,274,0.2057059109210968,observed
42,45,275,0.20780237019062042,observed
42,45,276,0.22251763939857483,observed
42,45,277,0.21394962072372437,observed
42,45,278,0.3248194456100464,observed
42,45,279,0.22125905752182007,observed
42,45,280,0.27876389026641846,observed
42,45,281,0.22154569625854492,observed
42,45,282,0.2649855315685272,observed
42,45,283,0.2562461495399475,observed
42,45,284,0.19485190510749817,observed
42,45,285,0.2164112776517868,observed
42,45,286,0.19994089007377625,observed
42,45,287,0.2173069268465042,observed
42,45,288,0.24703246355056763,observed
42,45,289,0.20372086763381958,observed
42,45,290,0.21822823584079742,observed
42,45,291,0.21200157701969147,observed
42,45,292,0.2543469965457916,observed
42,45,293,0.22366413474082947,observed
42,45,294,0.22444091737270355,observed
42,45,295,0.33325672149658203,observed
42,45,296,0.23817916214466095,observed
42,45,297,0.214248925447464,observed
42,45,298,0.2026340663433075,observed
42,45,299,0.20952938497066498,observed
42,45,300,0.18048490583896637,observed
42,45,301,0.2321997731924057,observed
42,45,302,0.2417539656162262,observed
42,45,303,0.19545036554336548,observed
42,45,304,0.21254794299602509,observed
42,45,305,0.19171969592571259,observed
42,45,306,0.22187568247318268,observed
42,45,307,0.23393118381500244,observed
42,45,308,0.20971611142158508,observed
42,45,309,0.4283560812473297,observed
42,45,310,0.2530691623687744,observed
42,45,311,0.20062488317489624,observed
42,45,312,0.20776259899139404,observed
42,45,313,0.19020438194274902,observed
42,45,314,0.19055111706256866,observed
42,45,315,0.21688462793827057,observed
42,45,316,0.19579002261161804,observed
42,45,317,0.21390804648399353,observed
42,45,318,0.21912936866283417,observed
42,45,319,0.21693605184555054,observed
42,45,320,0.22449128329753876,observed
42,45,321,0.2567240595817566,observed
42,45,322,0.28692734241485596,observed
42,45,323,0.18806308507919312,observed
42,45,324,0.1901775300502777,observed
42,45,325,0.31052738428115845,observed
42,45,326,0.25525277853012085,observed
42,45,327,0.19335998594760895,observed
42,45,328,0.2028389722108841,observed
42,45,329,0.19227589666843414,observed
42,45,330,0.3819582760334015,observed
42,45,331,0.19121725857257843,observed
42,45,332,0.2142503708600998,observed
42,45,333,0.22904075682163239,observed
42,45,334,0.22953225672245026,observed
42,45,335,0.228303462266922,observed
42,45,336,0.23584692180156708,observed
42,45,337,0.17761246860027313,observed
42,45,338,0.18559391796588898,observed
42,45,339,0.25929516553878784,observed
42,45,340,0.23071320354938507,observed
42,45,341,0.20936700701713562,observed
42,45,342,0.22616323828697205,observed
42,45,343,0.19520455598831177,observed
42,45,344,0.20932506024837494,observed
42,45,345,0.21981216967105865,observed
42,45,346,0.6667985320091248,observed
42,45,347,0.1921292245388031,observed
42,45,348,0.21048285067081451,observed
42,45,349,0.2333434522151947,observed
42,45,350,0.20798704028129578,observed
42,45,351,0.20253491401672363,observed
42,45,352,0.2137446254491806,observed
42,45,353,0.793297290802002,observed
42,45,354,0.6893439888954163,observed
42,45,355,0.21718887984752655,observed
42,45,356,0.21458813548088074,observed
42,45,357,0.21359652280807495,observed
42,45,358,0.23262690007686615,observed
42,45,359,0.1995941698551178,observed
42,45,360,0.38518229126930237,observed
42,45,361,0.22686521708965302,observed
42,45,362,0.19627676904201508,observed
42,45,363,0.39103078842163086,observed
42,45,364,0.21312260627746582,observed
42,45,365,0.19309775531291962,observed
42,45,366,0.19962452352046967,observed
42,45,367,0.22347961366176605,observed
42,45,368,0.23654702305793762,observed
42,45,369,0.22335287928581238,observed
42,45,370,0.2248828411102295,observed
42,45,371,0.27248892188072205,observed
42,45,372,0.22706614434719086,observed
42,45,373,0.21949869394302368,observed
42,45,374,0.19558969140052795,observed
42,45,375,0.1954866349697113,observed
42,45,376,0.23359914124011993,observed
42,45,377,0.2589910924434662,observed
42,45,378,0.20926038920879364,observed
42,45,379,0.221578449010849,observed
42,45,380,0.20919112861156464,observed
42,45,381,0.38905593752861023,observed
42,45,382,0.1862727701663971,observed
42,45,383,0.20477107167243958,observed
42,45,384,0.22998513281345367,observed
42,45,385,0.22101081907749176,observed
42,45,386,0.19090406596660614,observed
42,45,387,0.903529703617096,observed
42,45,388,0.18122166395187378,observed
42,45,389,0.19295604526996613,observed
42,45,390,0.22877022624015808,observed
42,45,391,0.3472485840320587,observed
42,45,392,0.19509123265743256,observed
42,45,393,0.23598134517669678,observed
42,45,394,0.21957296133041382,observed
42,45,395,0.23060551285743713,observed
42,45,396,0.2317468523979187,observed
42,45,397,0.1938645839691162,observed
42,45,398,0.22605246305465698,observed
42,45,399,0.22149594128131866,observed
42,45,400,0.23995234072208405,observed
42,45,401,0.21345220506191254,observed
42,45,402,0.19802138209342957,observed
42,45,403,0.2090732604265213,observed
42,45,404,0.18120065331459045,observed
42,45,405,0.2376573383808136,observed
42,45,406,0.1947895735502243,observed
42,45,407,0.2059466540813446,observed
42,45,408,0.2233772575855255,observed
42,45,409,0.19986622035503387,observed
42,45,410,0.21593798696994781,observed
42,45,411,0.23896649479866028,observed
42,45,412,0.20034393668174744,observed
42,45,413,0.18874888122081757,observed
42,45,414,0.19630099833011627,observed
42,45,415,0.21477189660072327,observed
42,45,416,0.21487970650196075,observed
42,45,417,0.20548953115940094,observed
42,45,418,0.21092528104782104,observed
42,45,419,0.6041043996810913,observed
42,45,420,0.20592768490314484,observed
42,45,421,0.2200821191072464,observed
42,45,422,0.20722608268260956,observed
42,45,423,0.21094608306884766,observed
42,45,424,0.24252267181873322,observed
42,45,425,0.27904319763183594,observed
42,45,426,0.2097194343805313,observed
42,45,427,0.202959805727005,observed
42,45,428,0.22407254576683044,observed
42,45,429,0.20245303213596344,observed
42,45,430,0.22003640234470367,observed
42,45,431,0.21567700803279877,observed
42,45,432,0.20518271625041962,observed
42,45,433,0.23610223829746246,observed
42,45,434,0.2143791764974594,observed
42,45,435,0.19976046681404114,observed
42,45,436,0.23670139908790588,observed
42,45,437,0.2087254822254181,observed
42,45,438,0.2043095976114273,observed
42,45,439,0.24502553045749664,observed
42,45,440,0.21992994844913483,observed
42,45,441,0.7867692112922668,observed
42,45,442,0.6591697335243225,observed
42,45,443,0.18944677710533142,observed
42,45,444,0.22464372217655182,observed
42,45,445,0.21861131489276886,observed
42,45,446,0.20514348149299622,observed
42,45,447,0.2254098802804947,observed
42,45,448,0.382367879152298,observed
42,45,449,0.1974163055419922,observed
42,45,450,0.190438911318779,observed
42,45,451,0.19464696943759918,observed
42,45,452,0.2227146029472351,observed
42,45,453,0.4370448887348175,observed
42,45,454,0.193332239985466,observed
42,45,455,0.1846829652786255,observed
42,45,456,0.1913209855556488,observed
42,45,457,0.21213267743587494,observed
42,45,458,0.1911078691482544,observed
42,45,459,0.22339586913585663,observed
42,45,460,0.26806381344795227,observed
42,45,461,0.19061408936977386,observed
42,45,462,0.21638961136341095,observed
42,45,463,0.18503020703792572,observed
42,45,464,0.20537883043289185,observed
42,45,465,0.2913271486759186,observed
42,45,466,0.2077915519475937,observed
42,45,467,0.19288784265518188,observed
42,45,468,0.24257433414459229,observed
42,45,469,0.203647181391716,observed
42,45,470,0.38330164551734924,observed
42,45,471,0.2076893150806427,observed
42,45,472,0.1932981312274933,observed
42,45,473,0.21329542994499207,observed
42,45,474,0.21646852791309357,observed
42,45,475,0.2172500044107437,observed
42,45,476,0.2015916109085083,observed
42,45,477,0.22529275715351105,observed
42,45,478,0.24273781478405,observed
42,45,479,0.19000723958015442,observed
42,45,480,0.2535715103149414,observed
42,45,481,0.19132523238658905,observed
42,45,482,0.24278979003429413,observed
42,45,483,0.2977592945098877,observed
42,45,484,0.22620512545108795,observed
42,45,485,0.19420932233333588,observed
42,45,486,0.2012128382921219,observed
42,45,487,0.19872447848320007,observed
42,45,488,0.18713116645812988,observed
42,45,489,0.22244057059288025,observed
42,45,490,0.2848736345767975,observed
42,45,491,0.22339825332164764,observed
42,45,492,0.2071463018655777,observed
42,45,493,0.2604701817035675,observed
42,45,494,0.18172474205493927,observed
42,45,495,0.2409481406211853,observed
42,45,496,0.23990245163440704,observed
42,45,497,0.2372453510761261,observed
42,45,498,0.20508882403373718,observed
42,45,499,0.22502902150154114,observed
42,45,500,0.1942511349916458,observed
42,45,501,0.24195104837417603,observed
42,45,502,0.2136281579732895,observed
42,45,503,0.20502398908138275,observed
42,45,504,0.19754920899868011,observed
42,45,505,0.3067653775215149,observed
42,45,506,0.2280420958995819,observed
42,45,507,0.25118082761764526,observed
42,45,508,0.23805555701255798,observed
42,45,509,0.19690075516700745,observed
42,45,510,0.19562506675720215,observed
42,45,511,0.288845032453537,observed
42,45,512,0.25759416818618774,observed
42,45,513,0.2184368073940277,observed
42,45,514,0.21192657947540283,observed
42,45,515,0.2665575444698334,observed
42,45,516,0.21055962145328522,observed
42,45,517,0.21992473304271698,observed
42,45,518,0.22257670760154724,observed
42,45,519,0.20494040846824646,observed
42,45,520,0.20679202675819397,observed
42,45,521,0.18786105513572693,observed
42,45,522,0.18490120768547058,observed
42,45,523,0.30990442633628845,observed
42,45,524,0.21405622363090515,observed
42,45,525,0.19459985196590424,observed
42,45,526,0.22262202203273773,observed
42,45,527,0.20093010365962982,observed
42,45,528,0.35497498512268066,observed
42,45,529,0.42219486832618713,observed
42,45,530,0.2060277909040451,observed
42,45,531,0.1975013166666031,observed
42,45,532,0.2037155032157898,observed
42,45,533,0.18760474026203156,observed
42,45,534,0.19024714827537537,observed
42,45,535,0.23758000135421753,observed
42,45,536,0.20923320949077606,observed
42,45,537,0.19569510221481323,observed
42,45,538,0.7161617279052734,observed
42,45,539,0.21088044345378876,observed
42,45,540,0.2061924934387207,observed
42,45,541,0.2112644463777542,observed
42,45,542,0.22085870802402496,observed
42,45,543,0.23249033093452454,observed
42,45,544,0.21926884353160858,observed
42,45,545,0.18753665685653687,observed
42,45,546,0.19730481505393982,observed
42,45,547,0.20892342925071716,observed
42,45,548,0.21915489435195923,observed
42,45,549,0.21713989973068237,observed
42,45,550,0.20533804595470428,observed
42,45,551,0.24150505661964417,observed
42,45,552,0.22523567080497742,observed
42,45,553,0.18466006219387054,observed
42,45,554,0.22697889804840088,observed
42,45,555,0.20225104689598083,observed
42,45,556,0.1961125135421753,observed
42,45,557,0.773800790309906,observed
42,45,558,0.20755229890346527,observed
42,45,559,0.17743442952632904,observed
42,45,560,0.20542879402637482,observed
42,45,561,0.2246384173631668,observed
42,45,562,0.1887708604335785,observed
42,45,563,0.20481491088867188,observed
42,45,564,0.23808616399765015,observed
42,45,565,0.18477554619312286,observed
42,45,566,0.1953832060098648,observed
42,45,567,0.21884573996067047,observed
42,45,568,0.26006507873535156,observed
42,45,569,0.21369238197803497,observed
42,45,570,0.21883665025234222,observed
42,45,571,0.2184068113565445,observed
42,45,572,0.22817157208919525,observed
42,45,573,0.22722478210926056,observed
42,45,574,0.22666428983211517,observed
42,45,575,0.2559620440006256,observed
42,45,576,0.19768519699573517,observed
42,45,577,0.20462444424629211,observed
42,45,578,0.23369836807250977,observed
42,45,579,0.2816421091556549,observed
42,45,580,0.553989589214325,observed
42,45,581,0.23902109265327454,observed
42,45,582,0.2012028694152832,observed
42,45,583,0.1989915817975998,observed
42,45,584,0.19363097846508026,observed
42,45,585,0.22061072289943695,observed
42,45,586,0.21326887607574463,observed
42,45,587,0.26753515005111694,observed
42,45,588,0.20641867816448212,observed
42,45,589,0.1951516568660736,observed
42,45,590,0.2242700606584549,observed
42,45,591,0.2176687866449356,observed
42,45,592,0.2300751507282257,observed
42,45,593,0.4847295582294464,observed
42,45,594,0.21295975148677826,observed
42,45,595,0.23277774453163147,observed
42,45,596,0.2533462941646576,observed
42,45,597,0.21128536760807037,observed
42,45,598,0.21672263741493225,observed
42,45,599,0.265194833278656,observed
42,45,600,0.22879919409751892,observed
42,45,601,0.20775175094604492,observed
42,45,602,0.24059270322322845,observed
42,45,603,0.23024848103523254,observed
42,45,604,0.22963067889213562,observed
42,45,605,0.36599966883659363,observed
42,45,606,0.21308521926403046,observed
42,45,607,0.21693040430545807,observed
42,45,608,0.46896618604660034,observed
42,45,609,0.18755944073200226,observed
42,45,610,0.21669813990592957,observed
42,45,611,0.20881807804107666,observed
42,45,612,0.18410979211330414,observed
42,45,613,0.1933956891298294,observed
42,45,614,0.17794041335582733,observed
42,45,615,0.2243724763393402,observed
42,45,616,0.19652943313121796,observed
42,45,617,0.22488589584827423,observed
42,45,618,0.20254550874233246,observed
42,45,619,0.23439592123031616,observed
42,45,620,0.2214098423719406,observed
42,45,621,0.19374535977840424,observed
42,45,622,0.21645157039165497,observed
42,45,623,0.19154448807239532,observed
42,45,624,0.22111059725284576,observed
42,45,625,0.19629156589508057,observed
42,45,626,0.24002324044704437,observed
42,45,627,0.23263996839523315,observed
42,45,628,0.23589347302913666,observed
42,45,629,0.2133459895849228,observed
42,45,630,0.22877004742622375,observed
42,45,631,0.1995764523744583,observed
42,45,632,0.5082498788833618,observed
42,45,633,0.20655544102191925,observed
42,45,634,0.23926366865634918,observed
42,45,635,0.23981258273124695,observed
42,45,636,0.20908905565738678,observed
42,45,637,0.28824150562286377,observed
42,45,638,0.2086281031370163,observed
42,45,639,0.19192542135715485,observed
42,45,640,0.20195303857326508,observed
42,45,641,0.21676690876483917,observed
42,45,642,0.4232003390789032,observed
42,45,643,0.2634223997592926,observed
42,45,644,0.23261922597885132,observed
42,45,645,0.21565595269203186,observed
42,45,646,0.2270900011062622,observed
42,45,647,0.3335410952568054,observed
42,45,648,0.19344165921211243,observed
42,45,649,0.24767418205738068,observed
42,45,650,0.20358996093273163,observed
42,45,651,0.23477719724178314,observed
42,45,652,0.19225694239139557,observed
42,45,653,0.20140938460826874,observed
42,45,654,0.23648780584335327,observed
42,45,655,0.2921851575374603,observed
42,45,656,0.209027960896492,observed
42,45,657,0.1928221881389618,observed
42,45,658,0.24147441983222961,observed
42,45,659,0.18596021831035614,observed
42,45,660,0.28505271673202515,observed
42,45,661,0.1807999163866043,observed
42,45,662,0.2560720145702362,observed
42,45,663,0.21387654542922974,observed
42,45,664,0.23641420900821686,observed
42,45,665,0.22500988841056824,observed
42,45,666,0.23303447663784027,observed
42,45,667,0.19785577058792114,observed
42,45,668,0.20769204199314117,observed
42,45,669,0.21368396282196045,observed
42,45,670,0.2235429286956787,observed
42,45,671,0.2620600163936615,observed
42,45,672,0.2394329458475113,observed
42,45,673,0.21211503446102142,observed
42,45,674,0.18819387257099152,observed
42,45,675,0.20083652436733246,observed
42,45,676,0.19985219836235046,observed
42,45,677,0.23649857938289642,observed
42,45,678,0.22984716296195984,observed
42,45,679,0.19900858402252197,observed
42,45,680,0.24398206174373627,observed
42,45,681,0.19010114669799805,observed
42,45,682,0.19437532126903534,observed
42,45,683,0.1987316757440567,observed
42,45,684,0.2125093936920166,observed
42,45,685,0.21088549494743347,observed
42,45,686,0.19979625940322876,observed
42,45,687,0.1944391131401062,observed
42,45,688,0.19722133874893188,observed
42,45,689,0.19287660717964172,observed
42,45,690,0.21044494211673737,observed
42,45,691,0.25854238867759705,observed
42,45,692,0.3616539537906647,observed
42,45,693,0.2529056668281555,observed
42,45,694,0.22259028255939484,observed
42,45,695,0.2129482626914978,observed
42,45,696,0.19075223803520203,observed
42,45,697,0.21270747482776642,observed
42,45,698,0.24301829934120178,observed
42,45,699,0.21759052574634552,observed
42,45,700,0.2388361692428589,observed
42,45,701,0.233723983168602,observed
42,45,702,0.26287227869033813,observed
42,45,703,0.30534887313842773,observed
42,45,704,0.20658110082149506,observed
42,45,705,0.20378217101097107,observed
42,45,706,0.275299072265625,observed
42,45,707,0.2029629498720169,observed
42,45,708,0.2669120728969574,observed
42,45,709,0.2240571528673172,observed
42,45,710,0.24307948350906372,observed
42,45,711,0.2087547928094864,observed
42,45,712,0.24909786880016327,observed
42,45,713,0.20836272835731506,observed
42,45,714,0.21594542264938354,observed
42,45,715,0.22291293740272522,observed
42,45,716,0.2112245112657547,observed
42,45,717,0.18778695166110992,observed
42,45,718,0.20408472418785095,observed
42,45,719,0.4603603780269623,observed
42,45,720,0.22933195531368256,observed
42,45,721,0.20449316501617432,observed
42,45,722,0.2723204791545868,observed
42,45,723,0.19028449058532715,observed
42,45,724,0.2681191563606262,observed
42,45,725,0.2303774058818817,observed
42,45,726,0.20300990343093872,observed
42,45,727,0.1878589391708374,observed
42,45,728,0.19926698505878448,observed
42,45,729,0.1893373429775238,observed
42,45,730,0.2140485942363739,observed
42,45,731,0.2239093780517578,observed
42,45,732,0.18897438049316406,observed
42,45,733,0.2595445215702057,observed
42,45,734,0.21233972907066345,observed
42,45,735,0.2054155468940735,observed
42,45,736,0.2293626368045807,observed
42,45,737,0.2231133133172989,observed
42,45,738,0.2611146867275238,observed
42,45,739,0.21477705240249634,observed
42,45,740,0.23548616468906403,observed
42,45,741,0.602074384689331,observed
42,45,742,0.1862872689962387,observed
42,45,743,0.22166681289672852,observed
42,45,744,0.20111699402332306,observed
42,45,745,0.21481001377105713,observed
42,45,746,0.24214297533035278,observed
42,45,747,0.2659318745136261,observed
42,45,748,0.6209490895271301,observed
42,45,749,0.1858072131872177,observed
42,45,750,0.22650356590747833,observed
42,45,751,0.20805734395980835,observed
42,45,752,0.2686804234981537,observed
42,45,753,0.22130228579044342,observed
42,45,754,0.23256677389144897,observed
42,45,755,0.1983618289232254,observed
42,45,756,0.18584540486335754,observed
42,45,757,0.22217048704624176,observed
42,45,758,0.1994941234588623,observed
42,45,759,0.2707057595252991,observed
42,45,760,0.2286258190870285,observed
42,45,761,0.22561685740947723,observed
42,45,762,0.21363180875778198,observed
42,45,763,0.2250000387430191,observed
42,45,764,0.19041453301906586,observed
42,45,765,0.19514553248882294,observed
42,45,766,0.20485036075115204,observed
42,45,767,0.2181999683380127,observed
42,45,768,0.21982567012310028,observed
42,45,769,0.3334600627422333,observed
42,45,770,0.2418425977230072,observed
42,45,771,0.19413180649280548,observed
42,45,772,0.20592881739139557,observed
42,45,773,0.22627447545528412,observed
42,45,774,0.21241572499275208,observed
42,45,775,0.21865256130695343,observed
42,45,776,0.20584799349308014,observed
42,45,777,0.19132322072982788,observed
42,45,778,0.2148485630750656,observed
42,45,779,0.210897758603096,observed
42,45,780,0.2596692442893982,observed
42,45,781,0.22362180054187775,observed
42,45,782,0.1975817084312439,observed
42,45,783,0.24570833146572113,observed
42,45,784,0.22076484560966492,observed
42,45,785,0.24151048064231873,observed
42,45,786,0.18924762308597565,observed
42,45,787,0.2672621011734009,observed
42,45,788,0.18016402423381805,observed
42,45,789,0.19440580904483795,observed
42,45,790,0.2535204589366913,observed
42,45,791,0.2063978612422943,observed
42,45,792,0.20379701256752014,observed
42,45,793,0.22362838685512543,observed
42,45,794,0.2397274523973465,observed
42,45,795,0.2394898682832718,observed
42,45,796,0.20209790766239166,observed
42,45,797,0.2354317456483841,observed
42,45,798,0.1840318739414215,observed
42,45,799,0.22033599019050598,observed
42,45,800,0.6477684378623962,observed
42,45,801,0.21971258521080017,observed
42,45,802,0.22030457854270935,observed
42,45,803,0.33799421787261963,observed
42,45,804,0.24084961414337158,observed
42,45,805,0.19747638702392578,observed
42,45,806,0.4791317582130432,observed
42,45,807,0.48793894052505493,observed
42,45,808,0.2366882860660553,observed
42,45,809,0.18728703260421753,observed
42,45,810,0.2370423525571823,observed
42,45,811,0.24213145673274994,observed
42,45,812,0.22077566385269165,observed
42,45,813,0.24220824241638184,observed
42,45,814,0.20576269924640656,observed
42,45,815,0.19988250732421875,observed
42,45,816,0.18974585831165314,observed
42,45,817,0.20002897083759308,observed
42,45,818,0.20485541224479675,observed
42,45,819,0.2025609016418457,observed
42,45,820,0.1951197385787964,observed
42,45,821,0.2287244200706482,observed
42,45,822,0.21011416614055634,observed
42,45,823,0.19624239206314087,observed
42,45,824,0.24108590185642242,observed
42,45,825,0.2312774360179901,observed
42,45,826,0.2130015790462494,observed
42,45,827,0.20958925783634186,observed
42,45,828,0.24116013944149017,observed
42,45,829,0.2057366818189621,observed
42,45,830,0.21325254440307617,observed
42,45,831,0.6281876564025879,observed
42,45,832,0.2083859145641327,observed
42,45,833,0.24032701551914215,observed
42,45,834,0.21511423587799072,observed
42,45,835,0.2356778234243393,observed
42,45,836,0.2051117718219757,observed
42,45,837,0.23931384086608887,observed
42,45,838,0.22969907522201538,observed
42,45,839,0.19668257236480713,observed
42,45,840,0.2123900055885315,observed
42,45,841,0.3259012997150421,observed
42,45,842,0.2085936963558197,observed
42,45,843,0.20988452434539795,observed
42,45,844,0.23408979177474976,observed
42,45,845,0.2408440113067627,observed
42,45,846,0.20246268808841705,observed
42,45,847,0.2009875774383545,observed
42,45,848,0.21452116966247559,observed
42,45,849,0.2512567341327667,observed
42,45,850,0.2078753560781479,observed
42,45,851,0.18669019639492035,observed
42,45,852,0.21016289293766022,observed
42,45,853,0.2800579071044922,observed
42,45,854,0.8873405456542969,observed
42,45,855,0.19960427284240723,observed
42,45,856,0.24648962914943695,observed
42,45,857,0.17853930592536926,observed
42,45,858,0.2884470820426941,observed
42,45,859,0.22200454771518707,observed
42,45,860,0.22212539613246918,observed
42,45,861,0.20199301838874817,observed
42,45,862,0.31433889269828796,observed
42,45,863,0.23200839757919312,observed
42,45,864,0.21479415893554688,observed
42,45,865,0.16694632172584534,observed
42,45,866,0.1994539201259613,observed
42,45,867,0.23083336651325226,observed
42,45,868,0.20059700310230255,observed
42,45,869,0.20136070251464844,observed
42,45,870,0.22373926639556885,observed
42,45,871,0.24266137182712555,observed
42,45,872,0.18093593418598175,observed
42,45,873,0.21076460182666779,observed
42,45,874,0.208979994058609,observed
42,45,875,0.18523170053958893,observed
42,45,876,0.21981018781661987,observed
42,45,877,0.4377964437007904,observed
42,45,878,0.2345963716506958,observed
42,45,879,0.21561206877231598,observed
42,45,880,0.8011811971664429,observed
42,45,881,0.20894233882427216,observed
42,45,882,0.20192310214042664,observed
42,45,883,0.20100153982639313,observed
42,45,884,0.17965716123580933,observed
42,45,885,0.20327410101890564,observed
42,45,886,0.2709891200065613,observed
42,45,887,0.2237522304058075,observed
42,45,888,0.1886911541223526,observed
42,45,889,0.20969799160957336,observed
42,45,890,0.22026100754737854,observed
42,45,891,0.2368069887161255,observed
42,45,892,0.22291240096092224,observed
42,45,893,0.22361959517002106,observed
42,45,894,0.2635405957698822,observed
42,45,895,0.21492962539196014,observed
42,45,896,0.2100037932395935,observed
42,45,897,0.21428807079792023,observed
42,45,898,0.20661620795726776,observed
42,45,899,0.17943008244037628,observed
42,45,900,0.20711658895015717,observed
42,45,901,0.3420243561267853,observed
42,45,902,0.17608226835727692,observed
42,45,903,0.23070715367794037,observed
42,45,904,0.21649035811424255,observed
42,45,905,0.20510722696781158,observed
42,45,906,0.21015548706054688,observed
42,45,907,0.29844290018081665,observed
42,45,908,0.2526565194129944,observed
42,45,909,0.2330963909626007,observed
42,45,910,0.28730684518814087,observed
42,45,911,0.21507805585861206,observed
42,45,912,0.19780543446540833,observed
42,45,913,0.21998710930347443,observed
42,45,914,0.20135416090488434,observed
42,45,915,0.21889160573482513,observed
42,45,916,0.23452351987361908,observed
42,45,917,0.18162888288497925,observed
42,45,918,0.4846365749835968,observed
42,45,919,0.20795901119709015,observed
42,45,920,0.18303914368152618,observed
42,45,921,0.21870575845241547,observed
42,45,922,0.18599599599838257,observed
42,45,923,0.20696640014648438,observed
42,45,924,0.20657183229923248,observed
42,45,925,0.24436648190021515,observed
42,45,926,0.24437424540519714,observed
42,45,927,0.2063138335943222,observed
42,45,928,0.20084908604621887,observed
42,45,929,0.2419729381799698,observed
42,45,930,0.211594358086586,observed
42,45,931,0.2015838772058487,observed
42,45,932,0.2177702933549881,observed
42,45,933,0.21325869858264923,observed
42,45,934,0.22635646164417267,observed
42,45,935,0.21267879009246826,observed
42,45,936,0.23088021576404572,observed
42,45,937,0.19895687699317932,observed
42,45,938,0.18939973413944244,observed
42,45,939,0.2032572329044342,observed
42,45,940,0.22427892684936523,observed
42,45,941,0.24156220257282257,observed
42,45,942,0.19636215269565582,observed
42,45,943,0.2232629358768463,observed
42,45,944,0.22738179564476013,observed
42,45,945,0.2420453280210495,observed
42,45,946,0.20232215523719788,observed
42,45,947,0.24784094095230103,observed
42,45,948,0.20787952840328217,observed
42,45,949,0.20394784212112427,observed
42,45,950,0.26093196868896484,observed
42,45,951,0.19311513006687164,observed
42,45,952,0.5335407853126526,observed
42,45,953,0.23423504829406738,observed
42,45,954,0.20430929958820343,observed
42,45,955,0.18759876489639282,observed
42,45,956,0.25261956453323364,observed
42,45,957,0.23494718968868256,observed
42,45,958,0.31670716404914856,observed
42,45,959,0.23671960830688477,observed
42,45,960,0.1997251808643341,observed
42,45,961,0.19532166421413422,observed
42,45,962,0.20962698757648468,observed
42,45,963,0.261018842458725,observed
42,45,964,0.2382381111383438,observed
42,45,965,0.19160941243171692,observed
42,45,966,0.19231955707073212,observed
42,45,967,0.20857654511928558,observed
42,45,968,0.22334888577461243,observed
42,45,969,0.22657105326652527,observed
42,45,970,0.22773373126983643,observed
42,45,971,0.2079445719718933,observed
42,45,972,0.2098531723022461,observed
42,45,973,0.21876655519008636,observed
42,45,974,0.25138387084007263,observed
42,45,975,0.24137991666793823,observed
42,45,976,0.2335381656885147,observed
42,45,977,0.2261553257703781,observed
42,45,978,0.35473719239234924,observed
42,45,979,0.2369478940963745,observed
42,45,980,0.22290191054344177,observed
42,45,981,0.19630900025367737,observed
42,45,982,0.22359339892864227,observed
42,45,983,0.2036227434873581,observed
42,45,984,0.19275397062301636,observed
42,45,985,0.17521809041500092,observed
42,45,986,0.24611899256706238,observed
42,45,987,0.21860834956169128,observed
42,45,988,0.20343972742557526,observed
42,45,989,0.21061940491199493,observed
42,45,990,0.21147653460502625,observed
42,45,991,0.19411882758140564,observed
42,45,992,0.20215585827827454,observed
42,45,993,0.22540539503097534,observed
42,45,994,0.2200850546360016,observed
42,45,995,0.21255744993686676,observed
42,45,996,0.19418522715568542,observed
42,45,997,0.20881319046020508,observed
42,45,998,0.21160952746868134,observed
42,45,999,0.207744762301445,observed
42,45,1000,0.24956032633781433,observed
42,45,1001,0.22821679711341858,observed
42,45,1002,0.21111612021923065,observed
42,45,1003,0.2847435474395752,observed
42,45,1004,0.580479621887207,observed
42,45,1005,0.2544284760951996,observed
42,45,1006,0.1968967318534851,observed
42,45,1007,0.2138076275587082,observed
42,45,1008,0.26630455255508423,observed
42,45,1009,0.2581322491168976,observed
42,45,1010,0.27012330293655396,observed
42,45,1011,0.2246800661087036,observed
42,45,1012,0.2907448410987854,observed
42,45,1013,0.19878236949443817,observed
42,45,1014,0.2512190043926239,observed
42,45,1015,0.20581141114234924,observed
42,45,1016,0.21197175979614258,observed
42,45,1017,0.24639417231082916,observed
42,45,1018,0.3689640462398529,observed
42,45,1019,0.22592370212078094,observed
42,45,1020,0.22890304028987885,observed
42,45,1021,0.2276761382818222,observed
42,45,1022,0.4894745349884033,observed
42,45,1023,0.22242245078086853,observed
42,46,0,0.1920798271894455,observed
42,46,1,0.23407027125358582,observed
42,46,2,0.19426888227462769,observed
42,46,3,0.20819923281669617,observed
42,46,4,0.18132387101650238,observed
42,46,5,0.191750630736351,observed
42,46,6,0.20538586378097534,observed
42,46,7,0.17971645295619965,observed
42,46,8,0.3094004690647125,observed
42,46,9,0.20828767120838165,observed
42,46,10,0.23376710712909698,observed
42,46,11,0.2155235856771469,observed
42,46,12,0.2204396277666092,observed
42,46,13,0.20331259071826935,observed
42,46,14,0.28089720010757446,observed
42,46,15,0.21663685142993927,observed
42,46,16,0.22767002880573273,observed
42,46,17,0.20663480460643768,observed
42,46,18,0.21402300894260406,observed
42,46,19,0.2206859141588211,observed
42,46,20,0.22626511752605438,observed
42,46,21,0.23320698738098145,observed
42,46,22,0.24891239404678345,observed
42,46,23,0.2021956741809845,observed
42,46,24,0.2393721491098404,observed
42,46,25,0.2566835880279541,observed
42,46,26,0.7496494650840759,observed
42,46,27,0.3768881857395172,observed
42,46,28,0.21827521920204163,observed
42,46,29,0.25089511275291443,observed
42,46,30,0.2125975638628006,observed
42,46,31,0.2043152153491974,observed
42,46,32,0.2540159523487091,observed
42,46,33,0.1870885193347931,observed
42,46,34,0.26533591747283936,observed
42,46,35,0.24443618953227997,observed
42,46,36,0.25364649295806885,observed
42,46,37,0.2205999791622162,observed
42,46,38,0.20757634937763214,observed
42,46,39,0.20763401687145233,observed
42,46,40,0.19972220063209534,observed
42,46,41,0.30499860644340515,observed
42,46,42,0.1983582228422165,observed
42,46,43,0.19095273315906525,observed
42,46,44,0.1895574927330017,observed
42,46,45,0.1956937313079834,observed
42,46,46,0.1999293714761734,observed
42,46,47,0.3203112781047821,observed
42,46,48,0.20781713724136353,observed
42,46,49,0.20013657212257385,observed
42,46,50,0.2177208960056305,observed
42,46,51,0.20325060188770294,observed
42,46,52,0.23050720989704132,observed
42,46,53,0.20065246522426605,observed
42,46,54,0.18623800575733185,observed
42,46,55,0.2094149887561798,observed
42,46,56,0.19416415691375732,observed
42,46,57,0.22772550582885742,observed
42,46,58,0.20156896114349365,observed
42,46,59,0.22029028832912445,observed
42,46,60,0.19890311360359192,observed
42,46,61,0.443247526884079,observed
42,46,62,0.237388014793396,observed
42,46,63,0.19118095934391022,observed
42,46,64,0.1919683963060379,observed
42,46,65,0.18948374688625336,observed
42,46,66,0.2179727405309677,observed
42,46,67,0.18405462801456451,observed
42,46,68,0.22340308129787445,observed
42,46,69,0.20833376049995422,observed
42,46,70,0.2600875496864319,observed
42,46,71,0.2586248219013214,observed
42,46,72,0.21462729573249817,observed
42,46,73,0.19195212423801422,observed
42,46,74,0.22587181627750397,observed
42,46,75,0.21488085389137268,observed
42,46,76,0.40151986479759216,observed
42,46,77,0.3968561589717865,observed
42,46,78,0.25461673736572266,observed
42,46,79,0.19439199566841125,observed
42,46,80,0.18354623019695282,observed
42,46,81,0.2288525253534317,observed
42,46,82,0.2225799858570099,observed
42,46,83,0.2162264883518219,observed
42,46,84,0.20569466054439545,observed
42,46,85,0.2087237387895584,observed
42,46,86,0.2118796706199646,observed
42,46,87,0.21102797985076904,observed
42,46,88,0.2122822254896164,observed
42,46,89,0.20490294694900513,observed
42,46,90,0.27464088797569275,observed
42,46,91,0.189254030585289,observed
42,46,92,0.20837455987930298,observed
42,46,93,0.22120913863182068,observed
42,46,94,0.21690653264522552,observed
42,46,95,0.19592392444610596,observed
42,46,96,0.2251894623041153,observed
42,46,97,0.1916380524635315,observed
42,46,98,0.17422612011432648,observed
42,46,99,0.19956819713115692,observed
42,46,100,0.6343749761581421,observed
42,46,101,0.20148883759975433,observed
42,46,102,0.2353823482990265,observed
42,46,103,0.2068065106868744,observed
42,46,104,0.27538546919822693,observed
42,46,105,0.18725818395614624,observed
42,46,106,0.21016770601272583,observed
42,46,107,0.20131121575832367,observed
42,46,108,0.18700893223285675,observed
42,46,109,0.2188325971364975,observed
42,46,110,0.20884136855602264,observed
42,46,111,0.19613231718540192,observed
42,46,112,0.1745147705078125,observed
42,46,113,0.39853158593177795,observed
42,46,114,0.21767929196357727,observed
42,46,115,0.1982239931821823,observed
42,46,116,0.2450122982263565,observed
42,46,117,0.20253923535346985,observed
42,46,118,0.19849234819412231,observed
42,46,119,0.2223508507013321,observed
42,46,120,0.23752830922603607,observed
42,46,121,0.21405747532844543,observed
42,46,122,0.20938821136951447,observed
42,46,123,0.21587468683719635,observed
42,46,124,0.32764747738838196,observed
42,46,125,0.25081247091293335,observed
42,46,126,0.21495503187179565,observed
42,46,127,0.18854385614395142,observed
42,46,128,0.21820200979709625,observed
42,46,129,0.19584523141384125,observed
42,46,130,0.24511536955833435,observed
42,46,131,0.22125743329524994,observed
42,46,132,0.20149798691272736,observed
42,46,133,0.20925775170326233,observed
42,46,134,0.19294030964374542,observed
42,46,135,0.22579245269298553,observed
42,46,136,0.1810031235218048,observed
42,46,137,0.26038187742233276,observed
42,46,138,0.2129504680633545,observed
42,46,139,0.3482472896575928,observed
42,46,140,0.20599566400051117,observed
42,46,141,0.22265362739562988,observed
42,46,142,0.23152048885822296,observed
42,46,143,0.19725234806537628,observed
42,46,144,0.23009727895259857,observed
42,46,145,0.21246136724948883,observed
42,46,146,0.7725206613540649,observed
42,46,147,0.20744040608406067,observed
42,46,148,0.5026755928993225,observed
42,46,149,0.24830712378025055,observed
42,46,150,0.2407003492116928,observed
42,46,151,0.20215877890586853,observed
42,46,152,0.2249908745288849,observed
42,46,153,0.23055431246757507,observed
42,46,154,0.23417167365550995,observed
42,46,155,0.24718108773231506,observed
42,46,156,0.19170726835727692,observed
42,46,157,0.23808994889259338,observed
42,46,158,0.18713362514972687,observed
42,46,159,0.2428833395242691,observed
42,46,160,0.18575190007686615,observed
42,46,161,0.2143016755580902,observed
42,46,162,0.21323616802692413,observed
42,46,163,0.6164416074752808,observed
42,46,164,0.20320436358451843,observed
42,46,165,0.24032747745513916,observed
42,46,166,0.2500501275062561,observed
42,46,167,0.2027013599872589,observed
42,46,168,0.3503943085670471,observed
42,46,169,0.18723082542419434,observed
42,46,170,0.2261422872543335,observed
42,46,171,0.22224484384059906,observed
42,46,172,0.2684069871902466,observed
42,46,173,0.2077825963497162,observed
42,46,174,0.19532200694084167,observed
42,46,175,0.2749563753604889,observed
42,46,176,0.5052510499954224,observed
42,46,177,0.21242249011993408,observed
42,46,178,0.26515743136405945,observed
42,46,179,0.1932356059551239,observed
42,46,180,0.20501098036766052,observed
42,46,181,0.25659897923469543,observed
42,46,182,0.1902729868888855,observed
42,46,183,0.24476467072963715,observed
42,46,184,0.2732659876346588,observed
42,46,185,0.2473974972963333,observed
42,46,186,0.22360186278820038,observed
42,46,187,0.19874131679534912,observed
42,46,188,0.25778064131736755,observed
42,46,189,0.23105378448963165,observed
42,46,190,0.23768296837806702,observed
42,46,191,0.21300843358039856,observed
42,46,192,0.21782520413398743,observed
42,46,193,0.20803767442703247,observed
42,46,194,0.19039194285869598,observed
42,46,195,0.18997162580490112,observed
42,46,196,0.2157202959060669,observed
42,46,197,0.2499927580356598,observed
42,46,198,0.1929294764995575,observed
42,46,199,0.18797703087329865,observed
42,46,200,0.2146235555410385,observed
42,46,201,0.20012491941452026,observed
42,46,202,0.22125624120235443,observed
42,46,203,0.19246245920658112,observed
42,46,204,0.21228881180286407,observed
42,46,205,0.2333163172006607,observed
42,46,206,0.33039507269859314,observed
42,46,207,0.18506735563278198,observed
42,46,208,0.19952665269374847,observed
42,46,209,0.20556913316249847,observed
42,46,210,0.2173100709915161,observed
42,46,211,0.23444578051567078,observed
42,46,212,0.22921600937843323,observed
42,46,213,0.45165354013442993,observed
42,46,214,0.2453290969133377,observed
42,46,215,0.21434734761714935,observed
42,46,216,0.22326786816120148,observed
42,46,217,0.7145047187805176,observed
42,46,218,0.21714232861995697,observed
42,46,219,0.1978369951248169,observed
42,46,220,0.1798146367073059,observed
42,46,221,0.23631562292575836,observed
42,46,222,0.21391893923282623,observed
42,46,223,0.1923448145389557,observed
42,46,224,0.20074719190597534,observed
42,46,225,0.2321382611989975,observed
42,46,226,0.23683783411979675,observed
42,46,227,0.28882911801338196,observed
42,46,228,0.22011156380176544,observed
42,46,229,0.24636924266815186,observed
42,46,230,0.21846042573451996,observed
42,46,231,0.20385411381721497,observed
42,46,232,0.2411341369152069,observed
42,46,233,0.23016852140426636,observed
42,46,234,0.19552874565124512,observed
42,46,235,0.2467191368341446,observed
42,46,236,0.22911155223846436,observed
42,46,237,0.21986985206604004,observed
42,46,238,0.20916058123111725,observed
42,46,239,0.21698783338069916,observed
42,46,240,0.23172564804553986,observed
42,46,241,0.21632055938243866,observed
42,46,242,0.2057563215494156,observed
42,46,243,0.19937968254089355,observed
42,46,244,0.22629112005233765,observed
42,46,245,0.21279792487621307,observed
42,46,246,0.18756058812141418,observed
42,46,247,0.20410732924938202,observed
42,46,248,0.1987127661705017,observed
42,46,249,0.1945601999759674,observed
42,46,250,0.2528946101665497,observed
42,46,251,0.28697526454925537,observed
42,46,252,0.26623398065567017,observed
42,46,253,0.2077629566192627,observed
42,46,254,0.2090986669063568,observed
42,46,255,0.2155599147081375,observed
42,46,256,0.1981007605791092,observed
42,46,257,0.22113750874996185,observed
42,46,258,0.1887873411178589,observed
42,46,259,0.2776542603969574,observed
42,46,260,0.21680091321468353,observed
42,46,261,0.24052546918392181,observed
42,46,262,0.2501690089702606,observed
42,46,263,0.20682814717292786,observed
42,46,264,0.18245086073875427,observed
42,46,265,0.20317721366882324,observed
42,46,266,0.22636814415454865,observed
42,46,267,0.2278926819562912,observed
42,46,268,0.20653235912322998,observed
42,46,269,0.22639533877372742,observed
42,46,270,0.24192658066749573,observed
42,46,271,0.192473366856575,observed
42,46,272,0.19949176907539368,observed
42,46,273,0.19156160950660706,observed
42,46,274,0.2669018805027008,observed
42,46,275,0.18880721926689148,observed
42,46,276,0.21794886887073517,observed
42,46,277,0.23548008501529694,observed
42,46,278,0.24729903042316437,observed
42,46,279,0.232110396027565,observed
42,46,280,0.2337958961725235,observed
42,46,281,0.23813241720199585,observed
42,46,282,0.24870096147060394,observed
42,46,283,0.21120746433734894,observed
42,46,284,0.18847277760505676,observed
42,46,285,0.1745280921459198,observed
42,46,286,0.19836732745170593,observed
42,46,287,0.2102273851633072,observed
42,46,288,0.19648116827011108,observed
42,46,289,0.20348650217056274,observed
42,46,290,0.21129359304904938,observed
42,46,291,0.2315094918012619,observed
42,46,292,0.22177356481552124,observed
42,46,293,0.19571541249752045,observed
42,46,294,0.19932153820991516,observed
42,46,295,0.2948053479194641,observed
42,46,296,0.22572535276412964,observed
42,46,297,0.21294432878494263,observed
42,46,298,0.2015274167060852,observed
42,46,299,0.21539725363254547,observed
42,46,300,0.20433342456817627,observed
42,46,301,0.2020634412765503,observed
42,46,302,0.2209913730621338,observed
42,46,303,0.21835535764694214,observed
42,46,304,0.25000202655792236,observed
42,46,305,0.18770860135555267,observed
42,46,306,0.23674048483371735,observed
42,46,307,0.18553426861763,observed
42,46,308,0.26034340262413025,observed
42,46,309,0.34445589780807495,observed
42,46,310,0.20135371387004852,observed
42,46,311,0.24273501336574554,observed
42,46,312,0.24844786524772644,observed
42,46,313,0.24328795075416565,observed
42,46,314,0.20550057291984558,observed
42,46,315,0.19318895041942596,observed
42,46,316,0.2024572789669037,observed
42,46,317,0.19481131434440613,observed
42,46,318,0.2047705054283142,observed
42,46,319,0.195301353931427,observed
42,46,320,0.2017659991979599,observed
42,46,321,0.2090495228767395,observed
42,46,322,0.41994908452033997,observed
42,46,323,0.23718543350696564,observed
42,46,324,0.23399458825588226,observed
42,46,325,0.2825382649898529,observed
42,46,326,0.2393387109041214,observed
42,46,327,0.20436114072799683,observed
42,46,328,0.2329237312078476,observed
42,46,329,0.17919327318668365,observed
42,46,330,0.3900830149650574,observed
42,46,331,0.26605668663978577,observed
42,46,332,0.2580568790435791,observed
42,46,333,0.2634837329387665,observed
42,46,334,0.21519339084625244,observed
42,46,335,0.19019287824630737,observed
42,46,336,0.19870395958423615,observed
42,46,337,0.21270132064819336,observed
42,46,338,0.22046023607254028,observed
42,46,339,0.20471619069576263,observed
42,46,340,0.2725287973880768,observed
42,46,341,0.1998676061630249,observed
42,46,342,0.2308441698551178,observed
42,46,343,0.24148409068584442,observed
42,46,344,0.18619659543037415,observed
42,46,345,0.19317510724067688,observed
42,46,346,0.5703748464584351,observed
42,46,347,0.18576008081436157,observed
42,46,348,0.21895569562911987,observed
42,46,349,0.19789575040340424,observed
42,46,350,0.21929830312728882,observed
42,46,351,0.1930776834487915,observed
42,46,352,0.22856520116329193,observed
42,46,353,0.8099905848503113,observed
42,46,354,0.7414267659187317,observed
42,46,355,0.2331102043390274,observed
42,46,356,0.24392829835414886,observed
42,46,357,0.20753014087677002,observed
42,46,358,0.24679097533226013,observed
42,46,359,0.22296175360679626,observed
42,46,360,0.4337548017501831,observed
42,46,361,0.1924550086259842,observed
42,46,362,0.19686158001422882,observed
42,46,363,0.36335432529449463,observed
42,46,364,0.22198307514190674,observed
42,46,365,0.28085795044898987,observed
42,46,366,0.20573949813842773,observed
42,46,367,0.19805794954299927,observed
42,46,368,0.20064471662044525,observed
42,46,369,0.18423576653003693,observed
42,46,370,0.20880305767059326,observed
42,46,371,0.22382915019989014,observed
42,46,372,0.18499413132667542,observed
42,46,373,0.2245197743177414,observed
42,46,374,0.2242252230644226,observed
42,46,375,0.23069550096988678,observed
42,46,376,0.1917826533317566,observed
42,46,377,0.21162937581539154,observed
42,46,378,0.2213762253522873,observed
42,46,379,0.2360306680202484,observed
42,46,380,0.22527475655078888,observed
42,46,381,0.5657745599746704,observed
42,46,382,0.2430475354194641,observed
42,46,383,0.23050329089164734,observed
42,46,384,0.19867120683193207,observed
42,46,385,0.186031311750412,observed
42,46,386,0.21126788854599,observed
42,46,387,0.8398759961128235,observed
42,46,388,0.20014235377311707,observed
42,46,389,0.21243616938591003,observed
42,46,390,0.1865159273147583,observed
42,46,391,0.4277721345424652,observed
42,46,392,0.2042098343372345,observed
42,46,393,0.19183234870433807,observed
42,46,394,0.23918169736862183,observed
42,46,395,0.1903754323720932,observed
42,46,396,0.20460562407970428,observed
42,46,397,0.21399280428886414,observed
42,46,398,0.19263705611228943,observed
42,46,399,0.21211309731006622,observed
42,46,400,0.25423428416252136,observed
42,46,401,0.21042776107788086,observed
42,46,402,0.20101802051067352,observed
42,46,403,0.23216669261455536,observed
42,46,404,0.25159817934036255,observed
42,46,405,0.22305674850940704,observed
42,46,406,0.2524721026420593,observed
42,46,407,0.20193494856357574,observed
42,46,408,0.22098557651042938,observed
42,46,409,0.19345149397850037,observed
42,46,410,0.20619693398475647,observed
42,46,411,0.2419692426919937,observed
42,46,412,0.19672353565692902,observed
42,46,413,0.20721498131752014,observed
42,46,414,0.19438768923282623,observed
42,46,415,0.22793959081172943,observed
42,46,416,0.23170530796051025,observed
42,46,417,0.25562745332717896,observed
42,46,418,0.214488223195076,observed
42,46,419,0.6901512742042542,observed
42,46,420,0.1951470673084259,observed
42,46,421,0.2074107825756073,observed
42,46,422,0.2012336552143097,observed
42,46,423,0.2325943410396576,observed
42,46,424,0.32340604066848755,observed
42,46,425,0.20235319435596466,observed
42,46,426,0.20620998740196228,observed
42,46,427,0.23779405653476715,observed
42,46,428,0.21156974136829376,observed
42,46,429,0.23201443254947662,observed
42,46,430,0.2209266573190689,observed
42,46,431,0.2095816433429718,observed
42,46,432,0.2093566507101059,observed
42,46,433,0.1853361427783966,observed
42,46,434,0.18717524409294128,observed
42,46,435,0.21065391600131989,observed
42,46,436,0.2239321917295456,observed
42,46,437,0.19929637014865875,observed
42,46,438,0.21343974769115448,observed
42,46,439,0.21213921904563904,observed
42,46,440,0.1974545419216156,observed
42,46,441,0.8790221810340881,observed
42,46,442,0.6626725792884827,observed
42,46,443,0.20430755615234375,observed
42,46,444,0.220481276512146,observed
42,46,445,0.19913221895694733,observed
42,46,446,0.22455967962741852,observed
42,46,447,0.18235503137111664,observed
42,46,448,0.290751188993454,observed
42,46,449,0.2479672133922577,observed
42,46,450,0.2332855761051178,observed
42,46,451,0.2337682992219925,observed
42,46,452,0.20131395757198334,observed
42,46,453,0.30991920828819275,observed
42,46,454,0.20328086614608765,observed
42,46,455,0.190893292427063,observed
42,46,456,0.2010183334350586,observed
42,46,457,0.2209063321352005,observed
42,46,458,0.22395680844783783,observed
42,46,459,0.22036640346050262,observed
42,46,460,0.22920022904872894,observed
42,46,461,0.19935457408428192,observed
42,46,462,0.24790599942207336,observed
42,46,463,0.20912471413612366,observed
42,46,464,0.22517110407352448,observed
42,46,465,0.2466139942407608,observed
42,46,466,0.21126431226730347,observed
42,46,467,0.20979978144168854,observed
42,46,468,0.2742137908935547,observed
42,46,469,0.2356027066707611,observed
42,46,470,0.28837376832962036,observed
42,46,471,0.20622757077217102,observed
42,46,472,0.19413505494594574,observed
42,46,473,0.2153668850660324,observed
42,46,474,0.20621633529663086,observed
42,46,475,0.22295023500919342,observed
42,46,476,0.21417172253131866,observed
42,46,477,0.2579166889190674,observed
42,46,478,0.2435123324394226,observed
42,46,479,0.268865168094635,observed
42,46,480,0.20530134439468384,observed
42,46,481,0.197363942861557,observed
42,46,482,0.20861686766147614,observed
42,46,483,0.28260430693626404,observed
42,46,484,0.21228188276290894,observed
42,46,485,0.19971582293510437,observed
42,46,486,0.2353535145521164,observed
42,46,487,0.23014885187149048,observed
42,46,488,0.22751331329345703,observed
42,46,489,0.18447749316692352,observed
42,46,490,0.23174019157886505,observed
42,46,491,0.21225696802139282,observed
42,46,492,0.18842962384223938,observed
42,46,493,0.2712344527244568,observed
42,46,494,0.2400697022676468,observed
42,46,495,0.2504516541957855,observed
42,46,496,0.1751999408006668,observed
42,46,497,0.184880793094635,observed
42,46,498,0.23198941349983215,observed
42,46,499,0.2290060669183731,observed
42,46,500,0.20089614391326904,observed
42,46,501,0.2173321694135666,observed
42,46,502,0.19138744473457336,observed
42,46,503,0.1922253668308258,observed
42,46,504,0.1913956254720688,observed
42,46,505,0.2580816447734833,observed
42,46,506,0.22809670865535736,observed
42,46,507,0.2077709585428238,observed
42,46,508,0.2437136024236679,observed
42,46,509,0.27166441082954407,observed
42,46,510,0.2319878190755844,observed
42,46,511,0.278919517993927,observed
42,46,512,0.24162226915359497,observed
42,46,513,0.2345091551542282,observed
42,46,514,0.23704688251018524,observed
42,46,515,0.2598637640476227,observed
42,46,516,0.2749330997467041,observed
42,46,517,0.21109819412231445,observed
42,46,518,0.24252469837665558,observed
42,46,519,0.21321187913417816,observed
42,46,520,0.26315072178840637,observed
42,46,521,0.19161418080329895,observed
42,46,522,0.2157394140958786,observed
42,46,523,0.2702696919441223,observed
42,46,524,0.21423722803592682,observed
42,46,525,0.1887313723564148,observed
42,46,526,0.20577876269817352,observed
42,46,527,0.2389114946126938,observed
42,46,528,0.28937774896621704,observed
42,46,529,0.41209280490875244,observed
42,46,530,0.23980237543582916,observed
42,46,531,0.18574391305446625,observed
42,46,532,0.21760433912277222,observed
42,46,533,0.20506353676319122,observed
42,46,534,0.20772388577461243,observed
42,46,535,0.21112830936908722,observed
42,46,536,0.19479137659072876,observed
42,46,537,0.2699403762817383,observed
42,46,538,0.6497384905815125,observed
42,46,539,0.2099001407623291,observed
42,46,540,0.20677544176578522,observed
42,46,541,0.25090691447257996,observed
42,46,542,0.2642585337162018,observed
42,46,543,0.20305919647216797,observed
42,46,544,0.22748398780822754,observed
42,46,545,0.22922365367412567,observed
42,46,546,0.2391543984413147,observed
42,46,547,0.17845962941646576,observed
42,46,548,0.23386338353157043,observed
42,46,549,0.2029099464416504,observed
42,46,550,0.2078736424446106,observed
42,46,551,0.23819148540496826,observed
42,46,552,0.19815507531166077,observed
42,46,553,0.18931879103183746,observed
42,46,554,0.19275139272212982,observed
42,46,555,0.1846238374710083,observed
42,46,556,0.22768907248973846,observed
42,46,557,0.71817547082901,observed
42,46,558,0.20747186243534088,observed
42,46,559,0.23615212738513947,observed
42,46,560,0.21717077493667603,observed
42,46,561,0.19439934194087982,observed
42,46,562,0.2704333961009979,observed
42,46,563,0.22810165584087372,observed
42,46,564,0.23600853979587555,observed
42,46,565,0.23584337532520294,observed
42,46,566,0.19936475157737732,observed
42,46,567,0.19766609370708466,observed
42,46,568,0.2064182013273239,observed
42,46,569,0.20521418750286102,observed
42,46,570,0.2033601701259613,observed
42,46,571,0.23357892036437988,observed
42,46,572,0.19628632068634033,observed
42,46,573,0.21321852505207062,observed
42,46,574,0.21191123127937317,observed
42,46,575,0.26428401470184326,observed
42,46,576,0.21781539916992188,observed
42,46,577,0.20291848480701447,observed
42,46,578,0.20941509306430817,observed
42,46,579,0.19903145730495453,observed
42,46,580,0.4369496703147888,observed
42,46,581,0.19729362428188324,observed
42,46,582,0.22902217507362366,observed
42,46,583,0.20135001838207245,observed
42,46,584,0.24453949928283691,observed
42,46,585,0.20294171571731567,observed
42,46,586,0.24467125535011292,observed
42,46,587,0.21610194444656372,observed
42,46,588,0.2535704970359802,observed
42,46,589,0.2210947871208191,observed
42,46,590,0.19814354181289673,observed
42,46,591,0.23172323405742645,observed
42,46,592,0.23410841822624207,observed
42,46,593,0.45388537645339966,observed
42,46,594,0.1879313737154007,observed
42,46,595,0.22670604288578033,observed
42,46,596,0.20870724320411682,observed
42,46,597,0.20915187895298004,observed
42,46,598,0.1907636821269989,observed
42,46,599,0.22237926721572876,observed
42,46,600,0.2635026276111603,observed
42,46,601,0.21924059092998505,observed
42,46,602,0.23546068370342255,observed
42,46,603,0.21511287987232208,observed
42,46,604,0.20561841130256653,observed
42,46,605,0.24652273952960968,observed
42,46,606,0.21890789270401,observed
42,46,607,0.20318858325481415,observed
42,46,608,0.4567789137363434,observed
42,46,609,0.21674737334251404,observed
42,46,610,0.22143663465976715,observed
42,46,611,0.23409394919872284,observed
42,46,612,0.26042497158050537,observed
42,46,613,0.21608586609363556,observed
42,46,614,0.20787754654884338,observed
42,46,615,0.18445445597171783,observed
42,46,616,0.2209538072347641,observed
42,46,617,0.2229253202676773,observed
42,46,618,0.1935233771800995,observed
42,46,619,0.18973428010940552,observed
42,46,620,0.2890663146972656,observed
42,46,621,0.1966288536787033,observed
42,46,622,0.2177000641822815,observed
42,46,623,0.18416205048561096,observed
42,46,624,0.2246762365102768,observed
42,46,625,0.2706431746482849,observed
42,46,626,0.2317640632390976,observed
42,46,627,0.19175593554973602,observed
42,46,628,0.22601357102394104,observed
42,46,629,0.2211763709783554,observed
42,46,630,0.20511020720005035,observed
42,46,631,0.26188424229621887,observed
42,46,632,0.6693008542060852,observed
42,46,633,0.2136225700378418,observed
42,46,634,0.1820811778306961,observed
42,46,635,0.2199789583683014,observed
42,46,636,0.1902141571044922,observed
42,46,637,0.34042587876319885,observed
42,46,638,0.23777303099632263,observed
42,46,639,0.23500527441501617,observed
42,46,640,0.2076393961906433,observed
42,46,641,0.21034224331378937,observed
42,46,642,0.5046752095222473,observed
42,46,643,0.21711799502372742,observed
42,46,644,0.21005530655384064,observed
42,46,645,0.20117956399917603,observed
42,46,646,0.21072912216186523,observed
42,46,647,0.35813236236572266,observed
42,46,648,0.20209434628486633,observed
42,46,649,0.22778278589248657,observed
42,46,650,0.22442880272865295,observed
42,46,651,0.21754837036132812,observed
42,46,652,0.24420127272605896,observed
42,46,653,0.2280212789773941,observed
42,46,654,0.20605842769145966,observed
42,46,655,0.25696733593940735,observed
42,46,656,0.1912349909543991,observed
42,46,657,0.1993720531463623,observed
42,46,658,0.22527581453323364,observed
42,46,659,0.3125770092010498,observed
42,46,660,0.21893733739852905,observed
42,46,661,0.18061624467372894,observed
42,46,662,0.22880947589874268,observed
42,46,663,0.26613491773605347,observed
42,46,664,0.20805677771568298,observed
42,46,665,0.21513812243938446,observed
42,46,666,0.20679354667663574,observed
42,46,667,0.19624106585979462,observed
42,46,668,0.19289298355579376,observed
42,46,669,0.24387073516845703,observed
42,46,670,0.21537955105304718,observed
42,46,671,0.23609139025211334,observed
42,46,672,0.2232942432165146,observed
42,46,673,0.20564812421798706,observed
42,46,674,0.20961573719978333,observed
42,46,675,0.18804040551185608,observed
42,46,676,0.18635983765125275,observed
42,46,677,0.20818959176540375,observed
42,46,678,0.21940118074417114,observed
42,46,679,0.21847498416900635,observed
42,46,680,0.23204399645328522,observed
42,46,681,0.2022087126970291,observed
42,46,682,0.18807382881641388,observed
42,46,683,0.21403002738952637,observed
42,46,684,0.20679466426372528,observed
42,46,685,0.28037118911743164,observed
42,46,686,0.19728076457977295,observed
42,46,687,0.2000284045934677,observed
42,46,688,0.23011097311973572,observed
42,46,689,0.22662921249866486,observed
42,46,690,0.23851002752780914,observed
42,46,691,0.34539443254470825,observed
42,46,692,0.36677488684654236,observed
42,46,693,0.19547224044799805,observed
42,46,694,0.18965685367584229,observed
42,46,695,0.20681606233119965,observed
42,46,696,0.22735977172851562,observed
42,46,697,0.1977357417345047,observed
42,46,698,0.23379696905612946,observed
42,46,699,0.23376372456550598,observed
42,46,700,0.19544760882854462,observed
42,46,701,0.186539888381958,observed
42,46,702,0.2005760669708252,observed
42,46,703,0.34334370493888855,observed
42,46,704,0.19457609951496124,observed
42,46,705,0.18826112151145935,observed
42,46,706,0.21962383389472961,observed
42,46,707,0.22255709767341614,observed
42,46,708,0.2410994917154312,observed
42,46,709,0.2190106213092804,observed
42,46,710,0.17999041080474854,observed
42,46,711,0.20947429537773132,observed
42,46,712,0.21571990847587585,observed
42,46,713,0.21162453293800354,observed
42,46,714,0.24246494472026825,observed
42,46,715,0.19059473276138306,observed
42,46,716,0.19975976645946503,observed
42,46,717,0.20011737942695618,observed
42,46,718,0.235404372215271,observed
42,46,719,0.607700765132904,observed
42,46,720,0.22434522211551666,observed
42,46,721,0.21785038709640503,observed
42,46,722,0.2418382614850998,observed
42,46,723,0.2235451340675354,observed
42,46,724,0.22826722264289856,observed
42,46,725,0.25354743003845215,observed
42,46,726,0.198666512966156,observed
42,46,727,0.18756160140037537,observed
42,46,728,0.2359931319952011,observed
42,46,729,0.20616820454597473,observed
42,46,730,0.24484415352344513,observed
42,46,731,0.190779909491539,observed
42,46,732,0.2309369295835495,observed
42,46,733,0.19126074016094208,observed
42,46,734,0.23832306265830994,observed
42,46,735,0.19682547450065613,observed
42,46,736,0.23861657083034515,observed
42,46,737,0.23031702637672424,observed
42,46,738,0.2030820995569229,observed
42,46,739,0.1900399923324585,observed
42,46,740,0.2026793509721756,observed
42,46,741,0.6179356575012207,observed
42,46,742,0.21302184462547302,observed
42,46,743,0.19310344755649567,observed
42,46,744,0.18321090936660767,observed
42,46,745,0.2091217190027237,observed
42,46,746,0.21030904352664948,observed
42,46,747,0.1948559582233429,observed
42,46,748,0.39887234568595886,observed
42,46,749,0.19801340997219086,observed
42,46,750,0.2059476524591446,observed
42,46,751,0.18773256242275238,observed
42,46,752,0.21609531342983246,observed
42,46,753,0.2011379897594452,observed
42,46,754,0.21690785884857178,observed
42,46,755,0.2088843286037445,observed
42,46,756,0.2082933932542801,observed
42,46,757,0.19349762797355652,observed
42,46,758,0.2786848545074463,observed
42,46,759,0.19876118004322052,observed
42,46,760,0.20229612290859222,observed
42,46,761,0.21274279057979584,observed
42,46,762,0.26521390676498413,observed
42,46,763,0.2034860998392105,observed
42,46,764,0.1953478455543518,observed
42,46,765,0.23415035009384155,observed
42,46,766,0.24267417192459106,observed
42,46,767,0.210933119058609,observed
42,46,768,0.20876489579677582,observed
42,46,769,0.456691175699234,observed
42,46,770,0.2081434279680252,observed
42,46,771,0.21134035289287567,observed
42,46,772,0.20362336933612823,observed
42,46,773,0.23611335456371307,observed
42,46,774,0.250519722700119,observed
42,46,775,0.1961306929588318,observed
42,46,776,0.21257999539375305,observed
42,46,777,0.2121993750333786,observed
42,46,778,0.19343474507331848,observed
42,46,779,0.17767290771007538,observed
42,46,780,0.24918237328529358,observed
42,46,781,0.2202499359846115,observed
42,46,782,0.211767315864563,observed
42,46,783,0.22454892098903656,observed
42,46,784,0.20209696888923645,observed
42,46,785,0.20159927010536194,observed
42,46,786,0.19865873456001282,observed
42,46,787,0.21247869729995728,observed
42,46,788,0.20016197860240936,observed
42,46,789,0.1947692185640335,observed
42,46,790,0.19917260110378265,observed
42,46,791,0.26033762097358704,observed
42,46,792,0.2224443405866623,observed
42,46,793,0.20208680629730225,observed
42,46,794,0.26223909854888916,observed
42,46,795,0.19863493740558624,observed
42,46,796,0.1929175853729248,observed
42,46,797,0.2007341980934143,observed
42,46,798,0.205379456281662,observed
42,46,799,0.20702338218688965,observed
42,46,800,0.7258641719818115,observed
42,46,801,0.21018020808696747,observed
42,46,802,0.20625631511211395,observed
42,46,803,0.339368611574173,observed
42,46,804,0.20079855620861053,observed
42,46,805,0.22128987312316895,observed
42,46,806,0.4683811664581299,observed
42,46,807,0.6700509786605835,observed
42,46,808,0.24916835129261017,observed
42,46,809,0.22233699262142181,observed
42,46,810,0.21877622604370117,observed
42,46,811,0.20364318788051605,observed
42,46,812,0.23560622334480286,observed
42,46,813,0.3697775900363922,observed
42,46,814,0.21379925310611725,observed
42,46,815,0.25457459688186646,observed
42,46,816,0.21523357927799225,observed
42,46,817,0.21089784801006317,observed
42,46,818,0.21457190811634064,observed
42,46,819,0.185566708445549,observed
42,46,820,0.20337064564228058,observed
42,46,821,0.19674447178840637,observed
42,46,822,0.21194517612457275,observed
42,46,823,0.24038957059383392,observed
42,46,824,0.26973071694374084,observed
42,46,825,0.21157534420490265,observed
42,46,826,0.22002245485782623,observed
42,46,827,0.21584747731685638,observed
42,46,828,0.20355723798274994,observed
42,46,829,0.22601020336151123,observed
42,46,830,0.267441064119339,observed
42,46,831,0.4428953528404236,observed
42,46,832,0.23523233830928802,observed
42,46,833,0.2530119717121124,observed
42,46,834,0.21562497317790985,observed
42,46,835,0.3097151219844818,observed
42,46,836,0.23627151548862457,observed
42,46,837,0.24004516005516052,observed
42,46,838,0.22139285504817963,observed
42,46,839,0.2401277720928192,observed
42,46,840,0.23144514858722687,observed
42,46,841,0.33942654728889465,observed
42,46,842,0.19634443521499634,observed
42,46,843,0.20302774012088776,observed
42,46,844,0.2007681280374527,observed
42,46,845,0.2675391435623169,observed
42,46,846,0.19123323261737823,observed
42,46,847,0.23159688711166382,observed
42,46,848,0.19787737727165222,observed
42,46,849,0.18423084914684296,observed
42,46,850,0.19811071455478668,observed
42,46,851,0.21796993911266327,observed
42,46,852,0.21432819962501526,observed
42,46,853,0.1999327838420868,observed
42,46,854,0.8599656820297241,observed
42,46,855,0.24079497158527374,observed
42,46,856,0.20932035148143768,observed
42,46,857,0.2009008377790451,observed
42,46,858,0.1876811981201172,observed
42,46,859,0.2190951704978943,observed
42,46,860,0.18062295019626617,observed
42,46,861,0.2679174840450287,observed
42,46,862,0.26979681849479675,observed
42,46,863,0.22546805441379547,observed
42,46,864,0.23218101263046265,observed
42,46,865,0.21021868288516998,observed
42,46,866,0.23864330351352692,observed
42,46,867,0.21934303641319275,observed
42,46,868,0.23032718896865845,observed
42,46,869,0.22535008192062378,observed
42,46,870,0.19402620196342468,observed
42,46,871,0.2356097251176834,observed
42,46,872,0.22594518959522247,observed
42,46,873,0.23125062882900238,observed
42,46,874,0.22429776191711426,observed
42,46,875,0.2224608063697815,observed
42,46,876,0.2125857025384903,observed
42,46,877,0.4801783263683319,observed
42,46,878,0.24165022373199463,observed
42,46,879,0.20378178358078003,observed
42,46,880,0.744982123374939,observed
42,46,881,0.19866453111171722,observed
42,46,882,0.2502533495426178,observed
42,46,883,0.20687933266162872,observed
42,46,884,0.18054085969924927,observed
42,46,885,0.21160708367824554,observed
42,46,886,0.23394213616847992,observed
42,46,887,0.261964350938797,observed
42,46,888,0.206712007522583,observed
42,46,889,0.20123301446437836,observed
42,46,890,0.23232115805149078,observed
42,46,891,0.24453230202198029,observed
42,46,892,0.2062937468290329,observed
42,46,893,0.24136140942573547,observed
42,46,894,0.2673908770084381,observed
42,46,895,0.19092091917991638,observed
42,46,896,0.24713900685310364,observed
42,46,897,0.1955919712781906,observed
42,46,898,0.2068258374929428,observed
42,46,899,0.17935916781425476,observed
42,46,900,0.21548940241336823,observed
42,46,901,0.38251230120658875,observed
42,46,902,0.19032007455825806,observed
42,46,903,0.1979706883430481,observed
42,46,904,0.21161621809005737,observed
42,46,905,0.21273769438266754,observed
42,46,906,0.20622211694717407,observed
42,46,907,0.2910550832748413,observed
42,46,908,0.24191385507583618,observed
42,46,909,0.21395492553710938,observed
42,46,910,0.24744191765785217,observed
42,46,911,0.20679417252540588,observed
42,46,912,0.20910416543483734,observed
42,46,913,0.21130381524562836,observed
42,46,914,0.22001303732395172,observed
42,46,915,0.20325084030628204,observed
42,46,916,0.24995887279510498,observed
42,46,917,0.21324123442173004,observed
42,46,918,0.5607019066810608,observed
42,46,919,0.22064319252967834,observed
42,46,920,0.20126058161258698,observed
42,46,921,0.22546374797821045,observed
42,46,922,0.23835374414920807,observed
42,46,923,0.19978727400302887,observed
42,46,924,0.2527850568294525,observed
42,46,925,0.21144285798072815,observed
42,46,926,0.21112923324108124,observed
42,46,927,0.19792407751083374,observed
42,46,928,0.19251888990402222,observed
42,46,929,0.21846403181552887,observed
42,46,930,0.24268849194049835,observed
42,46,931,0.20039892196655273,observed
42,46,932,0.18293622136116028,observed
42,46,933,0.21388983726501465,observed
42,46,934,0.18345613777637482,observed
42,46,935,0.2652963399887085,observed
42,46,936,0.21925729513168335,observed
42,46,937,0.18234467506408691,observed
42,46,938,0.22828516364097595,observed
42,46,939,0.22002801299095154,observed
42,46,940,0.2533026933670044,observed
42,46,941,0.1903630495071411,observed
42,46,942,0.22723539173603058,observed
42,46,943,0.2245141714811325,observed
42,46,944,0.2183927446603775,observed
42,46,945,0.19236744940280914,observed
42,46,946,0.1831805557012558,observed
42,46,947,0.2072281390428543,observed
42,46,948,0.21351568400859833,observed
42,46,949,0.22541770339012146,observed
42,46,950,0.2169373482465744,observed
42,46,951,0.21048972010612488,observed
42,46,952,0.5183038115501404,observed
42,46,953,0.24690553545951843,observed
42,46,954,0.20426549017429352,observed
42,46,955,0.1953612118959427,observed
42,46,956,0.2578981816768646,observed
42,46,957,0.24429255723953247,observed
42,46,958,0.3122541606426239,observed
42,46,959,0.19818726181983948,observed
42,46,960,0.20539253950119019,observed
42,46,961,0.2302561104297638,observed
42,46,962,0.2066851109266281,observed
42,46,963,0.21961663663387299,observed
42,46,964,0.22359168529510498,observed
42,46,965,0.20657800137996674,observed
42,46,966,0.22111579775810242,observed
42,46,967,0.19315923750400543,observed
42,46,968,0.22452107071876526,observed
42,46,969,0.2552686929702759,observed
42,46,970,0.1893923282623291,observed
42,46,971,0.2018117755651474,observed
42,46,972,0.1953190416097641,observed
42,46,973,0.20355431735515594,observed
42,46,974,0.24605658650398254,observed
42,46,975,0.2225431650876999,observed
42,46,976,0.20699885487556458,observed
42,46,977,0.2426520735025406,observed
42,46,978,0.5030372738838196,observed
42,46,979,0.21970723569393158,observed
42,46,980,0.21509289741516113,observed
42,46,981,0.22030089795589447,observed
42,46,982,0.2301039695739746,observed
42,46,983,0.22297140955924988,observed
42,46,984,0.21123407781124115,observed
42,46,985,0.27094796299934387,observed
42,46,986,0.2294524908065796,observed
42,46,987,0.2199312001466751,observed
42,46,988,0.23189550638198853,observed
42,46,989,0.22576050460338593,observed
42,46,990,0.21318846940994263,observed
42,46,991,0.20503757894039154,observed
42,46,992,0.18390266597270966,observed
42,46,993,0.22690102458000183,observed
42,46,994,0.20535890758037567,observed
42,46,995,0.28457197546958923,observed
42,46,996,0.20586879551410675,observed
42,46,997,0.22824466228485107,observed
42,46,998,0.19743621349334717,observed
42,46,999,0.2665802538394928,observed
42,46,1000,0.20826157927513123,observed
42,46,1001,0.204074889421463,observed
42,46,1002,0.1773688644170761,observed
42,46,1003,0.3360501527786255,observed
42,46,1004,0.5025213956832886,observed
42,46,1005,0.2023719996213913,observed
42,46,1006,0.21566304564476013,observed
42,46,1007,0.24101006984710693,observed
42,46,1008,0.22519472241401672,observed
42,46,1009,0.200685515999794,observed
42,46,1010,0.20743846893310547,observed
42,46,1011,0.21538250148296356,observed
42,46,1012,0.2571232318878174,observed
42,46,1013,0.2157479226589203,observed
42,46,1014,0.26432982087135315,observed
42,46,1015,0.23147274553775787,observed
42,46,1016,0.2801242470741272,observed
42,46,1017,0.21330174803733826,observed
42,46,1018,0.27244266867637634,observed
42,46,1019,0.19527432322502136,observed
42,46,1020,0.2415238916873932,observed
42,46,1021,0.20047149062156677,observed
42,46,1022,0.4063510000705719,observed
42,46,1023,0.23869793117046356,observed
43,44,0,0.2173827439546585,observed
43,44,1,0.2170240879058838,observed
43,44,2,0.2670438587665558,observed
43,44,3,0.20578458905220032,observed
43,44,4,0.1740233153104782,observed
43,44,5,0.20411893725395203,observed
43,44,6,0.25523632764816284,observed
43,44,7,0.20490777492523193,observed
43,44,8,0.24062778055667877,observed
43,44,9,0.2015066146850586,observed
43,44,10,0.2267722487449646,observed
43,44,11,0.1693963259458542,observed
43,44,12,0.19740571081638336,observed
43,44,13,0.2020660936832428,observed
43,44,14,0.20658144354820251,observed
43,44,15,0.2418096363544464,observed
43,44,16,0.1940872222185135,observed
43,44,17,0.21049848198890686,observed
43,44,18,0.214969202876091,observed
43,44,19,0.21909691393375397,observed
43,44,20,0.21796296536922455,observed
43,44,21,0.44158825278282166,observed
43,44,22,0.4556977450847626,observed
43,44,23,0.21372440457344055,observed
43,44,24,0.2435252070426941,observed
43,44,25,0.22890065610408783,observed
43,44,26,0.2024281919002533,observed
43,44,27,0.26384609937667847,observed
43,44,28,0.21471349895000458,observed
43,44,29,0.24959680438041687,observed
43,44,30,0.2610960602760315,observed
43,44,31,0.18957415223121643,observed
43,44,32,0.3171943724155426,observed
43,44,33,0.1944774091243744,observed
43,44,34,0.2530216574668884,observed
43,44,35,0.1956847757101059,observed
43,44,36,0.21863923966884613,observed
43,44,37,0.2213934063911438,observed
43,44,38,0.21031343936920166,observed
43,44,39,0.17771826684474945,observed
43,44,40,0.2127772718667984,observed
43,44,41,0.18790100514888763,observed
43,44,42,0.16959524154663086,observed
43,44,43,0.1901155412197113,observed
43,44,44,0.2961646616458893,observed
43,44,45,0.23670367896556854,observed
43,44,46,0.21980789303779602,observed
43,44,47,0.2121642529964447,observed
43,44,48,0.23269370198249817,observed
43,44,49,0.2062445878982544,observed
43,44,50,0.2067086100578308,observed
43,44,51,0.2556973993778229,observed
43,44,52,0.19978022575378418,observed
43,44,53,0.22251595556735992,observed
43,44,54,0.1846739500761032,observed
43,44,55,0.20540644228458405,observed
43,44,56,0.20665372908115387,observed
43,44,57,0.4958462417125702,observed
43,44,58,0.2499997913837433,observed
43,44,59,0.23293733596801758,observed
43,44,60,0.2052227258682251,observed
43,44,61,0.20527121424674988,observed
43,44,62,0.2676379978656769,observed
43,44,63,0.18313764035701752,observed
43,44,64,0.24618038535118103,observed
43,44,65,0.19922414422035217,observed
43,44,66,0.22505448758602142,observed
43,44,67,0.26228412985801697,observed
43,44,68,0.29930010437965393,observed
43,44,69,0.22689175605773926,observed
43,44,70,0.26684707403182983,observed
43,44,71,0.2191930115222931,observed
43,44,72,0.1926817148923874,observed
43,44,73,0.2352924644947052,observed
43,44,74,0.22347579896450043,observed
43,44,75,0.21680796146392822,observed
43,44,76,0.2113322764635086,observed
43,44,77,0.21859543025493622,observed
43,44,78,0.1999199539422989,observed
43,44,79,0.21401150524616241,observed
43,44,80,0.1976274996995926,observed
43,44,81,0.22047686576843262,observed
43,44,82,0.1932152509689331,observed
43,44,83,0.19649046659469604,observed
43,44,84,0.21720948815345764,observed
43,44,85,0.20126289129257202,observed
43,44,86,0.22412621974945068,observed
43,44,87,0.37829095125198364,observed
43,44,88,0.19646494090557098,observed
43,44,89,0.2206393927335739,observed
43,44,90,0.25548723340034485,observed
43,44,91,0.21233922243118286,observed
43,44,92,0.22745861113071442,observed
43,44,93,0.4769972562789917,observed
43,44,94,0.2296818345785141,observed
43,44,95,0.6931787133216858,observed
43,44,96,0.1959744542837143,observed
43,44,97,0.23646269738674164,observed
43,44,98,0.2121838927268982,observed
43,44,99,0.2159513384103775,observed
43,44,100,0.20664329826831818,observed
43,44,101,0.20443861186504364,observed
43,44,102,0.22883635759353638,observed
43,44,103,0.21344859898090363,observed
43,44,104,0.22796601057052612,observed
43,44,105,0.20008885860443115,observed
43,44,106,0.2492097020149231,observed
43,44,107,0.39231613278388977,observed
43,44,108,0.22482165694236755,observed
43,44,109,0.20274893939495087,observed
43,44,110,0.25494879484176636,observed
43,44,111,0.2455088347196579,observed
43,44,112,0.2320559322834015,observed
43,44,113,0.21147923171520233,observed
43,44,114,0.2147367298603058,observed
43,44,115,0.19986973702907562,observed
43,44,116,0.2181916981935501,observed
43,44,117,0.25383391976356506,observed
43,44,118,0.24219973385334015,observed
43,44,119,0.21361736953258514,observed
43,44,120,0.23123279213905334,observed
43,44,121,0.35409682989120483,observed
43,44,122,0.21509116888046265,observed
43,44,123,0.22790512442588806,observed
43,44,124,0.1972828358411789,observed
43,44,125,0.22144271433353424,observed
43,44,126,0.19832535088062286,observed
43,44,127,0.1963130384683609,observed
43,44,128,0.2324107438325882,observed
43,44,129,0.3620795011520386,observed
43,44,130,0.22248004376888275,observed
43,44,131,0.2224174588918686,observed
43,44,132,0.19635875523090363,observed
43,44,133,0.1978815346956253,observed
43,44,134,0.21169640123844147,observed
43,44,135,0.22663180530071259,observed
43,44,136,0.2180408239364624,observed
43,44,137,0.2225898951292038,observed
43,44,138,0.21835961937904358,observed
43,44,139,0.251245379447937,observed
43,44,140,0.2641092538833618,observed
43,44,141,0.21147580444812775,observed
43,44,142,0.21624577045440674,observed
43,44,143,0.19066201150417328,observed
43,44,144,0.2434215098619461,observed
43,44,145,0.21742990612983704,observed
43,44,146,0.21143598854541779,observed
43,44,147,0.19317258894443512,observed
43,44,148,0.25513535737991333,observed
43,44,149,0.22085578739643097,observed
43,44,150,0.20782727003097534,observed
43,44,151,0.1886564940214157,observed
43,44,152,0.1826656609773636,observed
43,44,153,0.2140219509601593,observed
43,44,154,0.2307586520910263,observed
43,44,155,0.18701855838298798,observed
43,44,156,0.2177446186542511,observed
43,44,157,0.21720696985721588,observed
43,44,158,0.18538083136081696,observed
43,44,159,0.21800276637077332,observed
43,44,160,0.23108364641666412,observed
43,44,161,0.27885082364082336,observed
43,44,162,0.21690045297145844,observed
43,44,163,0.22378264367580414,observed
43,44,164,0.22912389039993286,observed
43,44,165,0.19977490603923798,observed
43,44,166,0.2514856159687042,observed
43,44,167,0.1912955641746521,observed
43,44,168,0.22406375408172607,observed
43,44,169,0.21428467333316803,observed
43,44,170,0.8634011149406433,observed
43,44,171,0.23028211295604706,observed
43,44,172,0.24272572994232178,observed
43,44,173,0.2219175398349762,observed
43,44,174,0.2242673635482788,observed
43,44,175,0.20943526923656464,observed
43,44,176,0.20840409398078918,observed
43,44,177,0.21590158343315125,observed
43,44,178,0.37708181142807007,observed
43,44,179,0.41347962617874146,observed
43,44,180,0.2214483916759491,observed
43,44,181,0.23223042488098145,observed
43,44,182,0.21608774363994598,observed
43,44,183,0.24017365276813507,observed
43,44,184,0.21182742714881897,observed
43,44,185,0.22497931122779846,observed
43,44,186,0.20069026947021484,observed
43,44,187,0.2878645658493042,observed
43,44,188,0.2197117656469345,observed
43,44,189,0.22212618589401245,observed
43,44,190,0.21948282420635223,observed
43,44,191,0.5310642719268799,observed
43,44,192,0.2206287682056427,observed
43,44,193,0.20585492253303528,observed
43,44,194,0.26985424757003784,observed
43,44,195,0.23294368386268616,observed
43,44,196,0.21100890636444092,observed
43,44,197,0.1986156851053238,observed
43,44,198,0.38864943385124207,observed
43,44,199,0.20090638101100922,observed
43,44,200,0.21432705223560333,observed
43,44,201,0.20597335696220398,observed
43,44,202,0.22148916125297546,observed
43,44,203,0.20322826504707336,observed
43,44,204,0.18541692197322845,observed
43,44,205,0.19077792763710022,observed
43,44,206,0.20289246737957,observed
43,44,207,0.20938584208488464,observed
43,44,208,0.20870740711688995,observed
43,44,209,0.2303876429796219,observed
43,44,210,0.23294220864772797,observed
43,44,211,0.20714569091796875,observed
43,44,212,0.20417121052742004,observed
43,44,213,0.2444891333580017,observed
43,44,214,0.21080012619495392,observed
43,44,215,0.23259958624839783,observed
43,44,216,0.20290324091911316,observed
43,44,217,0.2599627673625946,observed
43,44,218,0.24443159997463226,observed
43,44,219,0.20036420226097107,observed
43,44,220,0.24954010546207428,observed
43,44,221,0.2731778919696808,observed
43,44,222,0.213128000497818,observed
43,44,223,0.4714506268501282,observed
43,44,224,0.26908034086227417,observed
43,44,225,0.2159358263015747,observed
43,44,226,0.22280292212963104,observed
43,44,227,0.22896131873130798,observed
43,44,228,0.24495752155780792,observed
43,44,229,0.2069888561964035,observed
43,44,230,0.18280430138111115,observed
43,44,231,0.18615157902240753,observed
43,44,232,0.25104060769081116,observed
43,44,233,0.2728760540485382,observed
43,44,234,0.20573210716247559,observed
43,44,235,0.24011379480361938,observed
43,44,236,0.21699632704257965,observed
43,44,237,0.20529425144195557,observed
43,44,238,0.21134863793849945,observed
43,44,239,0.197105273604393,observed
43,44,240,0.230759859085083,observed
43,44,241,0.217720627784729,observed
43,44,242,0.23084108531475067,observed
43,44,243,0.2373502403497696,observed
43,44,244,0.23085686564445496,observed
43,44,245,0.17524559795856476,observed
43,44,246,0.21595537662506104,observed
43,44,247,0.20428813993930817,observed
43,44,248,0.19352704286575317,observed
43,44,249,0.20847350358963013,observed
43,44,250,0.2236609011888504,observed
43,44,251,0.2023937702178955,observed
43,44,252,0.2229030430316925,observed
43,44,253,0.22129006683826447,observed
43,44,254,0.209619402885437,observed
43,44,255,0.20506487786769867,observed
43,44,256,0.20877769589424133,observed
43,44,257,0.5967764854431152,observed
43,44,258,0.2008013278245926,observed
43,44,259,0.23802196979522705,observed
43,44,260,0.21850425004959106,observed
43,44,261,0.2607329189777374,observed
43,44,262,0.21684592962265015,observed
43,44,263,0.1962827742099762,observed
43,44,264,0.27010130882263184,observed
43,44,265,0.21946236491203308,observed
43,44,266,0.21602454781532288,observed
43,44,267,0.24989156424999237,observed
43,44,268,0.18711312115192413,observed
43,44,269,0.21417872607707977,observed
43,44,270,0.22232025861740112,observed
43,44,271,0.194388285279274,observed
43,44,272,0.27424898743629456,observed
43,44,273,0.18852001428604126,observed
43,44,274,0.21780367195606232,observed
43,44,275,0.2103189378976822,observed
43,44,276,0.23824243247509003,observed
43,44,277,0.8379461765289307,observed
43,44,278,0.2205052226781845,observed
43,44,279,0.19320893287658691,observed
43,44,280,0.2060917466878891,observed
43,44,281,0.19620847702026367,observed
43,44,282,0.27484697103500366,observed
43,44,283,0.21201002597808838,observed
43,44,284,0.23162199556827545,observed
43,44,285,0.19682998955249786,observed
43,44,286,0.20513050258159637,observed
43,44,287,0.2204464077949524,observed
43,44,288,0.2616604268550873,observed
43,44,289,0.19064800441265106,observed
43,44,290,0.19934438169002533,observed
43,44,291,0.21908147633075714,observed
43,44,292,0.31593719124794006,observed
43,44,293,0.20057162642478943,observed
43,44,294,0.19781453907489777,observed
43,44,295,0.255887895822525,observed
43,44,296,0.19327659904956818,observed
43,44,297,0.2701154351234436,observed
43,44,298,0.20367415249347687,observed
43,44,299,0.208297461271286,observed
43,44,300,0.20489121973514557,observed
43,44,301,0.21666066348552704,observed
43,44,302,0.21693649888038635,observed
43,44,303,0.20329077541828156,observed
43,44,304,0.30687740445137024,observed
43,44,305,0.24089734256267548,observed
43,44,306,0.2498740255832672,observed
43,44,307,0.22903810441493988,observed
43,44,308,0.25528618693351746,observed
43,44,309,0.20700907707214355,observed
43,44,310,0.28378480672836304,observed
43,44,311,0.2568800449371338,observed
43,44,312,0.24484124779701233,observed
43,44,313,0.22394360601902008,observed
43,44,314,0.2526348829269409,observed
43,44,315,0.2401145100593567,observed
43,44,316,0.21830980479717255,observed
43,44,317,0.21893642842769623,observed
43,44,318,0.2154896855354309,observed
43,44,319,0.2252422720193863,observed
43,44,320,0.28765034675598145,observed
43,44,321,0.2102767527103424,observed
43,44,322,0.22527121007442474,observed
43,44,323,0.18227258324623108,observed
43,44,324,0.1965596079826355,observed
43,44,325,0.209835022687912,observed
43,44,326,0.2053249329328537,observed
43,44,327,0.20247311890125275,observed
43,44,328,0.19287145137786865,observed
43,44,329,0.2210262566804886,observed
43,44,330,0.2888542413711548,observed
43,44,331,0.3639492988586426,observed
43,44,332,0.19653457403182983,observed
43,44,333,0.1876445710659027,observed
43,44,334,0.19980700314044952,observed
43,44,335,0.20289748907089233,observed
43,44,336,0.2423027902841568,observed
43,44,337,0.22188588976860046,observed
43,44,338,0.2675130069255829,observed
43,44,339,0.29941585659980774,observed
43,44,340,0.17860297858715057,observed
43,44,341,0.22354666888713837,observed
43,44,342,0.21135388314723969,observed
43,44,343,0.22231392562389374,observed
43,44,344,0.18004022538661957,observed
43,44,345,0.2134505957365036,observed
43,44,346,0.21877528727054596,observed
43,44,347,0.22244396805763245,observed
43,44,348,0.20857161283493042,observed
43,44,349,0.22712081670761108,observed
43,44,350,0.25830984115600586,observed
43,44,351,0.2001507729291916,observed
43,44,352,0.26403459906578064,observed
43,44,353,0.24589301645755768,observed
43,44,354,0.22597400844097137,observed
43,44,355,0.1874595284461975,observed
43,44,356,0.18705378472805023,observed
43,44,357,0.2506983280181885,observed
43,44,358,0.1939074844121933,observed
43,44,359,0.19744308292865753,observed
43,44,360,0.22356534004211426,observed
43,44,361,0.22604703903198242,observed
43,44,362,0.23623540997505188,observed
43,44,363,0.3636147379875183,observed
43,44,364,0.2257719188928604,observed
43,44,365,0.2017386257648468,observed
43,44,366,0.3712931275367737,observed
43,44,367,0.21302016079425812,observed
43,44,368,0.20522461831569672,observed
43,44,369,0.22712770104408264,observed
43,44,370,0.2142118364572525,observed
43,44,371,0.16506768763065338,observed
43,44,372,0.19259877502918243,observed
43,44,373,0.208686962723732,observed
43,44,374,0.23828503489494324,observed
43,44,375,0.26232367753982544,observed
43,44,376,0.2201564908027649,observed
43,44,377,0.21604806184768677,observed
43,44,378,0.18776187300682068,observed
43,44,379,0.5763880610466003,observed
43,44,380,0.19351312518119812,observed
43,44,381,0.2774226665496826,observed
43,44,382,0.2096599042415619,observed
43,44,383,0.20873616635799408,observed
43,44,384,0.21225117146968842,observed
43,44,385,0.19197139143943787,observed
43,44,386,0.2568352222442627,observed
43,44,387,0.22365792095661163,observed
43,44,388,0.23649217188358307,observed
43,44,389,0.22965462505817413,observed
43,44,390,0.41831648349761963,observed
43,44,391,0.25567132234573364,observed
43,44,392,0.19721868634223938,observed
43,44,393,0.2004462480545044,observed
43,44,394,0.19839619100093842,observed
43,44,395,0.18927206099033356,observed
43,44,396,0.2199801504611969,observed
43,44,397,0.22529569268226624,observed
43,44,398,0.2398213893175125,observed
43,44,399,0.20718707144260406,observed
43,44,400,0.19959154725074768,observed
43,44,401,0.20655754208564758,observed
43,44,402,0.18272241950035095,observed
43,44,403,0.2439403086900711,observed
43,44,404,0.2218656688928604,observed
43,44,405,0.20845146477222443,observed
43,44,406,0.2034299224615097,observed
43,44,407,0.24007762968540192,observed
43,44,408,0.23279546201229095,observed
43,44,409,0.22600078582763672,observed
43,44,410,0.22836820781230927,observed
43,44,411,0.23416374623775482,observed
43,44,412,0.47280988097190857,observed
43,44,413,0.22905340790748596,observed
43,44,414,0.26837217807769775,observed
43,44,415,0.2042710930109024,observed
43,44,416,0.2037251889705658,observed
43,44,417,0.7353702187538147,observed
43,44,418,0.22371965646743774,observed
43,44,419,0.21490120887756348,observed
43,44,420,0.18533635139465332,observed
43,44,421,0.2588638663291931,observed
43,44,422,0.21973246335983276,observed
43,44,423,0.2000182867050171,observed
43,44,424,0.22969812154769897,observed
43,44,425,0.20796790719032288,observed
43,44,426,0.31378406286239624,observed
43,44,427,0.21639765799045563,observed
43,44,428,0.20618827641010284,observed
43,44,429,0.198402538895607,observed
43,44,430,0.20746052265167236,observed
43,44,431,0.2188349813222885,observed
43,44,432,0.23138968646526337,observed
43,44,433,0.19933319091796875,observed
43,44,434,0.2274870127439499,observed
43,44,435,0.1825973391532898,observed
43,44,436,0.3773305118083954,observed
43,44,437,0.1989048272371292,observed
43,44,438,0.18945759534835815,observed
43,44,439,0.23097234964370728,observed
43,44,440,0.21598869562149048,observed
43,44,441,0.21317173540592194,observed
43,44,442,0.196660578250885,observed
43,44,443,0.19732345640659332,observed
43,44,444,0.18256479501724243,observed
43,44,445,0.24299636483192444,observed
43,44,446,0.24116657674312592,observed
43,44,447,0.2095291018486023,observed
43,44,448,0.23338638246059418,observed
43,44,449,0.18839296698570251,observed
43,44,450,0.22550871968269348,observed
43,44,451,0.2138245701789856,observed
43,44,452,0.19434915482997894,observed
43,44,453,0.2822476625442505,observed
43,44,454,0.21850650012493134,observed
43,44,455,0.24196390807628632,observed
43,44,456,0.17370133101940155,observed
43,44,457,0.34982579946517944,observed
43,44,458,0.24543209373950958,observed
43,44,459,0.2547741234302521,observed
43,44,460,0.24269278347492218,observed
43,44,461,0.7419482469558716,observed
43,44,462,0.1931532770395279,observed
43,44,463,0.2292686104774475,observed
43,44,464,0.17519384622573853,observed
43,44,465,0.21928410232067108,observed
43,44,466,0.2182583510875702,observed
43,44,467,0.2377537488937378,observed
43,44,468,0.2598004639148712,observed
43,44,469,0.22217737138271332,observed
43,44,470,0.2678547501564026,observed
43,44,471,0.19819121062755585,observed
43,44,472,0.22340740263462067,observed
43,44,473,0.710149884223938,observed
43,44,474,0.20277872681617737,observed
43,44,475,0.26518142223358154,observed
43,44,476,0.6953737139701843,observed
43,44,477,0.2599483132362366,observed
43,44,478,0.23022675514221191,observed
43,44,479,0.2001798301935196,observed
43,44,480,0.2733892798423767,observed
43,44,481,0.19252486526966095,observed
43,44,482,0.22331395745277405,observed
43,44,483,0.2257535308599472,observed
43,44,484,0.191046804189682,observed
43,44,485,0.22864234447479248,observed
43,44,486,0.2001478523015976,observed
43,44,487,0.23699602484703064,observed
43,44,488,0.20300228893756866,observed
43,44,489,0.23073863983154297,observed
43,44,490,0.2294551134109497,observed
43,44,491,0.3266092836856842,observed
43,44,492,0.2905885577201843,observed
43,44,493,0.22692695260047913,observed
43,44,494,0.2182542383670807,observed
43,44,495,0.6217140555381775,observed
43,44,496,0.2360864281654358,observed
43,44,497,0.18294358253479004,observed
43,44,498,0.19239217042922974,observed
43,44,499,0.21132273972034454,observed
43,44,500,0.2033335268497467,observed
43,44,501,0.20157234370708466,observed
43,44,502,0.2482580989599228,observed
43,44,503,0.31489837169647217,observed
43,44,504,0.19743816554546356,observed
43,44,505,0.21503350138664246,observed
43,44,506,0.2010563611984253,observed
43,44,507,0.1969202160835266,observed
43,44,508,0.24860447645187378,observed
43,44,509,0.18909721076488495,observed
43,44,510,0.2156287580728531,observed
43,44,511,0.2231573909521103,observed
43,44,512,0.2100454866886139,observed
43,44,513,0.228585883975029,observed
43,44,514,0.2560639977455139,observed
43,44,515,0.31583213806152344,observed
43,44,516,0.2118290215730667,observed
43,44,517,0.21172478795051575,observed
43,44,518,0.22996638715267181,observed
43,44,519,0.22293785214424133,observed
43,44,520,0.19813531637191772,observed
43,44,521,0.558681070804596,observed
43,44,522,0.612267255783081,observed
43,44,523,0.31864792108535767,observed
43,44,524,0.2007591277360916,observed
43,44,525,0.22616592049598694,observed
43,44,526,0.21444623172283173,observed
43,44,527,0.19685044884681702,observed
43,44,528,0.21568012237548828,observed
43,44,529,0.23819546401500702,observed
43,44,530,0.19287294149398804,observed
43,44,531,0.20353436470031738,observed
43,44,532,0.1949586719274521,observed
43,44,533,0.23320601880550385,observed
43,44,534,0.22612683475017548,observed
43,44,535,0.35073450207710266,observed
43,44,536,0.23121662437915802,observed
43,44,537,0.5610866546630859,observed
43,44,538,0.22817973792552948,observed
43,44,539,0.23923952877521515,observed
43,44,540,0.20328833162784576,observed
43,44,541,0.19463688135147095,observed
43,44,542,0.19701416790485382,observed
43,44,543,0.21410098671913147,observed
43,44,544,0.223569855093956,observed
43,44,545,0.23266065120697021,observed
43,44,546,0.22232230007648468,observed
43,44,547,0.19560901820659637,observed
43,44,548,0.2240058183670044,observed
43,44,549,0.2257910668849945,observed
43,44,550,0.22234492003917694,observed
43,44,551,0.22371137142181396,observed
43,44,552,0.20844563841819763,observed
43,44,553,0.27468812465667725,observed
43,44,554,0.23120470345020294,observed
43,44,555,0.21181504428386688,observed
43,44,556,0.19385097920894623,observed
43,44,557,0.2325875461101532,observed
43,44,558,0.21450939774513245,observed
43,44,559,0.2095032036304474,observed
43,44,560,0.2235289216041565,observed
43,44,561,0.1841205656528473,observed
43,44,562,0.20263507962226868,observed
43,44,563,0.20997199416160583,observed
43,44,564,0.21423950791358948,observed
43,44,565,0.2003815472126007,observed
43,44,566,0.20942926406860352,observed
43,44,567,0.21580788493156433,observed
43,44,568,0.1755615621805191,observed
43,44,569,0.21859164535999298,observed
43,44,570,0.21002806723117828,observed
43,44,571,0.20371419191360474,observed
43,44,572,0.22634448111057281,observed
43,44,573,0.2206215262413025,observed
43,44,574,0.22021892666816711,observed
43,44,575,0.21491965651512146,observed
43,44,576,0.207520991563797,observed
43,44,577,0.2119281142950058,observed
43,44,578,0.2162255495786667,observed
43,44,579,0.21870751678943634,observed
43,44,580,0.20804043114185333,observed
43,44,581,0.20542767643928528,observed
43,44,582,0.20980767905712128,observed
43,44,583,0.21489816904067993,observed
43,44,584,0.19954858720302582,observed
43,44,585,0.2066711187362671,observed
43,44,586,0.18673305213451385,observed
43,44,587,0.25311174988746643,observed
43,44,588,0.20745427906513214,observed
43,44,589,0.2905789315700531,observed
43,44,590,0.18780198693275452,observed
43,44,591,0.18774423003196716,observed
43,44,592,0.2308441400527954,observed
43,44,593,0.2142179161310196,observed
43,44,594,0.19296258687973022,observed
43,44,595,0.21075308322906494,observed
43,44,596,0.1966574639081955,observed
43,44,597,0.2060285210609436,observed
43,44,598,0.2497536987066269,observed
43,44,599,0.21969197690486908,observed
43,44,600,0.23837752640247345,observed
43,44,601,0.5284294486045837,observed
43,44,602,0.33171454071998596,observed
43,44,603,0.23340795934200287,observed
43,44,604,0.17500625550746918,observed
43,44,605,0.5039816498756409,observed
43,44,606,0.21277979016304016,observed
43,44,607,0.2283441126346588,observed
43,44,608,0.24008816480636597,observed
43,44,609,0.18555592000484467,observed
43,44,610,0.22610017657279968,observed
43,44,611,0.19832861423492432,observed
43,44,612,0.21196407079696655,observed
43,44,613,0.318427175283432,observed
43,44,614,0.2278602123260498,observed
43,44,615,0.18385198712348938,observed
43,44,616,0.2527168393135071,observed
43,44,617,0.9358895421028137,observed
43,44,618,0.2704389691352844,observed
43,44,619,0.19460825622081757,observed
43,44,620,0.23600491881370544,observed
43,44,621,0.20632722973823547,observed
43,44,622,0.22982247173786163,observed
43,44,623,0.20231112837791443,observed
43,44,624,0.19710566103458405,observed
43,44,625,0.20251354575157166,observed
43,44,626,0.20725366473197937,observed
43,44,627,0.20639817416667938,observed
43,44,628,0.23574048280715942,observed
43,44,629,0.22359946370124817,observed
43,44,630,0.6540761590003967,observed
43,44,631,0.2107989341020584,observed
43,44,632,0.20970003306865692,observed
43,44,633,0.19857247173786163,observed
43,44,634,0.20859333872795105,observed
43,44,635,0.20706117153167725,observed
43,44,636,0.20323526859283447,observed
43,44,637,0.19112181663513184,observed
43,44,638,0.374622106552124,observed
43,44,639,0.2227245271205902,observed
43,44,640,0.2330363541841507,observed
43,44,641,0.2194053828716278,observed
43,44,642,0.2508545219898224,observed
43,44,643,0.21298781037330627,observed
43,44,644,0.28060218691825867,observed
43,44,645,0.262449711561203,observed
43,44,646,0.2164772003889084,observed
43,44,647,0.18446676433086395,observed
43,44,648,0.23214133083820343,observed
43,44,649,0.1942031979560852,observed
43,44,650,0.19070586562156677,observed
43,44,651,0.2657715976238251,observed
43,44,652,0.23753032088279724,observed
43,44,653,0.20567822456359863,observed
43,44,654,0.1894378513097763,observed
43,44,655,0.21789014339447021,observed
43,44,656,0.20081476867198944,observed
43,44,657,0.19588282704353333,observed
43,44,658,0.18260441720485687,observed
43,44,659,0.21326132118701935,observed
43,44,660,0.22807198762893677,observed
43,44,661,0.20512931048870087,observed
43,44,662,0.200437992811203,observed
43,44,663,0.23242250084877014,observed
43,44,664,0.23627351224422455,observed
43,44,665,0.344640851020813,observed
43,44,666,0.19044460356235504,observed
43,44,667,0.19086728990077972,observed
43,44,668,0.23577122390270233,observed
43,44,669,0.34408217668533325,observed
43,44,670,0.23309339582920074,observed
43,44,671,0.23829285800457,observed
43,44,672,0.19021101295948029,observed
43,44,673,0.21111205220222473,observed
43,44,674,0.21679255366325378,observed
43,44,675,0.2582561671733856,observed
43,44,676,0.186554953455925,observed
43,44,677,0.4935307502746582,observed
43,44,678,0.22270001471042633,observed
43,44,679,0.24843168258666992,observed
43,44,680,0.20587827265262604,observed
43,44,681,0.19747993350028992,observed
43,44,682,0.5811353921890259,observed
43,44,683,0.21558834612369537,observed
43,44,684,0.17828144133090973,observed
43,44,685,0.19962286949157715,observed
43,44,686,0.19339971244335175,observed
43,44,687,0.1937042474746704,observed
43,44,688,0.22425492107868195,observed
43,44,689,0.19294682145118713,observed
43,44,690,0.20944766700267792,observed
43,44,691,0.20892970263957977,observed
43,44,692,0.37745729088783264,observed
43,44,693,0.23419992625713348,observed
43,44,694,0.2355886995792389,observed
43,44,695,0.23743869364261627,observed
43,44,696,0.2311180680990219,observed
43,44,697,0.1999586522579193,observed
43,44,698,0.1846674084663391,observed
43,44,699,0.20534318685531616,observed
43,44,700,0.19392739236354828,observed
43,44,701,0.20519734919071198,observed
43,44,702,0.1996610462665558,observed
43,44,703,0.22939087450504303,observed
43,44,704,0.2218165099620819,observed
43,44,705,0.20527087152004242,observed
43,44,706,0.21798008680343628,observed
43,44,707,0.22445298731327057,observed
43,44,708,0.26184016466140747,observed
43,44,709,0.20816391706466675,observed
43,44,710,0.2728026211261749,observed
43,44,711,0.1845046877861023,observed
43,44,712,0.2565533220767975,observed
43,44,713,0.23613567650318146,observed
43,44,714,0.18431702256202698,observed
43,44,715,0.21281306445598602,observed
43,44,716,0.24052315950393677,observed
43,44,717,0.24770651757717133,observed
43,44,718,0.21924224495887756,observed
43,44,719,0.21894334256649017,observed
43,44,720,0.23359878361225128,observed
43,44,721,0.21660451591014862,observed
43,44,722,0.184615820646286,observed
43,44,723,0.1972132921218872,observed
43,44,724,0.23326806724071503,observed
43,44,725,0.34285736083984375,observed
43,44,726,0.19114510715007782,observed
43,44,727,0.20242364704608917,observed
43,44,728,0.2501435875892639,observed
43,44,729,0.22492532432079315,observed
43,44,730,0.21711347997188568,observed
43,44,731,0.22396419942378998,observed
43,44,732,0.22349034249782562,observed
43,44,733,0.2323734611272812,observed
43,44,734,0.20629079639911652,observed
43,44,735,0.23792925477027893,observed
43,44,736,0.2223592847585678,observed
43,44,737,0.22341115772724152,observed
43,44,738,0.23419035971164703,observed
43,44,739,0.2757076621055603,observed
43,44,740,0.20531584322452545,observed
43,44,741,0.21990910172462463,observed
43,44,742,0.3125945031642914,observed
43,44,743,0.18509118258953094,observed
43,44,744,0.21853101253509521,observed
43,44,745,0.1844748556613922,observed
43,44,746,0.2170516848564148,observed
43,44,747,0.2303478717803955,observed
43,44,748,0.23062899708747864,observed
43,44,749,0.24461284279823303,observed
43,44,750,0.21545866131782532,observed
43,44,751,0.22992050647735596,observed
43,44,752,0.17120331525802612,observed
43,44,753,0.27372777462005615,observed
43,44,754,0.18714816868305206,observed
43,44,755,0.22471751272678375,observed
43,44,756,0.2194703370332718,observed
43,44,757,0.2676052153110504,observed
43,44,758,0.2894991934299469,observed
43,44,759,0.19753476977348328,observed
43,44,760,0.22508127987384796,observed
43,44,761,0.3285578787326813,observed
43,44,762,0.2038150131702423,observed
43,44,763,0.23119546473026276,observed
43,44,764,0.2521616816520691,observed
43,44,765,0.2136763036251068,observed
43,44,766,0.22046327590942383,observed
43,44,767,0.2198188751935959,observed
43,44,768,0.23867961764335632,observed
43,44,769,0.2168772667646408,observed
43,44,770,0.20984117686748505,observed
43,44,771,0.20700015127658844,observed
43,44,772,0.19062738120555878,observed
43,44,773,0.22498655319213867,observed
43,44,774,0.2127683460712433,observed
43,44,775,0.1925767958164215,observed
43,44,776,0.2095055729150772,observed
43,44,777,0.19698600471019745,observed
43,44,778,0.2319326251745224,observed
43,44,779,0.226695254445076,observed
43,44,780,0.2126622349023819,observed
43,44,781,0.5788194537162781,observed
43,44,782,0.20850835740566254,observed
43,44,783,0.2218180149793625,observed
43,44,784,0.24913345277309418,observed
43,44,785,0.21404364705085754,observed
43,44,786,0.2011677324771881,observed
43,44,787,0.20279265940189362,observed
43,44,788,0.21576233208179474,observed
43,44,789,0.27693620324134827,observed
43,44,790,0.21706309914588928,observed
43,44,791,0.22132349014282227,observed
43,44,792,0.2007235884666443,observed
43,44,793,0.22500553727149963,observed
43,44,794,0.202834352850914,observed
43,44,795,0.24010354280471802,observed
43,44,796,0.21779006719589233,observed
43,44,797,0.20855841040611267,observed
43,44,798,0.2324470728635788,observed
43,44,799,0.25603777170181274,observed
43,44,800,0.2584304213523865,observed
43,44,801,0.19859656691551208,observed
43,44,802,0.36270758509635925,observed
43,44,803,0.2319302260875702,observed
43,44,804,0.2105417102575302,observed
43,44,805,0.7145952582359314,observed
43,44,806,0.1835762858390808,observed
43,44,807,0.24009829759597778,observed
43,44,808,0.20039306581020355,observed
43,44,809,0.23477329313755035,observed
43,44,810,0.2542543411254883,observed
43,44,811,0.24045026302337646,observed
43,44,812,0.21745465695858002,observed
43,44,813,0.21639662981033325,observed
43,44,814,0.2111966460943222,observed
43,44,815,0.23507258296012878,observed
43,44,816,0.20388028025627136,observed
43,44,817,0.24002017080783844,observed
43,44,818,0.23221753537654877,observed
43,44,819,0.21593289077281952,observed
43,44,820,0.21815042197704315,observed
43,44,821,0.21631889045238495,observed
43,44,822,0.19133158028125763,observed
43,44,823,0.34619009494781494,observed
43,44,824,0.21266506612300873,observed
43,44,825,0.40133437514305115,observed
43,44,826,0.21318556368350983,observed
43,44,827,0.26396557688713074,observed
43,44,828,0.20946939289569855,observed
43,44,829,0.1855161488056183,observed
43,44,830,0.22860513627529144,observed
43,44,831,0.21916233003139496,observed
43,44,832,0.28131741285324097,observed
43,44,833,0.25305643677711487,observed
43,44,834,0.2236599177122116,observed
43,44,835,0.21206197142601013,observed
43,44,836,0.21082289516925812,observed
43,44,837,0.2161208689212799,observed
43,44,838,0.5048331618309021,observed
43,44,839,0.20016737282276154,observed
43,44,840,0.19547535479068756,observed
43,44,841,0.1764221042394638,observed
43,44,842,0.21920514106750488,observed
43,44,843,0.3183777332305908,observed
43,44,844,0.18358942866325378,observed
43,44,845,0.2453211098909378,observed
43,44,846,0.19854168593883514,observed
43,44,847,0.1986992508172989,observed
43,44,848,0.22592757642269135,observed
43,44,849,0.21002604067325592,observed
43,44,850,0.18193811178207397,observed
43,44,851,0.23821468651294708,observed
43,44,852,0.2689938545227051,observed
43,44,853,0.20588499307632446,observed
43,44,854,0.21049661934375763,observed
43,44,855,0.17919647693634033,observed
43,44,856,0.2233397662639618,observed
43,44,857,0.1909855306148529,observed
43,44,858,0.1950657069683075,observed
43,44,859,0.21023501455783844,observed
43,44,860,0.21852532029151917,observed
43,44,861,0.20375356078147888,observed
43,44,862,0.20762315392494202,observed
43,44,863,0.18967215716838837,observed
43,44,864,0.20149408280849457,observed
43,44,865,0.20246709883213043,observed
43,44,866,0.2089025378227234,observed
43,44,867,0.21223431825637817,observed
43,44,868,0.20306959748268127,observed
43,44,869,0.2047748565673828,observed
43,44,870,0.20546501874923706,observed
43,44,871,0.23560388386249542,observed
43,44,872,0.19486841559410095,observed
43,44,873,0.18561707437038422,observed
43,44,874,0.17992490530014038,observed
43,44,875,0.2177012860774994,observed
43,44,876,0.26063522696495056,observed
43,44,877,0.22583314776420593,observed
43,44,878,0.5921099781990051,observed
43,44,879,0.1933702528476715,observed
43,44,880,0.22020699083805084,observed
43,44,881,0.24489037692546844,observed
43,44,882,0.19457757472991943,observed
43,44,883,0.23670676350593567,observed
43,44,884,0.19800344109535217,observed
43,44,885,0.201276034116745,observed
43,44,886,0.19980575144290924,observed
43,44,887,0.21688884496688843,observed
43,44,888,0.21085461974143982,observed
43,44,889,0.19393548369407654,observed
43,44,890,0.23470960557460785,observed
43,44,891,0.21315260231494904,observed
43,44,892,0.2577313482761383,observed
43,44,893,0.19672074913978577,observed
43,44,894,0.22417472302913666,observed
43,44,895,0.20949433743953705,observed
43,44,896,0.23979656398296356,observed
43,44,897,0.2053898572921753,observed
43,44,898,0.18650414049625397,observed
43,44,899,0.19288817048072815,observed
43,44,900,0.25408655405044556,observed
43,44,901,0.20227579772472382,observed
43,44,902,0.2019660323858261,observed
43,44,903,0.21447542309761047,observed
43,44,904,0.23101849853992462,observed
43,44,905,0.19146688282489777,observed
43,44,906,0.2077430635690689,observed
43,44,907,0.34696248173713684,observed
43,44,908,0.20725414156913757,observed
43,44,909,0.2300834357738495,observed
43,44,910,0.19203132390975952,observed
43,44,911,0.2483629584312439,observed
43,44,912,0.2185772806406021,observed
43,44,913,0.18620991706848145,observed
43,44,914,0.21358361840248108,observed
43,44,915,0.20267018675804138,observed
43,44,916,0.2401496320962906,observed
43,44,917,0.22186072170734406,observed
43,44,918,0.22590912878513336,observed
43,44,919,0.23214839398860931,observed
43,44,920,0.22073833644390106,observed
43,44,921,0.24642255902290344,observed
43,44,922,0.2145950198173523,observed
43,44,923,0.19048984348773956,observed
43,44,924,0.2698723077774048,observed
43,44,925,0.22852899134159088,observed
43,44,926,0.2823220193386078,observed
43,44,927,0.2443605661392212,observed
43,44,928,0.23239189386367798,observed
43,44,929,0.22476892173290253,observed
43,44,930,0.2411356419324875,observed
43,44,931,0.3103223145008087,observed
43,44,932,0.1895548403263092,observed
43,44,933,0.44404423236846924,observed
43,44,934,0.20187273621559143,observed
43,44,935,0.25385338068008423,observed
43,44,936,0.25530824065208435,observed
43,44,937,0.24492500722408295,observed
43,44,938,0.3259841501712799,observed
43,44,939,0.30964213609695435,observed
43,44,940,0.19148913025856018,observed
43,44,941,0.2830822765827179,observed
43,44,942,0.22067032754421234,observed
43,44,943,0.2103688269853592,observed
43,44,944,0.2186894416809082,observed
43,44,945,0.21524567902088165,observed
43,44,946,0.1846316158771515,observed
43,44,947,0.2093614935874939,observed
43,44,948,0.2481272965669632,observed
43,44,949,0.20442159473896027,observed
43,44,950,0.38841211795806885,observed
43,44,951,0.2151954472064972,observed
43,44,952,0.21045662462711334,observed
43,44,953,0.2103044092655182,observed
43,44,954,0.22053195536136627,observed
43,44,955,0.2297627180814743,observed
43,44,956,0.5459043383598328,observed
43,44,957,0.2194817066192627,observed
43,44,958,0.22158603370189667,observed
43,44,959,0.2312382012605667,observed
43,44,960,0.21744945645332336,observed
43,44,961,0.192885160446167,observed
43,44,962,0.2186984419822693,observed
43,44,963,0.39521917700767517,observed
43,44,964,0.22429215908050537,observed
43,44,965,0.273456871509552,observed
43,44,966,0.2215777337551117,observed
43,44,967,0.2223128229379654,observed
43,44,968,0.1994393765926361,observed
43,44,969,0.191680908203125,observed
43,44,970,0.20719671249389648,observed
43,44,971,0.6559255123138428,observed
43,44,972,0.20069432258605957,observed
43,44,973,0.21831785142421722,observed
43,44,974,0.22013305127620697,observed
43,44,975,0.1993773877620697,observed
43,44,976,0.19316866993904114,observed
43,44,977,0.18686550855636597,observed
43,44,978,0.22659480571746826,observed
43,44,979,0.2008594572544098,observed
43,44,980,0.19863249361515045,observed
43,44,981,0.22360844910144806,observed
43,44,982,0.219498872756958,observed
43,44,983,0.19959020614624023,observed
43,44,984,0.25032517313957214,observed
43,44,985,0.20143628120422363,observed
43,44,986,0.24060633778572083,observed
43,44,987,0.2097153663635254,observed
43,44,988,0.2590436339378357,observed
43,44,989,0.21138477325439453,observed
43,44,990,0.21173152327537537,observed
43,44,991,0.22169391810894012,observed
43,44,992,0.218348428606987,observed
43,44,993,0.4682356119155884,observed
43,44,994,0.21257127821445465,observed
43,44,995,0.20295093953609467,observed
43,44,996,0.2319423109292984,observed
43,44,997,0.24536506831645966,observed
43,44,998,0.2254289984703064,observed
43,44,999,0.21910065412521362,observed
43,44,1000,0.295277863740921,observed
43,44,1001,0.22653380036354065,observed
43,44,1002,0.1967715173959732,observed
43,44,1003,0.8766887187957764,observed
43,44,1004,0.24778954684734344,observed
43,44,1005,0.25709137320518494,observed
43,44,1006,0.22779342532157898,observed
43,44,1007,0.22061575949192047,observed
43,44,1008,0.2166787087917328,observed
43,44,1009,0.1974918693304062,observed
43,44,1010,0.24313153326511383,observed
43,44,1011,0.20750673115253448,observed
43,44,1012,0.19526058435440063,observed
43,44,1013,0.21402516961097717,observed
43,44,1014,0.18854139745235443,observed
43,44,1015,0.2262561172246933,observed
43,44,1016,0.22499777376651764,observed
43,44,1017,0.21153250336647034,observed
43,44,1018,0.24245703220367432,observed
43,44,1019,0.2262830138206482,observed
43,44,1020,0.21002858877182007,observed
43,44,1021,0.2633955478668213,observed
43,44,1022,0.18243438005447388,observed
43,44,1023,0.18524260818958282,observed
43,45,0,0.20421814918518066,observed
43,45,1,0.19094084203243256,observed
43,45,2,0.22464731335639954,observed
43,45,3,0.22096887230873108,observed
43,45,4,0.22377321124076843,observed
43,45,5,0.19913356006145477,observed
43,45,6,0.19460023939609528,observed
43,45,7,0.21857018768787384,observed
43,45,8,0.2725333273410797,observed
43,45,9,0.19065824151039124,observed
43,45,10,0.20482046902179718,observed
43,45,11,0.2170654982328415,observed
43,45,12,0.19841165840625763,observed
43,45,13,0.22181099653244019,observed
43,45,14,0.24971553683280945,observed
43,45,15,0.19109387695789337,observed
43,45,16,0.23105356097221375,observed
43,45,17,0.24371547996997833,observed
43,45,18,0.2382703572511673,observed
43,45,19,0.28698304295539856,observed
43,45,20,0.20311683416366577,observed
43,45,21,0.31602272391319275,observed
43,45,22,0.3946744501590729,observed
43,45,23,0.22413454949855804,observed
43,45,24,0.26619553565979004,observed
43,45,25,0.22131767868995667,observed
43,45,26,0.1892635077238083,observed
43,45,27,0.1993466168642044,observed
43,45,28,0.2418927103281021,observed
43,45,29,0.23206689953804016,observed
43,45,30,0.3343806266784668,observed
43,45,31,0.19905661046504974,observed
43,45,32,0.34769320487976074,observed
43,45,33,0.2080584615468979,observed
43,45,34,0.19706454873085022,observed
43,45,35,0.2558041214942932,observed
43,45,36,0.1953575760126114,observed
43,45,37,0.2157263159751892,observed
43,45,38,0.22151780128479004,observed
43,45,39,0.23366579413414001,observed
43,45,40,0.22134196758270264,observed
43,45,41,0.2043704092502594,observed
43,45,42,0.21551381051540375,observed
43,45,43,0.222474604845047,observed
43,45,44,0.21665377914905548,observed
43,45,45,0.22075417637825012,observed
43,45,46,0.2086406797170639,observed
43,45,47,0.23754186928272247,observed
43,45,48,0.1772332787513733,observed
43,45,49,0.22205084562301636,observed
43,45,50,0.21323040127754211,observed
43,45,51,0.22239530086517334,observed
43,45,52,0.26130983233451843,observed
43,45,53,0.21066078543663025,observed
43,45,54,0.198915496468544,observed
43,45,55,0.1970042735338211,observed
43,45,56,0.21572080254554749,observed
43,45,57,0.4928571581840515,observed
43,45,58,0.21767866611480713,observed
43,45,59,0.19417671859264374,observed
43,45,60,0.19745120406150818,observed
43,45,61,0.2301967591047287,observed
43,45,62,0.21449996531009674,observed
43,45,63,0.1932132989168167,observed
43,45,64,0.24736815690994263,observed
43,45,65,0.21786922216415405,observed
43,45,66,0.21853862702846527,observed
43,45,67,0.2323155701160431,observed
43,45,68,0.3076421618461609,observed
43,45,69,0.2690528333187103,observed
43,45,70,0.19289501011371613,observed
43,45,71,0.22032779455184937,observed
43,45,72,0.19863569736480713,observed
43,45,73,0.21778392791748047,observed
43,45,74,0.18689298629760742,observed
43,45,75,0.18320047855377197,observed
43,45,76,0.20853732526302338,observed
43,45,77,0.19389142096042633,observed
43,45,78,0.1947936862707138,observed
43,45,79,0.20278245210647583,observed
43,45,80,0.21162128448486328,observed
43,45,81,0.21589940786361694,observed
43,45,82,0.22494563460350037,observed
43,45,83,0.2160775363445282,observed
43,45,84,0.2132890820503235,observed
43,45,85,0.20482765138149261,observed
43,45,86,0.19222767651081085,observed
43,45,87,0.4124981164932251,observed
43,45,88,0.21140801906585693,observed
43,45,89,0.219856396317482,observed
43,45,90,0.21404008567333221,observed
43,45,91,0.23231779038906097,observed
43,45,92,0.21237154304981232,observed
43,45,93,0.6321414709091187,observed
43,45,94,0.21821923553943634,observed
43,45,95,0.6330259442329407,observed
43,45,96,0.2421375811100006,observed
43,45,97,0.23365889489650726,observed
43,45,98,0.2194673866033554,observed
43,45,99,0.19013245403766632,observed
43,45,100,0.21318911015987396,observed
43,45,101,0.23011057078838348,observed
43,45,102,0.2224520593881607,observed
43,45,103,0.2167109251022339,observed
43,45,104,0.21266362071037292,observed
43,45,105,0.19591116905212402,observed
43,45,106,0.21370859444141388,observed
43,45,107,0.4220513701438904,observed
43,45,108,0.21412897109985352,observed
43,45,109,0.20981740951538086,observed
43,45,110,0.22533684968948364,observed
43,45,111,0.18687617778778076,observed
43,45,112,0.22660000622272491,observed
43,45,113,0.19529537856578827,observed
43,45,114,0.21885377168655396,observed
43,45,115,0.19983042776584625,observed
43,45,116,0.20286057889461517,observed
43,45,117,0.208901047706604,observed
43,45,118,0.2121720016002655,observed
43,45,119,0.2331296056509018,observed
43,45,120,0.20753687620162964,observed
43,45,121,0.26883089542388916,observed
43,45,122,0.2130364626646042,observed
43,45,123,0.22030144929885864,observed
43,45,124,0.20790211856365204,observed
43,45,125,0.2642209529876709,observed
43,45,126,0.23074066638946533,observed
43,45,127,0.22205643355846405,observed
43,45,128,0.19243143498897552,observed
43,45,129,0.42609506845474243,observed
43,45,130,0.19243961572647095,observed
43,45,131,0.20228290557861328,observed
43,45,132,0.21605627238750458,observed
43,45,133,0.22415360808372498,observed
43,45,134,0.24642542004585266,observed
43,45,135,0.22988563776016235,observed
43,45,136,0.19171097874641418,observed
43,45,137,0.2569219172000885,observed
43,45,138,0.2063431590795517,observed
43,45,139,0.20094674825668335,observed
43,45,140,0.3252297639846802,observed
43,45,141,0.1976989209651947,observed
43,45,142,0.2071143239736557,observed
43,45,143,0.2048463225364685,observed
43,45,144,0.22000525891780853,observed
43,45,145,0.23404686152935028,observed
43,45,146,0.2753103971481323,observed
43,45,147,0.2385413497686386,observed
43,45,148,0.1938447207212448,observed
43,45,149,0.19488763809204102,observed
43,45,150,0.20860344171524048,observed
43,45,151,0.22660140693187714,observed
43,45,152,0.19157549738883972,observed
43,45,153,0.18208476901054382,observed
43,45,154,0.22309543192386627,observed
43,45,155,0.28602415323257446,observed
43,45,156,0.22020064294338226,observed
43,45,157,0.2299525886774063,observed
43,45,158,0.20184095203876495,observed
43,45,159,0.2026161104440689,observed
43,45,160,0.2193044126033783,observed
43,45,161,0.24048878252506256,observed
43,45,162,0.20810484886169434,observed
43,45,163,0.23310568928718567,observed
43,45,164,0.2130117565393448,observed
43,45,165,0.19948960840702057,observed
43,45,166,0.22363339364528656,observed
43,45,167,0.19900594651699066,observed
43,45,168,0.20606151223182678,observed
43,45,169,0.18839527666568756,observed
43,45,170,0.8906146883964539,observed
43,45,171,0.21750324964523315,observed
43,45,172,0.19530609250068665,observed
43,45,173,0.23168878257274628,observed
43,45,174,0.3209538459777832,observed
43,45,175,0.21113809943199158,observed
43,45,176,0.23965196311473846,observed
43,45,177,0.19831593334674835,observed
43,45,178,0.3127939999103546,observed
43,45,179,0.47532153129577637,observed
43,45,180,0.28385046124458313,observed
43,45,181,0.2002907395362854,observed
43,45,182,0.18564756214618683,observed
43,45,183,0.2616123557090759,observed
43,45,184,0.18596714735031128,observed
43,45,185,0.21732938289642334,observed
43,45,186,0.21633005142211914,observed
43,45,187,0.2810938358306885,observed
43,45,188,0.238301619887352,observed
43,45,189,0.21753129363059998,observed
43,45,190,0.2225915789604187,observed
43,45,191,0.5814218521118164,observed
43,45,192,0.1978408247232437,observed
43,45,193,0.23016513884067535,observed
43,45,194,0.2130882740020752,observed
43,45,195,0.20512892305850983,observed
43,45,196,0.2387944757938385,observed
43,45,197,0.2435906082391739,observed
43,45,198,0.31441909074783325,observed
43,45,199,0.1793626844882965,observed
43,45,200,0.21815691888332367,observed
43,45,201,0.20889714360237122,observed
43,45,202,0.21573908627033234,observed
43,45,203,0.19406931102275848,observed
43,45,204,0.1868298500776291,observed
43,45,205,0.20384548604488373,observed
43,45,206,0.21025270223617554,observed
43,45,207,0.23865701258182526,observed
43,45,208,0.21288056671619415,observed
43,45,209,0.1815517395734787,observed
43,45,210,0.1978749781847,observed
43,45,211,0.2701747417449951,observed
43,45,212,0.20978499948978424,observed
43,45,213,0.24426673352718353,observed
43,45,214,0.2320353090763092,observed
43,45,215,0.19418825209140778,observed
43,45,216,0.20512543618679047,observed
43,45,217,0.2055915892124176,observed
43,45,218,0.20478613674640656,observed
43,45,219,0.20484988391399384,observed
43,45,220,0.2184046506881714,observed
43,45,221,0.22596906125545502,observed
43,45,222,0.2049797624349594,observed
43,45,223,0.3781885504722595,observed
43,45,224,0.2422138899564743,observed
43,45,225,0.18852680921554565,observed
43,45,226,0.19360345602035522,observed
43,45,227,0.25655490159988403,observed
43,45,228,0.2188722938299179,observed
43,45,229,0.194496750831604,observed
43,45,230,0.21561290323734283,observed
43,45,231,0.20410501956939697,observed
43,45,232,0.2648388743400574,observed
43,45,233,0.19289256632328033,observed
43,45,234,0.22196583449840546,observed
43,45,235,0.22038108110427856,observed
43,45,236,0.24786783754825592,observed
43,45,237,0.19530098140239716,observed
43,45,238,0.23744848370552063,observed
43,45,239,0.21778197586536407,observed
43,45,240,0.20615333318710327,observed
43,45,241,0.3561348021030426,observed
43,45,242,0.21399633586406708,observed
43,45,243,0.20850218832492828,observed
43,45,244,0.2153759002685547,observed
43,45,245,0.21448901295661926,observed
43,45,246,0.2117563635110855,observed
43,45,247,0.22669534385204315,observed
43,45,248,0.21471084654331207,observed
43,45,249,0.25676074624061584,observed
43,45,250,0.25186485052108765,observed
43,45,251,0.22298093140125275,observed
43,45,252,0.21401700377464294,observed
43,45,253,0.2013358771800995,observed
43,45,254,0.22468310594558716,observed
43,45,255,0.21661105751991272,observed
43,45,256,0.23248036205768585,observed
43,45,257,0.7459182739257812,observed
43,45,258,0.21337541937828064,observed
43,45,259,0.21051175892353058,observed
43,45,260,0.20619940757751465,observed
43,45,261,0.23287226259708405,observed
43,45,262,0.2002418339252472,observed
43,45,263,0.1906844973564148,observed
43,45,264,0.2644689977169037,observed
43,45,265,0.1944504827260971,observed
43,45,266,0.21683558821678162,observed
43,45,267,0.2084915190935135,observed
43,45,268,0.23678043484687805,observed
43,45,269,0.21261531114578247,observed
43,45,270,0.22384221851825714,observed
43,45,271,0.21530140936374664,observed
43,45,272,0.3648848235607147,observed
43,45,273,0.2402854859828949,observed
43,45,274,0.2211998999118805,observed
43,45,275,0.2112942337989807,observed
43,45,276,0.18923957645893097,observed
43,45,277,0.6276508569717407,observed
43,45,278,0.22427944839000702,observed
43,45,279,0.20616713166236877,observed
43,45,280,0.2089030146598816,observed
43,45,281,0.2121698409318924,observed
43,45,282,0.2890462279319763,observed
43,45,283,0.21682852506637573,observed
43,45,284,0.19095785915851593,observed
43,45,285,0.20047353208065033,observed
43,45,286,0.23237763345241547,observed
43,45,287,0.22244252264499664,observed
43,45,288,0.20781059563159943,observed
43,45,289,0.18967792391777039,observed
43,45,290,0.2296469807624817,observed
43,45,291,0.19898410141468048,observed
43,45,292,0.3279682993888855,observed
43,45,293,0.19741256535053253,observed
43,45,294,0.23043663799762726,observed
43,45,295,0.23315897583961487,observed
43,45,296,0.23177051544189453,observed
43,45,297,0.22938169538974762,observed
43,45,298,0.2217720001935959,observed
43,45,299,0.2140706181526184,observed
43,45,300,0.20599676668643951,observed
43,45,301,0.22223421931266785,observed
43,45,302,0.23058068752288818,observed
43,45,303,0.20110569894313812,observed
43,45,304,0.418196439743042,observed
43,45,305,0.2399556189775467,observed
43,45,306,0.20415706932544708,observed
43,45,307,0.20573388040065765,observed
43,45,308,0.258502721786499,observed
43,45,309,0.21625004708766937,observed
43,45,310,0.27016088366508484,observed
43,45,311,0.26196596026420593,observed
43,45,312,0.2294841706752777,observed
43,45,313,0.20185016095638275,observed
43,45,314,0.20882953703403473,observed
43,45,315,0.18982456624507904,observed
43,45,316,0.20649033784866333,observed
43,45,317,0.18498539924621582,observed
43,45,318,0.2085523158311844,observed
43,45,319,0.2085854858160019,observed
43,45,320,0.22606010735034943,observed
43,45,321,0.27193698287010193,observed
43,45,322,0.22122709453105927,observed
43,45,323,0.21714845299720764,observed
43,45,324,0.19559882581233978,observed
43,45,325,0.2600332498550415,observed
43,45,326,0.19636324048042297,observed
43,45,327,0.19682547450065613,observed
43,45,328,0.20750445127487183,observed
43,45,329,0.2604174017906189,observed
43,45,330,0.24726851284503937,observed
43,45,331,0.21313831210136414,observed
43,45,332,0.2830831706523895,observed
43,45,333,0.24266961216926575,observed
43,45,334,0.18352170288562775,observed
43,45,335,0.21437086164951324,observed
43,45,336,0.23782241344451904,observed
43,45,337,0.20164677500724792,observed
43,45,338,0.24550487101078033,observed
43,45,339,0.2041647881269455,observed
43,45,340,0.2056369036436081,observed
43,45,341,0.22424376010894775,observed
43,45,342,0.22526638209819794,observed
43,45,343,0.22072920203208923,observed
43,45,344,0.23462608456611633,observed
43,45,345,0.2218480110168457,observed
43,45,346,0.2025873064994812,observed
43,45,347,0.21505501866340637,observed
43,45,348,0.21150809526443481,observed
43,45,349,0.20228764414787292,observed
43,45,350,0.24161456525325775,observed
43,45,351,0.25625380873680115,observed
43,45,352,0.20903705060482025,observed
43,45,353,0.20687684416770935,observed
43,45,354,0.19367091357707977,observed
43,45,355,0.2066671997308731,observed
43,45,356,0.2564988434314728,observed
43,45,357,0.2014836072921753,observed
43,45,358,0.22865770757198334,observed
43,45,359,0.23664943873882294,observed
43,45,360,0.20416760444641113,observed
43,45,361,0.22492098808288574,observed
43,45,362,0.1922874003648758,observed
43,45,363,0.3835170269012451,observed
43,45,364,0.21129249036312103,observed
43,45,365,0.2004382461309433,observed
43,45,366,0.38108131289482117,observed
43,45,367,0.1805187463760376,observed
43,45,368,0.2313319444656372,observed
43,45,369,0.21323487162590027,observed
43,45,370,0.24743999540805817,observed
43,45,371,0.21759018301963806,observed
43,45,372,0.23057006299495697,observed
43,45,373,0.2619161605834961,observed
43,45,374,0.2531976103782654,observed
43,45,375,0.2276557832956314,observed
43,45,376,0.194390669465065,observed
43,45,377,0.20534738898277283,observed
43,45,378,0.20825108885765076,observed
43,45,379,0.7147076725959778,observed
43,45,380,0.23470309376716614,observed
43,45,381,0.2349630892276764,observed
43,45,382,0.21818166971206665,observed
43,45,383,0.20982632040977478,observed
43,45,384,0.1734081208705902,observed
43,45,385,0.20213082432746887,observed
43,45,386,0.2183322161436081,observed
43,45,387,0.2100362777709961,observed
43,45,388,0.2280689775943756,observed
43,45,389,0.1919976770877838,observed
43,45,390,0.31066280603408813,observed
43,45,391,0.271599143743515,observed
43,45,392,0.23478971421718597,observed
43,45,393,0.22494764626026154,observed
43,45,394,0.19084712862968445,observed
43,45,395,0.22460143268108368,observed
43,45,396,0.2132415622472763,observed
43,45,397,0.23935085535049438,observed
43,45,398,0.20552168786525726,observed
43,45,399,0.20180025696754456,observed
43,45,400,0.2642609477043152,observed
43,45,401,0.20641514658927917,observed
43,45,402,0.1962306797504425,observed
43,45,403,0.27786457538604736,observed
43,45,404,0.21728622913360596,observed
43,45,405,0.1987713724374771,observed
43,45,406,0.20490232110023499,observed
43,45,407,0.2660817503929138,observed
43,45,408,0.2059108018875122,observed
43,45,409,0.2247479110956192,observed
43,45,410,0.24033506214618683,observed
43,45,411,0.24186937510967255,observed
43,45,412,0.3637036085128784,observed
43,45,413,0.23718182742595673,observed
43,45,414,0.2661188244819641,observed
43,45,415,0.19343245029449463,observed
43,45,416,0.21025891602039337,observed
43,45,417,0.8469326496124268,observed
43,45,418,0.1958591192960739,observed
43,45,419,0.2629871964454651,observed
43,45,420,0.23615771532058716,observed
43,45,421,0.19682633876800537,observed
43,45,422,0.21434864401817322,observed
43,45,423,0.19428102672100067,observed
43,45,424,0.18636570870876312,observed
43,45,425,0.2086779773235321,observed
43,45,426,0.4475116729736328,observed
43,45,427,0.23004287481307983,observed
43,45,428,0.22112049162387848,observed
43,45,429,0.23788724839687347,observed
43,45,430,0.22151896357536316,observed
43,45,431,0.2010793834924698,observed
43,45,432,0.19581981003284454,observed
43,45,433,0.23540247976779938,observed
43,45,434,0.262085884809494,observed
43,45,435,0.2224823385477066,observed
43,45,436,0.41015875339508057,observed
43,45,437,0.2612859308719635,observed
43,45,438,0.19355840981006622,observed
43,45,439,0.2352639138698578,observed
43,45,440,0.20375588536262512,observed
43,45,441,0.20328234136104584,observed
43,45,442,0.20435084402561188,observed
43,45,443,0.1806359440088272,observed
43,45,444,0.2208770364522934,observed
43,45,445,0.21598854660987854,observed
43,45,446,0.20903357863426208,observed
43,45,447,0.21378393471240997,observed
43,45,448,0.2654094099998474,observed
43,45,449,0.2132153958082199,observed
43,45,450,0.22235289216041565,observed
43,45,451,0.20063355565071106,observed
43,45,452,0.2295323759317398,observed
43,45,453,0.2538954019546509,observed
43,45,454,0.2186325192451477,observed
43,45,455,0.23155063390731812,observed
43,45,456,0.17780545353889465,observed
43,45,457,0.3064943552017212,observed
43,45,458,0.20813052356243134,observed
43,45,459,0.1912170946598053,observed
43,45,460,0.2696598470211029,observed
43,45,461,0.8627183437347412,observed
43,45,462,0.20986974239349365,observed
43,45,463,0.2643415331840515,observed
43,45,464,0.25257354974746704,observed
43,45,465,0.22440506517887115,observed
43,45,466,0.2181803584098816,observed
43,45,467,0.24651658535003662,observed
43,45,468,0.26009702682495117,observed
43,45,469,0.22770212590694427,observed
43,45,470,0.19215862452983856,observed
43,45,471,0.21235905587673187,observed
43,45,472,0.2536903917789459,observed
43,45,473,0.7583770155906677,observed
43,45,474,0.21825118362903595,observed
43,45,475,0.19607116281986237,observed
43,45,476,0.7349622845649719,observed
43,45,477,0.23455755412578583,observed
43,45,478,0.21617276966571808,observed
43,45,479,0.21148890256881714,observed
43,45,480,0.21012401580810547,observed
43,45,481,0.2180834710597992,observed
43,45,482,0.21328167617321014,observed
43,45,483,0.22682076692581177,observed
43,45,484,0.18731895089149475,observed
43,45,485,0.19903433322906494,observed
43,45,486,0.2453937828540802,observed
43,45,487,0.2331029623746872,observed
43,45,488,0.22316180169582367,observed
43,45,489,0.23789262771606445,observed
43,45,490,0.19733713567256927,observed
43,45,491,0.30754539370536804,observed
43,45,492,0.2772238552570343,observed
43,45,493,0.17864926159381866,observed
43,45,494,0.2327343225479126,observed
43,45,495,0.694036066532135,observed
43,45,496,0.1815548539161682,observed
43,45,497,0.21181167662143707,observed
43,45,498,0.19953732192516327,observed
43,45,499,0.21799913048744202,observed
43,45,500,0.20758190751075745,observed
43,45,501,0.18195055425167084,observed
43,45,502,0.25828346610069275,observed
43,45,503,0.3743595778942108,observed
43,45,504,0.2932322323322296,observed
43,45,505,0.22257180511951447,observed
43,45,506,0.19631601870059967,observed
43,45,507,0.24247929453849792,observed
43,45,508,0.2139417976140976,observed
43,45,509,0.27092301845550537,observed
43,45,510,0.19268833100795746,observed
43,45,511,0.26147356629371643,observed
43,45,512,0.21795286238193512,observed
43,45,513,0.2143619954586029,observed
43,45,514,0.20414097607135773,observed
43,45,515,0.22931504249572754,observed
43,45,516,0.2108558863401413,observed
43,45,517,0.21375983953475952,observed
43,45,518,0.1994297355413437,observed
43,45,519,0.22171954810619354,observed
43,45,520,0.265519380569458,observed
43,45,521,0.697849452495575,observed
43,45,522,0.8327078223228455,observed
43,45,523,0.21609221398830414,observed
43,45,524,0.2008589208126068,observed
43,45,525,0.21520379185676575,observed
43,45,526,0.22901125252246857,observed
43,45,527,0.23989419639110565,observed
43,45,528,0.2591530382633209,observed
43,45,529,0.24030442535877228,observed
43,45,530,0.1961665153503418,observed
43,45,531,0.26099902391433716,observed
43,45,532,0.1916934847831726,observed
43,45,533,0.2102898806333542,observed
43,45,534,0.2692481577396393,observed
43,45,535,0.4190039336681366,observed
43,45,536,0.23809830844402313,observed
43,45,537,0.5069674253463745,observed
43,45,538,0.22731444239616394,observed
43,45,539,0.21845653653144836,observed
43,45,540,0.20131632685661316,observed
43,45,541,0.2247767150402069,observed
43,45,542,0.19526903331279755,observed
43,45,543,0.2522989809513092,observed
43,45,544,0.24615253508090973,observed
43,45,545,0.2026267945766449,observed
43,45,546,0.24245096743106842,observed
43,45,547,0.19941432774066925,observed
43,45,548,0.22851143777370453,observed
43,45,549,0.2429412305355072,observed
43,45,550,0.22610816359519958,observed
43,45,551,0.22318816184997559,observed
43,45,552,0.19806861877441406,observed
43,45,553,0.22084428369998932,observed
43,45,554,0.20110781490802765,observed
43,45,555,0.1888803392648697,observed
43,45,556,0.21031154692173004,observed
43,45,557,0.24526333808898926,observed
43,45,558,0.21520419418811798,observed
43,45,559,0.21176163852214813,observed
43,45,560,0.22652162611484528,observed
43,45,561,0.22722649574279785,observed
43,45,562,0.24962779879570007,observed
43,45,563,0.16865970194339752,observed
43,45,564,0.21268747746944427,observed
43,45,565,0.2623080611228943,observed
43,45,566,0.20535416901111603,observed
43,45,567,0.18688948452472687,observed
43,45,568,0.2129197120666504,observed
43,45,569,0.20441634953022003,observed
43,45,570,0.23873192071914673,observed
43,45,571,0.21871314942836761,observed
43,45,572,0.21373625099658966,observed
43,45,573,0.23762722313404083,observed
43,45,574,0.23420901596546173,observed
43,45,575,0.2552577555179596,observed
43,45,576,0.24053354561328888,observed
43,45,577,0.1713307499885559,observed
43,45,578,0.21492820978164673,observed
43,45,579,0.2278151959180832,observed
43,45,580,0.2194632738828659,observed
43,45,581,0.2168322205543518,observed
43,45,582,0.21806219220161438,observed
43,45,583,0.23217768967151642,observed
43,45,584,0.2058328092098236,observed
43,45,585,0.20904694497585297,observed
43,45,586,0.17754578590393066,observed
43,45,587,0.19339214265346527,observed
43,45,588,0.210767462849617,observed
43,45,589,0.31583112478256226,observed
43,45,590,0.18217821419239044,observed
43,45,591,0.21330030262470245,observed
43,45,592,0.24236340820789337,observed
43,45,593,0.2506893277168274,observed
43,45,594,0.20610709488391876,observed
43,45,595,0.22551067173480988,observed
43,45,596,0.2276768684387207,observed
43,45,597,0.2007744163274765,observed
43,45,598,0.24589958786964417,observed
43,45,599,0.2219986468553543,observed
43,45,600,0.20690996944904327,observed
43,45,601,0.45228540897369385,observed
43,45,602,0.30925169587135315,observed
43,45,603,0.1939089149236679,observed
43,45,604,0.22333171963691711,observed
43,45,605,0.4920709431171417,observed
43,45,606,0.19804632663726807,observed
43,45,607,0.2771436870098114,observed
43,45,608,0.21197649836540222,observed
43,45,609,0.2029862403869629,observed
43,45,610,0.2959003448486328,observed
43,45,611,0.18791303038597107,observed
43,45,612,0.21275241672992706,observed
43,45,613,0.2615179717540741,observed
43,45,614,0.19628110527992249,observed
43,45,615,0.21398667991161346,observed
43,45,616,0.22169362008571625,observed
43,45,617,0.7839019298553467,observed
43,45,618,0.23048321902751923,observed
43,45,619,0.23950763046741486,observed
43,45,620,0.22783586382865906,observed
43,45,621,0.21331973373889923,observed
43,45,622,0.2169436365365982,observed
43,45,623,0.2436685860157013,observed
43,45,624,0.19574770331382751,observed
43,45,625,0.20980039238929749,observed
43,45,626,0.21280618011951447,observed
43,45,627,0.18583542108535767,observed
43,45,628,0.19684965908527374,observed
43,45,629,0.19493368268013,observed
43,45,630,0.7931263446807861,observed
43,45,631,0.2604408860206604,observed
43,45,632,0.1886041909456253,observed
43,45,633,0.1966739445924759,observed
43,45,634,0.2073369324207306,observed
43,45,635,0.19894957542419434,observed
43,45,636,0.24898405373096466,observed
43,45,637,0.17604272067546844,observed
43,45,638,0.31717535853385925,observed
43,45,639,0.20244841277599335,observed
43,45,640,0.20919029414653778,observed
43,45,641,0.22304625809192657,observed
43,45,642,0.2378993034362793,observed
43,45,643,0.21311037242412567,observed
43,45,644,0.1874145120382309,observed
43,45,645,0.20976310968399048,observed
43,45,646,0.20584596693515778,observed
43,45,647,0.23585239052772522,observed
43,45,648,0.2144707441329956,observed
43,45,649,0.19752535223960876,observed
43,45,650,0.20283913612365723,observed
43,45,651,0.19421878457069397,observed
43,45,652,0.21219265460968018,observed
43,45,653,0.2128971368074417,observed
43,45,654,0.2468973696231842,observed
43,45,655,0.18729950487613678,observed
43,45,656,0.21170297265052795,observed
43,45,657,0.2084624171257019,observed
43,45,658,0.18109004199504852,observed
43,45,659,0.2026257961988449,observed
43,45,660,0.2311936467885971,observed
43,45,661,0.21699665486812592,observed
43,45,662,0.19177129864692688,observed
43,45,663,0.1824789196252823,observed
43,45,664,0.22187981009483337,observed
43,45,665,0.30479809641838074,observed
43,45,666,0.2154717594385147,observed
43,45,667,0.18672803044319153,observed
43,45,668,0.27268895506858826,observed
43,45,669,0.37028127908706665,observed
43,45,670,0.2061953842639923,observed
43,45,671,0.22077874839305878,observed
43,45,672,0.19253253936767578,observed
43,45,673,0.20009443163871765,observed
43,45,674,0.21570377051830292,observed
43,45,675,0.28378620743751526,observed
43,45,676,0.2601951062679291,observed
43,45,677,0.5644679665565491,observed
43,45,678,0.2041386067867279,observed
43,45,679,0.25784382224082947,observed
43,45,680,0.21580083668231964,observed
43,45,681,0.1987440437078476,observed
43,45,682,0.7101048827171326,observed
43,45,683,0.2167024314403534,observed
43,45,684,0.21254383027553558,observed
43,45,685,0.23203541338443756,observed
43,45,686,0.24542945623397827,observed
43,45,687,0.23654519021511078,observed
43,45,688,0.24385392665863037,observed
43,45,689,0.20215758681297302,observed
43,45,690,0.20407459139823914,observed
43,45,691,0.2942848205566406,observed
43,45,692,0.49689188599586487,observed
43,45,693,0.20225849747657776,observed
43,45,694,0.22848576307296753,observed
43,45,695,0.1919572651386261,observed
43,45,696,0.17774885892868042,observed
43,45,697,0.2043025642633438,observed
43,45,698,0.2516830563545227,observed
43,45,699,0.2238306701183319,observed
43,45,700,0.18338386714458466,observed
43,45,701,0.22783847153186798,observed
43,45,702,0.21502070128917694,observed
43,45,703,0.237935870885849,observed
43,45,704,0.2476779818534851,observed
43,45,705,0.19362233579158783,observed
43,45,706,0.1954541653394699,observed
43,45,707,0.22811822593212128,observed
43,45,708,0.2607378661632538,observed
43,45,709,0.2163596898317337,observed
43,45,710,0.24694575369358063,observed
43,45,711,0.22674456238746643,observed
43,45,712,0.21303026378154755,observed
43,45,713,0.19428861141204834,observed
43,45,714,0.19687150418758392,observed
43,45,715,0.20781151950359344,observed
43,45,716,0.20322194695472717,observed
43,45,717,0.20462554693222046,observed
43,45,718,0.2398500293493271,observed
43,45,719,0.20073102414608002,observed
43,45,720,0.2347157746553421,observed
43,45,721,0.23971693217754364,observed
43,45,722,0.21637015044689178,observed
43,45,723,0.19928117096424103,observed
43,45,724,0.18159714341163635,observed
43,45,725,0.2864597737789154,observed
43,45,726,0.20858775079250336,observed
43,45,727,0.20155051350593567,observed
43,45,728,0.20662839710712433,observed
43,45,729,0.19510436058044434,observed
43,45,730,0.20430998504161835,observed
43,45,731,0.2273038923740387,observed
43,45,732,0.21646466851234436,observed
43,45,733,0.246896430850029,observed
43,45,734,0.18937408924102783,observed
43,45,735,0.20536662638187408,observed
43,45,736,0.18317221105098724,observed
43,45,737,0.23883293569087982,observed
43,45,738,0.24512599408626556,observed
43,45,739,0.20397906005382538,observed
43,45,740,0.22293440997600555,observed
43,45,741,0.20573033392429352,observed
43,45,742,0.21109545230865479,observed
43,45,743,0.19704985618591309,observed
43,45,744,0.2043103575706482,observed
43,45,745,0.213504821062088,observed
43,45,746,0.19338899850845337,observed
43,45,747,0.2146550565958023,observed
43,45,748,0.21770650148391724,observed
43,45,749,0.28208592534065247,observed
43,45,750,0.18980638682842255,observed
43,45,751,0.24229933321475983,observed
43,45,752,0.21946591138839722,observed
43,45,753,0.20728714764118195,observed
43,45,754,0.26772844791412354,observed
43,45,755,0.22503328323364258,observed
43,45,756,0.2209521383047104,observed
43,45,757,0.2628607749938965,observed
43,45,758,0.24503256380558014,observed
43,45,759,0.24645207822322845,observed
43,45,760,0.19921588897705078,observed
43,45,761,0.3040609657764435,observed
43,45,762,0.2294800579547882,observed
43,45,763,0.231816366314888,observed
43,45,764,0.28518834710121155,observed
43,45,765,0.25481274724006653,observed
43,45,766,0.18412913382053375,observed
43,45,767,0.2246556133031845,observed
43,45,768,0.25300246477127075,observed
43,45,769,0.21904155611991882,observed
43,45,770,0.2267168164253235,observed
43,45,771,0.21254998445510864,observed
43,45,772,0.20503266155719757,observed
43,45,773,0.21018555760383606,observed
43,45,774,0.23676379024982452,observed
43,45,775,0.21453870832920074,observed
43,45,776,0.19074970483779907,observed
43,45,777,0.22088469564914703,observed
43,45,778,0.23413674533367157,observed
43,45,779,0.2160739302635193,observed
43,45,780,0.2688794732093811,observed
43,45,781,0.5798043012619019,observed
43,45,782,0.21422651410102844,observed
43,45,783,0.2220929116010666,observed
43,45,784,0.22783049941062927,observed
43,45,785,0.20539017021656036,observed
43,45,786,0.21244850754737854,observed
43,45,787,0.20536978542804718,observed
43,45,788,0.2205856889486313,observed
43,45,789,0.2680438756942749,observed
43,45,790,0.21085965633392334,observed
43,45,791,0.20835192501544952,observed
43,45,792,0.22372397780418396,observed
43,45,793,0.21440134942531586,observed
43,45,794,0.19804634153842926,observed
43,45,795,0.20521561801433563,observed
43,45,796,0.21543501317501068,observed
43,45,797,0.19767707586288452,observed
43,45,798,0.23196439445018768,observed
43,45,799,0.22102002799510956,observed
43,45,800,0.2715185880661011,observed
43,45,801,0.1661020964384079,observed
43,45,802,0.39155149459838867,observed
43,45,803,0.22548693418502808,observed
43,45,804,0.20938126742839813,observed
43,45,805,0.6469863653182983,observed
43,45,806,0.20682446658611298,observed
43,45,807,0.22401905059814453,observed
43,45,808,0.20937545597553253,observed
43,45,809,0.20278196036815643,observed
43,45,810,0.21256446838378906,observed
43,45,811,0.2663409113883972,observed
43,45,812,0.2040088176727295,observed
43,45,813,0.19454658031463623,observed
43,45,814,0.23488537967205048,observed
43,45,815,0.21588660776615143,observed
43,45,816,0.2006152719259262,observed
43,45,817,0.19038324058055878,observed
43,45,818,0.2773551940917969,observed
43,45,819,0.1876981407403946,observed
43,45,820,0.2385205775499344,observed
43,45,821,0.21806028485298157,observed
43,45,822,0.21699295938014984,observed
43,45,823,0.34559306502342224,observed
43,45,824,0.22340352833271027,observed
43,45,825,0.3613327145576477,observed
43,45,826,0.19727058708667755,observed
43,45,827,0.2123892456293106,observed
43,45,828,0.19574911892414093,observed
43,45,829,0.2115132361650467,observed
43,45,830,0.20817415416240692,observed
43,45,831,0.24184472858905792,observed
43,45,832,0.2969301640987396,observed
43,45,833,0.214307963848114,observed
43,45,834,0.2445201575756073,observed
43,45,835,0.20691005885601044,observed
43,45,836,0.1978069543838501,observed
43,45,837,0.2296701967716217,observed
43,45,838,0.4718226194381714,observed
43,45,839,0.22172695398330688,observed
43,45,840,0.19519703090190887,observed
43,45,841,0.21830743551254272,observed
43,45,842,0.22364163398742676,observed
43,45,843,0.31142786145210266,observed
43,45,844,0.19311241805553436,observed
43,45,845,0.20825517177581787,observed
43,45,846,0.19008323550224304,observed
43,45,847,0.20830565690994263,observed
43,45,848,0.22647124528884888,observed
43,45,849,0.21761804819107056,observed
43,45,850,0.17786483466625214,observed
43,45,851,0.241952583193779,observed
43,45,852,0.2306666374206543,observed
43,45,853,0.1936258226633072,observed
43,45,854,0.1961524784564972,observed
43,45,855,0.21683651208877563,observed
43,45,856,0.19092866778373718,observed
43,45,857,0.17949435114860535,observed
43,45,858,0.23022964596748352,observed
43,45,859,0.18326395750045776,observed
43,45,860,0.27340173721313477,observed
43,45,861,0.22189994156360626,observed
43,45,862,0.25159093737602234,observed
43,45,863,0.23069283366203308,observed
43,45,864,0.20169208943843842,observed
43,45,865,0.20013029873371124,observed
43,45,866,0.20490412414073944,observed
43,45,867,0.21953824162483215,observed
43,45,868,0.19027994573116302,observed
43,45,869,0.20642578601837158,observed
43,45,870,0.25263750553131104,observed
43,45,871,0.200578972697258,observed
43,45,872,0.2112797349691391,observed
43,45,873,0.208914652466774,observed
43,45,874,0.19541527330875397,observed
43,45,875,0.2067078948020935,observed
43,45,876,0.19485032558441162,observed
43,45,877,0.2207799106836319,observed
43,45,878,0.7125822305679321,observed
43,45,879,0.22633087635040283,observed
43,45,880,0.2214639037847519,observed
43,45,881,0.21400994062423706,observed
43,45,882,0.26916009187698364,observed
43,45,883,0.18245543539524078,observed
43,45,884,0.21446049213409424,observed
43,45,885,0.2128828465938568,observed
43,45,886,0.19935649633407593,observed
43,45,887,0.2194661945104599,observed
43,45,888,0.208639457821846,observed
43,45,889,0.2162310779094696,observed
43,45,890,0.22182832658290863,observed
43,45,891,0.21090665459632874,observed
43,45,892,0.20704281330108643,observed
43,45,893,0.20020486414432526,observed
43,45,894,0.2195298969745636,observed
43,45,895,0.20608453452587128,observed
43,45,896,0.24923735857009888,observed
43,45,897,0.2108684778213501,observed
43,45,898,0.21285763382911682,observed
43,45,899,0.23283705115318298,observed
43,45,900,0.22006060183048248,observed
43,45,901,0.2338367998600006,observed
43,45,902,0.23347146809101105,observed
43,45,903,0.20391100645065308,observed
43,45,904,0.22321030497550964,observed
43,45,905,0.20008747279644012,observed
43,45,906,0.23287256062030792,observed
43,45,907,0.3209307789802551,observed
43,45,908,0.22289325296878815,observed
43,45,909,0.22350947558879852,observed
43,45,910,0.20774142444133759,observed
43,45,911,0.24349433183670044,observed
43,45,912,0.21370746195316315,observed
43,45,913,0.20393966138362885,observed
43,45,914,0.25132474303245544,observed
43,45,915,0.19532611966133118,observed
43,45,916,0.18550054728984833,observed
43,45,917,0.19734245538711548,observed
43,45,918,0.18187285959720612,observed
43,45,919,0.2186541110277176,observed
43,45,920,0.20728670060634613,observed
43,45,921,0.28339624404907227,observed
43,45,922,0.20034877955913544,observed
43,45,923,0.2215457558631897,observed
43,45,924,0.20469482243061066,observed
43,45,925,0.2203390896320343,observed
43,45,926,0.26433008909225464,observed
43,45,927,0.21660272777080536,observed
43,45,928,0.2254415601491928,observed
43,45,929,0.2202785462141037,observed
43,45,930,0.22145676612854004,observed
43,45,931,0.37097102403640747,observed
43,45,932,0.23922255635261536,observed
43,45,933,0.3446727991104126,observed
43,45,934,0.2029268741607666,observed
43,45,935,0.21141059696674347,observed
43,45,936,0.2256375402212143,observed
43,45,937,0.21094387769699097,observed
43,45,938,0.2966395914554596,observed
43,45,939,0.23040896654129028,observed
43,45,940,0.21951128542423248,observed
43,45,941,0.29757723212242126,observed
43,45,942,0.17533309757709503,observed
43,45,943,0.23785221576690674,observed
43,45,944,0.212879940867424,observed
43,45,945,0.20824885368347168,observed
43,45,946,0.308621883392334,observed
43,45,947,0.20945052802562714,observed
43,45,948,0.21813718974590302,observed
43,45,949,0.19492551684379578,observed
43,45,950,0.36580753326416016,observed
43,45,951,0.22712375223636627,observed
43,45,952,0.20130519568920135,observed
43,45,953,0.2131519317626953,observed
43,45,954,0.22247914969921112,observed
43,45,955,0.20962569117546082,observed
43,45,956,0.626289963722229,observed
43,45,957,0.186824768781662,observed
43,45,958,0.19685180485248566,observed
43,45,959,0.2721874415874481,observed
43,45,960,0.22196592390537262,observed
43,45,961,0.23906971514225006,observed
43,45,962,0.23423060774803162,observed
43,45,963,0.6030133366584778,observed
43,45,964,0.191752627491951,observed
43,45,965,0.2070167362689972,observed
43,45,966,0.20790228247642517,observed
43,45,967,0.21139228343963623,observed
43,45,968,0.22339540719985962,observed
43,45,969,0.19413073360919952,observed
43,45,970,0.21839068830013275,observed
43,45,971,0.7405974268913269,observed
43,45,972,0.20517581701278687,observed
43,45,973,0.18808186054229736,observed
43,45,974,0.20550592243671417,observed
43,45,975,0.22587475180625916,observed
43,45,976,0.19297157227993011,observed
43,45,977,0.21589095890522003,observed
43,45,978,0.18819043040275574,observed
43,45,979,0.19887976348400116,observed
43,45,980,0.21963585913181305,observed
43,45,981,0.22817353904247284,observed
43,45,982,0.23501940071582794,observed
43,45,983,0.20996446907520294,observed
43,45,984,0.20043422281742096,observed
43,45,985,0.2526019215583801,observed
43,45,986,0.2318151444196701,observed
43,45,987,0.16971758008003235,observed
43,45,988,0.19219854474067688,observed
43,45,989,0.21015214920043945,observed
43,45,990,0.22985276579856873,observed
43,45,991,0.2554900646209717,observed
43,45,992,0.19754141569137573,observed
43,45,993,0.39272168278694153,observed
43,45,994,0.2221798151731491,observed
43,45,995,0.2013816088438034,observed
43,45,996,0.2123136818408966,observed
43,45,997,0.20529578626155853,observed
43,45,998,0.2627447545528412,observed
43,45,999,0.2162182331085205,observed
43,45,1000,0.21577447652816772,observed
43,45,1001,0.2328345626592636,observed
43,45,1002,0.23109136521816254,observed
43,45,1003,0.8295641541481018,observed
43,45,1004,0.26488611102104187,observed
43,45,1005,0.18850143253803253,observed
43,45,1006,0.21917787194252014,observed
43,45,1007,0.22725310921669006,observed
43,45,1008,0.23137903213500977,observed
43,45,1009,0.21208611130714417,observed
43,45,1010,0.24657635390758514,observed
43,45,1011,0.17817175388336182,observed
43,45,1012,0.1909484714269638,observed
43,45,1013,0.21127000451087952,observed
43,45,1014,0.18790221214294434,observed
43,45,1015,0.2006843388080597,observed
43,45,1016,0.18540702760219574,observed
43,45,1017,0.1767309606075287,observed
43,45,1018,0.19844643771648407,observed
43,45,1019,0.18668535351753235,observed
43,45,1020,0.24207574129104614,observed
43,45,1021,0.18530236184597015,observed
43,45,1022,0.2100009024143219,observed
43,45,1023,0.20543256402015686,observed
43,46,0,0.18190233409404755,observed
43,46,1,0.256629079580307,observed
43,46,2,0.20428788661956787,observed
43,46,3,0.17063339054584503,observed
43,46,4,0.1864321380853653,observed
43,46,5,0.2008720487356186,observed
43,46,6,0.19193284213542938,observed
43,46,7,0.18916769325733185,observed
43,46,8,0.19687029719352722,observed
43,46,9,0.25999176502227783,observed
43,46,10,0.2133670151233673,observed
43,46,11,0.21530956029891968,observed
43,46,12,0.20292700827121735,observed
43,46,13,0.2092648595571518,observed
43,46,14,0.18857049942016602,observed
43,46,15,0.22201137244701385,observed
43,46,16,0.2036336064338684,observed
43,46,17,0.2434229552745819,observed
43,46,18,0.20126855373382568,observed
43,46,19,0.30779334902763367,observed
43,46,20,0.2116689532995224,observed
43,46,21,0.2630150616168976,observed
43,46,22,0.3760407269001007,observed
43,46,23,0.22145414352416992,observed
43,46,24,0.20779763162136078,observed
43,46,25,0.20284315943717957,observed
43,46,26,0.20348049700260162,observed
43,46,27,0.21185345947742462,observed
43,46,28,0.21088793873786926,observed
43,46,29,0.2091427594423294,observed
43,46,30,0.3633512258529663,observed
43,46,31,0.249980628490448,observed
43,46,32,0.31495171785354614,observed
43,46,33,0.2335193157196045,observed
43,46,34,0.2953527271747589,observed
43,46,35,0.18103861808776855,observed
43,46,36,0.24287880957126617,observed
43,46,37,0.21662351489067078,observed
43,46,38,0.199078768491745,observed
43,46,39,0.22388967871665955,observed
43,46,40,0.24730317294597626,observed
43,46,41,0.22032397985458374,observed
43,46,42,0.1804906725883484,observed
43,46,43,0.21847139298915863,observed
43,46,44,0.2255602478981018,observed
43,46,45,0.20251546800136566,observed
43,46,46,0.22055567800998688,observed
43,46,47,0.2315290868282318,observed
43,46,48,0.21434147655963898,observed
43,46,49,0.2314203977584839,observed
43,46,50,0.2005227953195572,observed
43,46,51,0.2157396525144577,observed
43,46,52,0.21046185493469238,observed
43,46,53,0.1960432380437851,observed
43,46,54,0.21952135860919952,observed
43,46,55,0.20101189613342285,observed
43,46,56,0.18070945143699646,observed
43,46,57,0.48207515478134155,observed
43,46,58,0.2629740834236145,observed
43,46,59,0.2174949198961258,observed
43,46,60,0.20676986873149872,observed
43,46,61,0.24699299037456512,observed
43,46,62,0.213082417845726,observed
43,46,63,0.22037625312805176,observed
43,46,64,0.2077501267194748,observed
43,46,65,0.2028379589319229,observed
43,46,66,0.20587554574012756,observed
43,46,67,0.25723934173583984,observed
43,46,68,0.3312970995903015,observed
43,46,69,0.23222744464874268,observed
43,46,70,0.20471930503845215,observed
43,46,71,0.20294848084449768,observed
43,46,72,0.237265944480896,observed
43,46,73,0.19630174338817596,observed
43,46,74,0.229012593626976,observed
43,46,75,0.21099719405174255,observed
43,46,76,0.21145880222320557,observed
43,46,77,0.20915813744068146,observed
43,46,78,0.2031390517950058,observed
43,46,79,0.2011486440896988,observed
43,46,80,0.21960298717021942,observed
43,46,81,0.2638981342315674,observed
43,46,82,0.20693260431289673,observed
43,46,83,0.261962890625,observed
43,46,84,0.23669911921024323,observed
43,46,85,0.20636318624019623,observed
43,46,86,0.2630760669708252,observed
43,46,87,0.48988819122314453,observed
43,46,88,0.23075072467327118,observed
43,46,89,0.22941093146800995,observed
43,46,90,0.23168881237506866,observed
43,46,91,0.23349428176879883,observed
43,46,92,0.22432686388492584,observed
43,46,93,0.6336145401000977,observed
43,46,94,0.22640939056873322,observed
43,46,95,0.5410844683647156,observed
43,46,96,0.18830832839012146,observed
43,46,97,0.19687475264072418,observed
43,46,98,0.18723392486572266,observed
43,46,99,0.21012750267982483,observed
43,46,100,0.18218980729579926,observed
43,46,101,0.2172030210494995,observed
43,46,102,0.23032715916633606,observed
43,46,103,0.20612050592899323,observed
43,46,104,0.20911675691604614,observed
43,46,105,0.1897328794002533,observed
43,46,106,0.1857885867357254,observed
43,46,107,0.31356489658355713,observed
43,46,108,0.19532935321331024,observed
43,46,109,0.2753889858722687,observed
43,46,110,0.20089751482009888,observed
43,46,111,0.23183663189411163,observed
43,46,112,0.20768342912197113,observed
43,46,113,0.19484159350395203,observed
43,46,114,0.19370782375335693,observed
43,46,115,0.2329031229019165,observed
43,46,116,0.22296242415905,observed
43,46,117,0.2746050953865051,observed
43,46,118,0.1814761608839035,observed
43,46,119,0.2523263394832611,observed
43,46,120,0.19853827357292175,observed
43,46,121,0.2596137225627899,observed
43,46,122,0.21718646585941315,observed
43,46,123,0.2072424739599228,observed
43,46,124,0.2590007483959198,observed
43,46,125,0.23346470296382904,observed
43,46,126,0.20398272573947906,observed
43,46,127,0.24316152930259705,observed
43,46,128,0.22045904397964478,observed
43,46,129,0.2997717261314392,observed
43,46,130,0.2253791093826294,observed
43,46,131,0.1931324303150177,observed
43,46,132,0.2162880301475525,observed
43,46,133,0.20038212835788727,observed
43,46,134,0.24033673107624054,observed
43,46,135,0.1952831745147705,observed
43,46,136,0.22526533901691437,observed
43,46,137,0.2071123570203781,observed
43,46,138,0.21205845475196838,observed
43,46,139,0.23562660813331604,observed
43,46,140,0.26506927609443665,observed
43,46,141,0.26175984740257263,observed
43,46,142,0.22867554426193237,observed
43,46,143,0.2170163094997406,observed
43,46,144,0.211964949965477,observed
43,46,145,0.16211725771427155,observed
43,46,146,0.22633741796016693,observed
43,46,147,0.1844954937696457,observed
43,46,148,0.19145901501178741,observed
43,46,149,0.19686467945575714,observed
43,46,150,0.20251168310642242,observed
43,46,151,0.24880528450012207,observed
43,46,152,0.2170293778181076,observed
43,46,153,0.19904682040214539,observed
43,46,154,0.22393883764743805,observed
43,46,155,0.20929668843746185,observed
43,46,156,0.2775109112262726,observed
43,46,157,0.2638756036758423,observed
43,46,158,0.22677800059318542,observed
43,46,159,0.21605369448661804,observed
43,46,160,0.18280161917209625,observed
43,46,161,0.243079274892807,observed
43,46,162,0.18266019225120544,observed
43,46,163,0.2166242152452469,observed
43,46,164,0.20801739394664764,observed
43,46,165,0.2373153567314148,observed
43,46,166,0.25149112939834595,observed
43,46,167,0.20256945490837097,observed
43,46,168,0.19440218806266785,observed
43,46,169,0.2477315068244934,observed
43,46,170,0.9060367345809937,observed
43,46,171,0.20094436407089233,observed
43,46,172,0.19569019973278046,observed
43,46,173,0.20192734897136688,observed
43,46,174,0.28423839807510376,observed
43,46,175,0.20085573196411133,observed
43,46,176,0.19366678595542908,observed
43,46,177,0.22220318019390106,observed
43,46,178,0.36295071244239807,observed
43,46,179,0.4369247853755951,observed
43,46,180,0.2314443737268448,observed
43,46,181,0.21134501695632935,observed
43,46,182,0.24633516371250153,observed
43,46,183,0.20311227440834045,observed
43,46,184,0.2740418016910553,observed
43,46,185,0.23971858620643616,observed
43,46,186,0.20336049795150757,observed
43,46,187,0.24326080083847046,observed
43,46,188,0.18732433021068573,observed
43,46,189,0.23504915833473206,observed
43,46,190,0.2223089039325714,observed
43,46,191,0.6048324704170227,observed
43,46,192,0.1910971999168396,observed
43,46,193,0.2573833465576172,observed
43,46,194,0.22986102104187012,observed
43,46,195,0.21032948791980743,observed
43,46,196,0.24285008013248444,observed
43,46,197,0.18512651324272156,observed
43,46,198,0.4123246967792511,observed
43,46,199,0.22349320352077484,observed
43,46,200,0.18840374052524567,observed
43,46,201,0.2024587094783783,observed
43,46,202,0.1978568136692047,observed
43,46,203,0.2017890065908432,observed
43,46,204,0.25211265683174133,observed
43,46,205,0.2117219716310501,observed
43,46,206,0.21431070566177368,observed
43,46,207,0.19460973143577576,observed
43,46,208,0.22307205200195312,observed
43,46,209,0.22438785433769226,observed
43,46,210,0.18501593172550201,observed
43,46,211,0.2106267660856247,observed
43,46,212,0.246246799826622,observed
43,46,213,0.2629535496234894,observed
43,46,214,0.20899222791194916,observed
43,46,215,0.19233134388923645,observed
43,46,216,0.18243177235126495,observed
43,46,217,0.2416522204875946,observed
43,46,218,0.20669610798358917,observed
43,46,219,0.21115536987781525,observed
43,46,220,0.18323063850402832,observed
43,46,221,0.20135155320167542,observed
43,46,222,0.238507941365242,observed
43,46,223,0.4988740384578705,observed
43,46,224,0.3006564974784851,observed
43,46,225,0.19655857980251312,observed
43,46,226,0.220210999250412,observed
43,46,227,0.1971908062696457,observed
43,46,228,0.23789925873279572,observed
43,46,229,0.23894549906253815,observed
43,46,230,0.1702079474925995,observed
43,46,231,0.21972636878490448,observed
43,46,232,0.2536509335041046,observed
43,46,233,0.22405849397182465,observed
43,46,234,0.21308180689811707,observed
43,46,235,0.23460976779460907,observed
43,46,236,0.2106659710407257,observed
43,46,237,0.24116051197052002,observed
43,46,238,0.2258879840373993,observed
43,46,239,0.18953269720077515,observed
43,46,240,0.2242339849472046,observed
43,46,241,0.3284149765968323,observed
43,46,242,0.22502906620502472,observed
43,46,243,0.19977061450481415,observed
43,46,244,0.20435360074043274,observed
43,46,245,0.1952892243862152,observed
43,46,246,0.1885068416595459,observed
43,46,247,0.17295806109905243,observed
43,46,248,0.1891789734363556,observed
43,46,249,0.2518434226512909,observed
43,46,250,0.21382485330104828,observed
43,46,251,0.2007855623960495,observed
43,46,252,0.23695145547389984,observed
43,46,253,0.2056945562362671,observed
43,46,254,0.20196765661239624,observed
43,46,255,0.21920925378799438,observed
43,46,256,0.2293345034122467,observed
43,46,257,0.569584846496582,observed
43,46,258,0.2276165783405304,observed
43,46,259,0.271516352891922,observed
43,46,260,0.1956760287284851,observed
43,46,261,0.228144109249115,observed
43,46,262,0.20706939697265625,observed
43,46,263,0.27327293157577515,observed
43,46,264,0.21466080844402313,observed
43,46,265,0.1887744665145874,observed
43,46,266,0.21539250016212463,observed
43,46,267,0.25899603962898254,observed
43,46,268,0.1994970738887787,observed
43,46,269,0.19037258625030518,observed
43,46,270,0.21544383466243744,observed
43,46,271,0.20132771134376526,observed
43,46,272,0.3629705011844635,observed
43,46,273,0.24644480645656586,observed
43,46,274,0.2571466267108917,observed
43,46,275,0.22326533496379852,observed
43,46,276,0.218793123960495,observed
43,46,277,0.6363542675971985,observed
43,46,278,0.25677669048309326,observed
43,46,279,0.20300930738449097,observed
43,46,280,0.2354411631822586,observed
43,46,281,0.21425499022006989,observed
43,46,282,0.2947280704975128,observed
43,46,283,0.22237221896648407,observed
43,46,284,0.20109237730503082,observed
43,46,285,0.22325082123279572,observed
43,46,286,0.21008352935314178,observed
43,46,287,0.24841827154159546,observed
43,46,288,0.2671460807323456,observed
43,46,289,0.19213244318962097,observed
43,46,290,0.21003910899162292,observed
43,46,291,0.21744422614574432,observed
43,46,292,0.2813974618911743,observed
43,46,293,0.19050733745098114,observed
43,46,294,0.18108487129211426,observed
43,46,295,0.2958075702190399,observed
43,46,296,0.2380780279636383,observed
43,46,297,0.18780168890953064,observed
43,46,298,0.19248108565807343,observed
43,46,299,0.22755515575408936,observed
43,46,300,0.2026367038488388,observed
43,46,301,0.196682870388031,observed
43,46,302,0.218307763338089,observed
43,46,303,0.20083007216453552,observed
43,46,304,0.22344717383384705,observed
43,46,305,0.1998017579317093,observed
43,46,306,0.2540310025215149,observed
43,46,307,0.2371017187833786,observed
43,46,308,0.19647115468978882,observed
43,46,309,0.20673109591007233,observed
43,46,310,0.24383287131786346,observed
43,46,311,0.32265394926071167,observed
43,46,312,0.19698584079742432,observed
43,46,313,0.21211211383342743,observed
43,46,314,0.20074748992919922,observed
43,46,315,0.18231120705604553,observed
43,46,316,0.2305242270231247,observed
43,46,317,0.2519797682762146,observed
43,46,318,0.20212209224700928,observed
43,46,319,0.2347898632287979,observed
43,46,320,0.21698415279388428,observed
43,46,321,0.2192741483449936,observed
43,46,322,0.21551895141601562,observed
43,46,323,0.2035800665616989,observed
43,46,324,0.20292572677135468,observed
43,46,325,0.22411535680294037,observed
43,46,326,0.2631576359272003,observed
43,46,327,0.22102674841880798,observed
43,46,328,0.20055054128170013,observed
43,46,329,0.2760111689567566,observed
43,46,330,0.24929125607013702,observed
43,46,331,0.3176724910736084,observed
43,46,332,0.18130488693714142,observed
43,46,333,0.2310500293970108,observed
43,46,334,0.201384499669075,observed
43,46,335,0.3148496747016907,observed
43,46,336,0.2275378257036209,observed
43,46,337,0.2839526832103729,observed
43,46,338,0.22330297529697418,observed
43,46,339,0.20934049785137177,observed
43,46,340,0.20492927730083466,observed
43,46,341,0.22371132671833038,observed
43,46,342,0.19400593638420105,observed
43,46,343,0.2319851666688919,observed
43,46,344,0.2098180651664734,observed
43,46,345,0.20953764021396637,observed
43,46,346,0.2345312535762787,observed
43,46,347,0.24452081322669983,observed
43,46,348,0.2251361757516861,observed
43,46,349,0.229285329580307,observed
43,46,350,0.20013679563999176,observed
43,46,351,0.20907166600227356,observed
43,46,352,0.21264272928237915,observed
43,46,353,0.19294396042823792,observed
43,46,354,0.20312781631946564,observed
43,46,355,0.19523301720619202,observed
43,46,356,0.2151971459388733,observed
43,46,357,0.18311159312725067,observed
43,46,358,0.1868264079093933,observed
43,46,359,0.22796380519866943,observed
43,46,360,0.23336327075958252,observed
43,46,361,0.23299889266490936,observed
43,46,362,0.2035953402519226,observed
43,46,363,0.3057657480239868,observed
43,46,364,0.20385070145130157,observed
43,46,365,0.1899404525756836,observed
43,46,366,0.4305611848831177,observed
43,46,367,0.2166072577238083,observed
43,46,368,0.19076094031333923,observed
43,46,369,0.19319529831409454,observed
43,46,370,0.21238559484481812,observed
43,46,371,0.18279939889907837,observed
43,46,372,0.24481533467769623,observed
43,46,373,0.22152717411518097,observed
43,46,374,0.19251105189323425,observed
43,46,375,0.20849642157554626,observed
43,46,376,0.19782017171382904,observed
43,46,377,0.22743135690689087,observed
43,46,378,0.2097325474023819,observed
43,46,379,0.6838181018829346,observed
43,46,380,0.19861088693141937,observed
43,46,381,0.20947425067424774,observed
43,46,382,0.21824441850185394,observed
43,46,383,0.21499285101890564,observed
43,46,384,0.19486413896083832,observed
43,46,385,0.22104641795158386,observed
43,46,386,0.20978420972824097,observed
43,46,387,0.2730744183063507,observed
43,46,388,0.23545418679714203,observed
43,46,389,0.23210366070270538,observed
43,46,390,0.38190698623657227,observed
43,46,391,0.20452839136123657,observed
43,46,392,0.21210050582885742,observed
43,46,393,0.24982351064682007,observed
43,46,394,0.21545296907424927,observed
43,46,395,0.23227639496326447,observed
43,46,396,0.18156728148460388,observed
43,46,397,0.23647941648960114,observed
43,46,398,0.21063917875289917,observed
43,46,399,0.2586232125759125,observed
43,46,400,0.24539506435394287,observed
43,46,401,0.21743308007717133,observed
43,46,402,0.20278431475162506,observed
43,46,403,0.2926389276981354,observed
43,46,404,0.22161148488521576,observed
43,46,405,0.212876558303833,observed
43,46,406,0.20725862681865692,observed
43,46,407,0.2211018204689026,observed
43,46,408,0.2336537092924118,observed
43,46,409,0.19122079014778137,observed
43,46,410,0.21340787410736084,observed
43,46,411,0.21175885200500488,observed
43,46,412,0.4406505525112152,observed
43,46,413,0.20627683401107788,observed
43,46,414,0.2781938910484314,observed
43,46,415,0.19798871874809265,observed
43,46,416,0.18559548258781433,observed
43,46,417,0.650555431842804,observed
43,46,418,0.19884580373764038,observed
43,46,419,0.21715795993804932,observed
43,46,420,0.24239535629749298,observed
43,46,421,0.21269816160202026,observed
43,46,422,0.22179724276065826,observed
43,46,423,0.19391226768493652,observed
43,46,424,0.21204239130020142,observed
43,46,425,0.2557748556137085,observed
43,46,426,0.30506181716918945,observed
43,46,427,0.21601645648479462,observed
43,46,428,0.22007526457309723,observed
43,46,429,0.21498961746692657,observed
43,46,430,0.2152300775051117,observed
43,46,431,0.20763112604618073,observed
43,46,432,0.21980717778205872,observed
43,46,433,0.2291075438261032,observed
43,46,434,0.2104593962430954,observed
43,46,435,0.2221381962299347,observed
43,46,436,0.3914310038089752,observed
43,46,437,0.19380998611450195,observed
43,46,438,0.19874471426010132,observed
43,46,439,0.2920173704624176,observed
43,46,440,0.20091284811496735,observed
43,46,441,0.2030605971813202,observed
43,46,442,0.243784099817276,observed
43,46,443,0.22324319183826447,observed
43,46,444,0.22137106955051422,observed
43,46,445,0.21003709733486176,observed
43,46,446,0.21952520310878754,observed
43,46,447,0.1987205445766449,observed
43,46,448,0.25359708070755005,observed
43,46,449,0.19030602276325226,observed
43,46,450,0.21071676909923553,observed
43,46,451,0.20824457705020905,observed
43,46,452,0.2102450579404831,observed
43,46,453,0.24618197977542877,observed
43,46,454,0.22996853291988373,observed
43,46,455,0.2052571326494217,observed
43,46,456,0.19519589841365814,observed
43,46,457,0.2318979948759079,observed
43,46,458,0.2392808049917221,observed
43,46,459,0.21164220571517944,observed
43,46,460,0.26223236322402954,observed
43,46,461,0.6776226758956909,observed
43,46,462,0.1948883980512619,observed
43,46,463,0.24527938663959503,observed
43,46,464,0.19002579152584076,observed
43,46,465,0.18772576749324799,observed
43,46,466,0.18746119737625122,observed
43,46,467,0.23234504461288452,observed
43,46,468,0.2551311254501343,observed
43,46,469,0.26099255681037903,observed
43,46,470,0.1810939460992813,observed
43,46,471,0.20118340849876404,observed
43,46,472,0.23741717636585236,observed
43,46,473,0.7132091522216797,observed
43,46,474,0.19423238933086395,observed
43,46,475,0.23148895800113678,observed
43,46,476,0.9024268388748169,observed
43,46,477,0.20770549774169922,observed
43,46,478,0.2333051562309265,observed
43,46,479,0.21844889223575592,observed
43,46,480,0.32697242498397827,observed
43,46,481,0.24295105040073395,observed
43,46,482,0.22713109850883484,observed
43,46,483,0.2116507738828659,observed
43,46,484,0.22753146290779114,observed
43,46,485,0.18653300404548645,observed
43,46,486,0.18530181050300598,observed
43,46,487,0.21797586977481842,observed
43,46,488,0.17934677004814148,observed
43,46,489,0.2139625996351242,observed
43,46,490,0.2098206728696823,observed
43,46,491,0.2526676654815674,observed
43,46,492,0.2609690725803375,observed
43,46,493,0.19213011860847473,observed
43,46,494,0.23865282535552979,observed
43,46,495,0.6948500871658325,observed
43,46,496,0.18061037361621857,observed
43,46,497,0.20701992511749268,observed
43,46,498,0.21357080340385437,observed
43,46,499,0.19854038953781128,observed
43,46,500,0.280466765165329,observed
43,46,501,0.2520177364349365,observed
43,46,502,0.2459830790758133,observed
43,46,503,0.26007214188575745,observed
43,46,504,0.224098339676857,observed
43,46,505,0.23101533949375153,observed
43,46,506,0.19265249371528625,observed
43,46,507,0.2677493393421173,observed
43,46,508,0.19565971195697784,observed
43,46,509,0.23692011833190918,observed
43,46,510,0.20501799881458282,observed
43,46,511,0.3202025294303894,observed
43,46,512,0.2102525234222412,observed
43,46,513,0.23614931106567383,observed
43,46,514,0.22499944269657135,observed
43,46,515,0.22461552917957306,observed
43,46,516,0.20700658857822418,observed
43,46,517,0.17823298275470734,observed
43,46,518,0.22119857370853424,observed
43,46,519,0.21208640933036804,observed
43,46,520,0.17793008685112,observed
43,46,521,0.5490869879722595,observed
43,46,522,0.7643274068832397,observed
43,46,523,0.22849330306053162,observed
43,46,524,0.1986275166273117,observed
43,46,525,0.21899613738059998,observed
43,46,526,0.2274189293384552,observed
43,46,527,0.20481936633586884,observed
43,46,528,0.20636777579784393,observed
43,46,529,0.20535686612129211,observed
43,46,530,0.23740577697753906,observed
43,46,531,0.2185133397579193,observed
43,46,532,0.187310591340065,observed
43,46,533,0.21571902930736542,observed
43,46,534,0.2282007932662964,observed
43,46,535,0.42092975974082947,observed
43,46,536,0.19829411804676056,observed
43,46,537,0.5243278741836548,observed
43,46,538,0.2150866985321045,observed
43,46,539,0.22344474494457245,observed
43,46,540,0.23310233652591705,observed
43,46,541,0.222259059548378,observed
43,46,542,0.21647171676158905,observed
43,46,543,0.20422455668449402,observed
43,46,544,0.23564156889915466,observed
43,46,545,0.20793196558952332,observed
43,46,546,0.20718443393707275,observed
43,46,547,0.19872291386127472,observed
43,46,548,0.21232804656028748,observed
43,46,549,0.20565231144428253,observed
43,46,550,0.20969198644161224,observed
43,46,551,0.19783997535705566,observed
43,46,552,0.22618243098258972,observed
43,46,553,0.25934046506881714,observed
43,46,554,0.18863354623317719,observed
43,46,555,0.22531349956989288,observed
43,46,556,0.23719970881938934,observed
43,46,557,0.2057807445526123,observed
43,46,558,0.22836481034755707,observed
43,46,559,0.26313576102256775,observed
43,46,560,0.21281516551971436,observed
43,46,561,0.22949399054050446,observed
43,46,562,0.2870289981365204,observed
43,46,563,0.20220299065113068,observed
43,46,564,0.22645051777362823,observed
43,46,565,0.21579906344413757,observed
43,46,566,0.1805141121149063,observed
43,46,567,0.2071978747844696,observed
43,46,568,0.20821735262870789,observed
43,46,569,0.20583979785442352,observed
43,46,570,0.2116423398256302,observed
43,46,571,0.19876150786876678,observed
43,46,572,0.19494971632957458,observed
43,46,573,0.2330356240272522,observed
43,46,574,0.20658762753009796,observed
43,46,575,0.17611375451087952,observed
43,46,576,0.21255193650722504,observed
43,46,577,0.20636115968227386,observed
43,46,578,0.2244982123374939,observed
43,46,579,0.21854330599308014,observed
43,46,580,0.21988442540168762,observed
43,46,581,0.23995894193649292,observed
43,46,582,0.2462283819913864,observed
43,46,583,0.23019957542419434,observed
43,46,584,0.23972803354263306,observed
43,46,585,0.21718022227287292,observed
43,46,586,0.2261340320110321,observed
43,46,587,0.20689229667186737,observed
43,46,588,0.19270093739032745,observed
43,46,589,0.3242320716381073,observed
43,46,590,0.19357287883758545,observed
43,46,591,0.22114042937755585,observed
43,46,592,0.2084437608718872,observed
43,46,593,0.19625650346279144,observed
43,46,594,0.21218661963939667,observed
43,46,595,0.24743422865867615,observed
43,46,596,0.18110495805740356,observed
43,46,597,0.20601582527160645,observed
43,46,598,0.18014048039913177,observed
43,46,599,0.21941211819648743,observed
43,46,600,0.23594951629638672,observed
43,46,601,0.3818855285644531,observed
43,46,602,0.3596905767917633,observed
43,46,603,0.21524401009082794,observed
43,46,604,0.23463760316371918,observed
43,46,605,0.44650283455848694,observed
43,46,606,0.1927681267261505,observed
43,46,607,0.2199147790670395,observed
43,46,608,0.22213374078273773,observed
43,46,609,0.20260541141033173,observed
43,46,610,0.2200208157300949,observed
43,46,611,0.2257327139377594,observed
43,46,612,0.23632816970348358,observed
43,46,613,0.2466670721769333,observed
43,46,614,0.2254369556903839,observed
43,46,615,0.20469820499420166,observed
43,46,616,0.22764255106449127,observed
43,46,617,0.7526015639305115,observed
43,46,618,0.19713547825813293,observed
43,46,619,0.21119369566440582,observed
43,46,620,0.20414170622825623,observed
43,46,621,0.24382908642292023,observed
43,46,622,0.2512400150299072,observed
43,46,623,0.1710062474012375,observed
43,46,624,0.1927742213010788,observed
43,46,625,0.19359518587589264,observed
43,46,626,0.22511476278305054,observed
43,46,627,0.18023303151130676,observed
43,46,628,0.2149120420217514,observed
43,46,629,0.22050438821315765,observed
43,46,630,0.7269819974899292,observed
43,46,631,0.2180550992488861,observed
43,46,632,0.21365272998809814,observed
43,46,633,0.2554510235786438,observed
43,46,634,0.21279175579547882,observed
43,46,635,0.2796728014945984,observed
43,46,636,0.24216216802597046,observed
43,46,637,0.22114059329032898,observed
43,46,638,0.32541167736053467,observed
43,46,639,0.24051716923713684,observed
43,46,640,0.23799891769886017,observed
43,46,641,0.2091030329465866,observed
43,46,642,0.24736014008522034,observed
43,46,643,0.2299792766571045,observed
43,46,644,0.20713189244270325,observed
43,46,645,0.2078671008348465,observed
43,46,646,0.19279561936855316,observed
43,46,647,0.21226511895656586,observed
43,46,648,0.17819979786872864,observed
43,46,649,0.1868082880973816,observed
43,46,650,0.20324937999248505,observed
43,46,651,0.23519058525562286,observed
43,46,652,0.21219150722026825,observed
43,46,653,0.19497032463550568,observed
43,46,654,0.2122945487499237,observed
43,46,655,0.1971062421798706,observed
43,46,656,0.23311930894851685,observed
43,46,657,0.20723751187324524,observed
43,46,658,0.20395062863826752,observed
43,46,659,0.20567938685417175,observed
43,46,660,0.24748992919921875,observed
43,46,661,0.2629794776439667,observed
43,46,662,0.1982991248369217,observed
43,46,663,0.19672200083732605,observed
43,46,664,0.20554837584495544,observed
43,46,665,0.2924540340900421,observed
43,46,666,0.21950438618659973,observed
43,46,667,0.2157648503780365,observed
43,46,668,0.24725107848644257,observed
43,46,669,0.37408754229545593,observed
43,46,670,0.19664311408996582,observed
43,46,671,0.24199193716049194,observed
43,46,672,0.20817138254642487,observed
43,46,673,0.18621622025966644,observed
43,46,674,0.18761643767356873,observed
43,46,675,0.3944961726665497,observed
43,46,676,0.19431452453136444,observed
43,46,677,0.3915519714355469,observed
43,46,678,0.18887019157409668,observed
43,46,679,0.23764033615589142,observed
43,46,680,0.19320233166217804,observed
43,46,681,0.2351236492395401,observed
43,46,682,0.8288859724998474,observed
43,46,683,0.18916229903697968,observed
43,46,684,0.21170437335968018,observed
43,46,685,0.1971791535615921,observed
43,46,686,0.2079189270734787,observed
43,46,687,0.25629907846450806,observed
43,46,688,0.26249560713768005,observed
43,46,689,0.20215971767902374,observed
43,46,690,0.2497514933347702,observed
43,46,691,0.22306831181049347,observed
43,46,692,0.28844475746154785,observed
43,46,693,0.19421261548995972,observed
43,46,694,0.18622440099716187,observed
43,46,695,0.2008129358291626,observed
43,46,696,0.20647957921028137,observed
43,46,697,0.18330372869968414,observed
43,46,698,0.18485110998153687,observed
43,46,699,0.19977571070194244,observed
43,46,700,0.25207269191741943,observed
43,46,701,0.2031979113817215,observed
43,46,702,0.21735715866088867,observed
43,46,703,0.18323171138763428,observed
43,46,704,0.2264844924211502,observed
43,46,705,0.26711052656173706,observed
43,46,706,0.19201192259788513,observed
43,46,707,0.2166559100151062,observed
43,46,708,0.19772154092788696,observed
43,46,709,0.18720465898513794,observed
43,46,710,0.3289110064506531,observed
43,46,711,0.2192356437444687,observed
43,46,712,0.18694941699504852,observed
43,46,713,0.2257031351327896,observed
43,46,714,0.21585842967033386,observed
43,46,715,0.25081825256347656,observed
43,46,716,0.20012803375720978,observed
43,46,717,0.20464006066322327,observed
43,46,718,0.2136518806219101,observed
43,46,719,0.24524906277656555,observed
43,46,720,0.21653352677822113,observed
43,46,721,0.2532808780670166,observed
43,46,722,0.2222982496023178,observed
43,46,723,0.21998095512390137,observed
43,46,724,0.19111213088035583,observed
43,46,725,0.27821773290634155,observed
43,46,726,0.20833992958068848,observed
43,46,727,0.21456846594810486,observed
43,46,728,0.22748993337154388,observed
43,46,729,0.1847335547208786,observed
43,46,730,0.19291068613529205,observed
43,46,731,0.21007806062698364,observed
43,46,732,0.21112500131130219,observed
43,46,733,0.20281982421875,observed
43,46,734,0.1997118592262268,observed
43,46,735,0.22009795904159546,observed
43,46,736,0.21105468273162842,observed
43,46,737,0.21308574080467224,observed
43,46,738,0.24580736458301544,observed
43,46,739,0.20734365284442902,observed
43,46,740,0.20410344004631042,observed
43,46,741,0.2521635591983795,observed
43,46,742,0.1911504864692688,observed
43,46,743,0.22368162870407104,observed
43,46,744,0.19819626212120056,observed
43,46,745,0.23125889897346497,observed
43,46,746,0.19572609663009644,observed
43,46,747,0.22771412134170532,observed
43,46,748,0.21895694732666016,observed
43,46,749,0.21351370215415955,observed
43,46,750,0.19723159074783325,observed
43,46,751,0.2191561609506607,observed
43,46,752,0.21334531903266907,observed
43,46,753,0.20363979041576385,observed
43,46,754,0.20989477634429932,observed
43,46,755,0.18067330121994019,observed
43,46,756,0.23121000826358795,observed
43,46,757,0.2634185552597046,observed
43,46,758,0.2812131941318512,observed
43,46,759,0.20423221588134766,observed
43,46,760,0.1908605694770813,observed
43,46,761,0.3064877390861511,observed
43,46,762,0.2045435756444931,observed
43,46,763,0.20029032230377197,observed
43,46,764,0.2368709295988083,observed
43,46,765,0.2265905886888504,observed
43,46,766,0.2158791422843933,observed
43,46,767,0.20451952517032623,observed
43,46,768,0.23665721714496613,observed
43,46,769,0.21086512506008148,observed
43,46,770,0.22790805995464325,observed
43,46,771,0.21508236229419708,observed
43,46,772,0.21928198635578156,observed
43,46,773,0.20167003571987152,observed
43,46,774,0.297659307718277,observed
43,46,775,0.23866049945354462,observed
43,46,776,0.1956128031015396,observed
43,46,777,0.2247055619955063,observed
43,46,778,0.22308994829654694,observed
43,46,779,0.17701393365859985,observed
43,46,780,0.20694881677627563,observed
43,46,781,0.5727588534355164,observed
43,46,782,0.203420951962471,observed
43,46,783,0.19254212081432343,observed
43,46,784,0.18635454773902893,observed
43,46,785,0.20856191217899323,observed
43,46,786,0.22918446362018585,observed
43,46,787,0.22020474076271057,observed
43,46,788,0.22008726000785828,observed
43,46,789,0.26605960726737976,observed
43,46,790,0.2289602905511856,observed
43,46,791,0.203419029712677,observed
43,46,792,0.23653075098991394,observed
43,46,793,0.22566592693328857,observed
43,46,794,0.19743187725543976,observed
43,46,795,0.2191368192434311,observed
43,46,796,0.27953654527664185,observed
43,46,797,0.20040422677993774,observed
43,46,798,0.22608694434165955,observed
43,46,799,0.2313476949930191,observed
43,46,800,0.2544786036014557,observed
43,46,801,0.20619860291481018,observed
43,46,802,0.25533878803253174,observed
43,46,803,0.23709551990032196,observed
43,46,804,0.19677139818668365,observed
43,46,805,0.6574901342391968,observed
43,46,806,0.21659906208515167,observed
43,46,807,0.20071595907211304,observed
43,46,808,0.19311493635177612,observed
43,46,809,0.20496730506420135,observed
43,46,810,0.1915111392736435,observed
43,46,811,0.22379577159881592,observed
43,46,812,0.198012575507164,observed
43,46,813,0.23168836534023285,observed
43,46,814,0.22470341622829437,observed
43,46,815,0.20486274361610413,observed
43,46,816,0.2162788361310959,observed
43,46,817,0.26516133546829224,observed
43,46,818,0.23854073882102966,observed
43,46,819,0.17268508672714233,observed
43,46,820,0.27219274640083313,observed
43,46,821,0.20427121222019196,observed
43,46,822,0.18787145614624023,observed
43,46,823,0.5212518572807312,observed
43,46,824,0.21059127151966095,observed
43,46,825,0.290682852268219,observed
43,46,826,0.20071396231651306,observed
43,46,827,0.2242875099182129,observed
43,46,828,0.214061439037323,observed
43,46,829,0.1983182728290558,observed
43,46,830,0.2248867154121399,observed
43,46,831,0.1907220035791397,observed
43,46,832,0.27364638447761536,observed
43,46,833,0.259007066488266,observed
43,46,834,0.23646217584609985,observed
43,46,835,0.21676160395145416,observed
43,46,836,0.1922694593667984,observed
43,46,837,0.21196983754634857,observed
43,46,838,0.4593161642551422,observed
43,46,839,0.22569693624973297,observed
43,46,840,0.23792369663715363,observed
43,46,841,0.21126165986061096,observed
43,46,842,0.19494657218456268,observed
43,46,843,0.31437966227531433,observed
43,46,844,0.22101253271102905,observed
43,46,845,0.23566702008247375,observed
43,46,846,0.24529066681861877,observed
43,46,847,0.23835881054401398,observed
43,46,848,0.20878387987613678,observed
43,46,849,0.2048448771238327,observed
43,46,850,0.24802672863006592,observed
43,46,851,0.2657192647457123,observed
43,46,852,0.21392600238323212,observed
43,46,853,0.216538205742836,observed
43,46,854,0.23859524726867676,observed
43,46,855,0.18956686556339264,observed
43,46,856,0.19502785801887512,observed
43,46,857,0.20653992891311646,observed
43,46,858,0.2600962519645691,observed
43,46,859,0.18583819270133972,observed
43,46,860,0.21986646950244904,observed
43,46,861,0.19514623284339905,observed
43,46,862,0.22283661365509033,observed
43,46,863,0.2078729271888733,observed
43,46,864,0.18242423236370087,observed
43,46,865,0.2262580394744873,observed
43,46,866,0.22516942024230957,observed
43,46,867,0.20773150026798248,observed
43,46,868,0.21145960688591003,observed
43,46,869,0.2068847268819809,observed
43,46,870,0.22180750966072083,observed
43,46,871,0.22292357683181763,observed
43,46,872,0.1928248107433319,observed
43,46,873,0.19000765681266785,observed
43,46,874,0.19885951280593872,observed
43,46,875,0.20665523409843445,observed
43,46,876,0.21242737770080566,observed
43,46,877,0.1987079679965973,observed
43,46,878,0.6404204964637756,observed
43,46,879,0.20979683101177216,observed
43,46,880,0.23457564413547516,observed
43,46,881,0.20519891381263733,observed
43,46,882,0.20161226391792297,observed
43,46,883,0.21241053938865662,observed
43,46,884,0.1929250955581665,observed
43,46,885,0.19662430882453918,observed
43,46,886,0.2099093794822693,observed
43,46,887,0.19260156154632568,observed
43,46,888,0.2371715009212494,observed
43,46,889,0.22867721319198608,observed
43,46,890,0.20244355499744415,observed
43,46,891,0.1811145544052124,observed
43,46,892,0.19203200936317444,observed
43,46,893,0.2710438370704651,observed
43,46,894,0.19607529044151306,observed
43,46,895,0.20521357655525208,observed
43,46,896,0.20131538808345795,observed
43,46,897,0.18823765218257904,observed
43,46,898,0.20565100014209747,observed
43,46,899,0.20511490106582642,observed
43,46,900,0.19081921875476837,observed
43,46,901,0.2631676197052002,observed
43,46,902,0.23031581938266754,observed
43,46,903,0.221439391374588,observed
43,46,904,0.2386694699525833,observed
43,46,905,0.21212229132652283,observed
43,46,906,0.21587137877941132,observed
43,46,907,0.35714083909988403,observed
43,46,908,0.19592469930648804,observed
43,46,909,0.2398485243320465,observed
43,46,910,0.1993730217218399,observed
43,46,911,0.2088484764099121,observed
43,46,912,0.22111155092716217,observed
43,46,913,0.20072099566459656,observed
43,46,914,0.28316599130630493,observed
43,46,915,0.20803919434547424,observed
43,46,916,0.21556830406188965,observed
43,46,917,0.2145480513572693,observed
43,46,918,0.2299709916114807,observed
43,46,919,0.21215882897377014,observed
43,46,920,0.2548345923423767,observed
43,46,921,0.29581356048583984,observed
43,46,922,0.2220613956451416,observed
43,46,923,0.19518685340881348,observed
43,46,924,0.23920322954654694,observed
43,46,925,0.23647943139076233,observed
43,46,926,0.23230867087841034,observed
43,46,927,0.20783363282680511,observed
43,46,928,0.21813875436782837,observed
43,46,929,0.2211890071630478,observed
43,46,930,0.2742219567298889,observed
43,46,931,0.4321538507938385,observed
43,46,932,0.23098279535770416,observed
43,46,933,0.5001682043075562,observed
43,46,934,0.20612846314907074,observed
43,46,935,0.1882694810628891,observed
43,46,936,0.22459638118743896,observed
43,46,937,0.21064962446689606,observed
43,46,938,0.23439982533454895,observed
43,46,939,0.27541229128837585,observed
43,46,940,0.245663583278656,observed
43,46,941,0.29254984855651855,observed
43,46,942,0.19894950091838837,observed
43,46,943,0.22344478964805603,observed
43,46,944,0.222896546125412,observed
43,46,945,0.18536226451396942,observed
43,46,946,0.2098798304796219,observed
43,46,947,0.21709682047367096,observed
43,46,948,0.2599017024040222,observed
43,46,949,0.19193881750106812,observed
43,46,950,0.33790820837020874,observed
43,46,951,0.19890540838241577,observed
43,46,952,0.21692779660224915,observed
43,46,953,0.19511112570762634,observed
43,46,954,0.1810440868139267,observed
43,46,955,0.22979868948459625,observed
43,46,956,0.6420082449913025,observed
43,46,957,0.205739825963974,observed
43,46,958,0.20291589200496674,observed
43,46,959,0.20030847191810608,observed
43,46,960,0.20782408118247986,observed
43,46,961,0.19678731262683868,observed
43,46,962,0.19797250628471375,observed
43,46,963,0.5493327379226685,observed
43,46,964,0.20738376677036285,observed
43,46,965,0.22577723860740662,observed
43,46,966,0.18737150728702545,observed
43,46,967,0.2214042842388153,observed
43,46,968,0.21399948000907898,observed
43,46,969,0.22893427312374115,observed
43,46,970,0.2111710011959076,observed
43,46,971,0.7072388529777527,observed
43,46,972,0.17950671911239624,observed
43,46,973,0.2351129949092865,observed
43,46,974,0.19059891998767853,observed
43,46,975,0.24699875712394714,observed
43,46,976,0.2325415462255478,observed
43,46,977,0.20397859811782837,observed
43,46,978,0.1885230839252472,observed
43,46,979,0.23423868417739868,observed
43,46,980,0.19028232991695404,observed
43,46,981,0.19523541629314423,observed
43,46,982,0.21967469155788422,observed
43,46,983,0.18243730068206787,observed
43,46,984,0.24621669948101044,observed
43,46,985,0.24411140382289886,observed
43,46,986,0.22551093995571136,observed
43,46,987,0.20533083379268646,observed
43,46,988,0.2121337205171585,observed
43,46,989,0.20562151074409485,observed
43,46,990,0.21585455536842346,observed
43,46,991,0.20187292993068695,observed
43,46,992,0.1815797984600067,observed
43,46,993,0.37956881523132324,observed
43,46,994,0.1870778650045395,observed
43,46,995,0.26614707708358765,observed
43,46,996,0.24177639186382294,observed
43,46,997,0.2378319948911667,observed
43,46,998,0.21710580587387085,observed
43,46,999,0.1977822184562683,observed
43,46,1000,0.22444286942481995,observed
43,46,1001,0.21962186694145203,observed
43,46,1002,0.19777528941631317,observed
43,46,1003,0.650572657585144,observed
43,46,1004,0.1836300790309906,observed
43,46,1005,0.2214333564043045,observed
43,46,1006,0.18595249950885773,observed
43,46,1007,0.2229842096567154,observed
43,46,1008,0.18779127299785614,observed
43,46,1009,0.18575750291347504,observed
43,46,1010,0.18914254009723663,observed
43,46,1011,0.24031035602092743,observed
43,46,1012,0.1857708990573883,observed
43,46,1013,0.2053518444299698,observed
43,46,1014,0.22515521943569183,observed
43,46,1015,0.22030794620513916,observed
43,46,1016,0.18971022963523865,observed
43,46,1017,0.22262772917747498,observed
43,46,1018,0.22318249940872192,observed
43,46,1019,0.2520228326320648,observed
43,46,1020,0.21283502876758575,observed
43,46,1021,0.20860563218593597,observed
43,46,1022,0.21837523579597473,observed
43,46,1023,0.2245718091726303,observed
44,45,0,0.16680540144443512,observed
44,45,1,0.22575584053993225,observed
44,45,2,0.18833918869495392,observed
44,45,3,0.18912820518016815,observed
44,45,4,0.20851463079452515,observed
44,45,5,0.24218451976776123,observed
44,45,6,0.2243085652589798,observed
44,45,7,0.21982836723327637,observed
44,45,8,0.2125507891178131,observed
44,45,9,0.23385870456695557,observed
44,45,10,0.19272468984127045,observed
44,45,11,0.7113245725631714,observed
44,45,12,0.1995806097984314,observed
44,45,13,0.2248682826757431,observed
44,45,14,0.2682883143424988,observed
44,45,15,0.20794110000133514,observed
44,45,16,0.2202291488647461,observed
44,45,17,0.8520682454109192,observed
44,45,18,0.2607322633266449,observed
44,45,19,0.23537464439868927,observed
44,45,20,0.2012607753276825,observed
44,45,21,0.20406986773014069,observed
44,45,22,0.23191522061824799,observed
44,45,23,0.20335553586483002,observed
44,45,24,0.21811668574810028,observed
44,45,25,0.4107013940811157,observed
44,45,26,0.20957449078559875,observed
44,45,27,0.1818002611398697,observed
44,45,28,0.20235247910022736,observed
44,45,29,0.20482274889945984,observed
44,45,30,0.2354370355606079,observed
44,45,31,0.21402017772197723,observed
44,45,32,0.2321130484342575,observed
44,45,33,0.21022342145442963,observed
44,45,34,0.2503893971443176,observed
44,45,35,0.24450275301933289,observed
44,45,36,0.21200157701969147,observed
44,45,37,0.24209991097450256,observed
44,45,38,0.2741965353488922,observed
44,45,39,0.2333708256483078,observed
44,45,40,0.24077986180782318,observed
44,45,41,0.2076839953660965,observed
44,45,42,0.2064400017261505,observed
44,45,43,0.24044746160507202,observed
44,45,44,0.4423515498638153,observed
44,45,45,0.2822129428386688,observed
44,45,46,0.22498272359371185,observed
44,45,47,0.1941065788269043,observed
44,45,48,0.2125265896320343,observed
44,45,49,0.2813521921634674,observed
44,45,50,0.1805165410041809,observed
44,45,51,0.2284093052148819,observed
44,45,52,0.19119815528392792,observed
44,45,53,0.20905645191669464,observed
44,45,54,0.1936139464378357,observed
44,45,55,0.21717208623886108,observed
44,45,56,0.22708351910114288,observed
44,45,57,0.2111290842294693,observed
44,45,58,0.25178712606430054,observed
44,45,59,0.198387011885643,observed
44,45,60,0.2359669953584671,observed
44,45,61,0.24682804942131042,observed
44,45,62,0.19340941309928894,observed
44,45,63,0.19806137681007385,observed
44,45,64,0.20775191485881805,observed
44,45,65,0.22218304872512817,observed
44,45,66,0.1780920773744583,observed
44,45,67,0.322795569896698,observed
44,45,68,0.1900060921907425,observed
44,45,69,0.27014651894569397,observed
44,45,70,0.1956053078174591,observed
44,45,71,0.20628796517848969,observed
44,45,72,0.26183831691741943,observed
44,45,73,0.2203604280948639,observed
44,45,74,0.18857771158218384,observed
44,45,75,0.17881900072097778,observed
44,45,76,0.23230713605880737,observed
44,45,77,0.23189638555049896,observed
44,45,78,0.19925546646118164,observed
44,45,79,0.18516583740711212,observed
44,45,80,0.2616737484931946,observed
44,45,81,0.2385362982749939,observed
44,45,82,0.1984119713306427,observed
44,45,83,0.2027442902326584,observed
44,45,84,0.22547520697116852,observed
44,45,85,0.21746446192264557,observed
44,45,86,0.22295644879341125,observed
44,45,87,0.4158221185207367,observed
44,45,88,0.20121721923351288,observed
44,45,89,0.1904616504907608,observed
44,45,90,0.24187688529491425,observed
44,45,91,0.2104693204164505,observed
44,45,92,0.22425003349781036,observed
44,45,93,0.22296057641506195,observed
44,45,94,0.21386532485485077,observed
44,45,95,0.18704180419445038,observed
44,45,96,0.21031156182289124,observed
44,45,97,0.22026856243610382,observed
44,45,98,0.2336036115884781,observed
44,45,99,0.21446090936660767,observed
44,45,100,0.780591607093811,observed
44,45,101,0.24076060950756073,observed
44,45,102,0.19080470502376556,observed
44,45,103,0.22390839457511902,observed
44,45,104,0.2181941419839859,observed
44,45,105,0.20427696406841278,observed
44,45,106,0.22368422150611877,observed
44,45,107,0.20255187153816223,observed
44,45,108,0.2186179906129837,observed
44,45,109,0.21122859418392181,observed
44,45,110,0.4859100878238678,observed
44,45,111,0.2280632108449936,observed
44,45,112,0.1943589150905609,observed
44,45,113,0.21132875978946686,observed
44,45,114,0.2251845747232437,observed
44,45,115,0.2126609981060028,observed
44,45,116,0.19894720613956451,observed
44,45,117,0.21174369752407074,observed
44,45,118,0.22645871341228485,observed
44,45,119,0.24939808249473572,observed
44,45,120,0.2942367196083069,observed
44,45,121,0.22537238895893097,observed
44,45,122,0.22064773738384247,observed
44,45,123,0.24319706857204437,observed
44,45,124,0.23304656147956848,observed
44,45,125,0.18325331807136536,observed
44,45,126,0.24532277882099152,observed
44,45,127,0.21029776334762573,observed
44,45,128,0.208799809217453,observed
44,45,129,0.6438944339752197,observed
44,45,130,0.22266405820846558,observed
44,45,131,0.196597158908844,observed
44,45,132,0.1883370578289032,observed
44,45,133,0.22661720216274261,observed
44,45,134,0.2022600919008255,observed
44,45,135,0.1830061823129654,observed
44,45,136,0.21935264766216278,observed
44,45,137,0.25072553753852844,observed
44,45,138,0.215650275349617,observed
44,45,139,0.27163606882095337,observed
44,45,140,0.1901504546403885,observed
44,45,141,0.21986939013004303,observed
44,45,142,0.21885131299495697,observed
44,45,143,0.2333965003490448,observed
44,45,144,0.20490552484989166,observed
44,45,145,0.1888858824968338,observed
44,45,146,0.2004929780960083,observed
44,45,147,0.1890404224395752,observed
44,45,148,0.22748291492462158,observed
44,45,149,0.22392483055591583,observed
44,45,150,0.19675065577030182,observed
44,45,151,0.2156887799501419,observed
44,45,152,0.23381637036800385,observed
44,45,153,0.20889078080654144,observed
44,45,154,0.23245735466480255,observed
44,45,155,0.2243543118238449,observed
44,45,156,0.2000611573457718,observed
44,45,157,0.21527306735515594,observed
44,45,158,0.2731024920940399,observed
44,45,159,0.2808651626110077,observed
44,45,160,0.23073448240756989,observed
44,45,161,0.5163390636444092,observed
44,45,162,0.2053147852420807,observed
44,45,163,0.2182541787624359,observed
44,45,164,0.21357044577598572,observed
44,45,165,0.25484979152679443,observed
44,45,166,0.2231328785419464,observed
44,45,167,0.2520250082015991,observed
44,45,168,0.22649472951889038,observed
44,45,169,0.19100551307201385,observed
44,45,170,0.20077818632125854,observed
44,45,171,0.21088501811027527,observed
44,45,172,0.20566190779209137,observed
44,45,173,0.20178478956222534,observed
44,45,174,0.40802496671676636,observed
44,45,175,0.1851680874824524,observed
44,45,176,0.2234334945678711,observed
44,45,177,0.19606228172779083,observed
44,45,178,0.2410557121038437,observed
44,45,179,0.2633942663669586,observed
44,45,180,0.23667682707309723,observed
44,45,181,0.2353813797235489,observed
44,45,182,0.7572193741798401,observed
44,45,183,0.19561095535755157,observed
44,45,184,0.2131553739309311,observed
44,45,185,0.20686379075050354,observed
44,45,186,0.20203150808811188,observed
44,45,187,0.2447342872619629,observed
44,45,188,0.22589918971061707,observed
44,45,189,0.19659921526908875,observed
44,45,190,0.46347537636756897,observed
44,45,191,0.19501915574073792,observed
44,45,192,0.19807253777980804,observed
44,45,193,0.2046375274658203,observed
44,45,194,0.23110616207122803,observed
44,45,195,0.17393887042999268,observed
44,45,196,0.274924099445343,observed
44,45,197,0.25814181566238403,observed
44,45,198,0.22619740664958954,observed
44,45,199,0.1838883012533188,observed
44,45,200,0.3711549937725067,observed
44,45,201,0.2621583640575409,observed
44,45,202,0.209723562002182,observed
44,45,203,0.24716787040233612,observed
44,45,204,0.2001493275165558,observed
44,45,205,0.2508431375026703,observed
44,45,206,0.23449288308620453,observed
44,45,207,0.2055976390838623,observed
44,45,208,0.21797902882099152,observed
44,45,209,0.21045124530792236,observed
44,45,210,0.22142696380615234,observed
44,45,211,0.2959391474723816,observed
44,45,212,0.23215219378471375,observed
44,45,213,0.19959689676761627,observed
44,45,214,0.25143659114837646,observed
44,45,215,0.2036525309085846,observed
44,45,216,0.21353043615818024,observed
44,45,217,0.5235868692398071,observed
44,45,218,0.21592582762241364,observed
44,45,219,0.26797011494636536,observed
44,45,220,0.21240563690662384,observed
44,45,221,0.2241622358560562,observed
44,45,222,0.23382072150707245,observed
44,45,223,0.2543579041957855,observed
44,45,224,0.3590276837348938,observed
44,45,225,0.23821133375167847,observed
44,45,226,0.24042677879333496,observed
44,45,227,0.19544276595115662,observed
44,45,228,0.22385276854038239,observed
44,45,229,0.2339215725660324,observed
44,45,230,0.2048957645893097,observed
44,45,231,0.2212003767490387,observed
44,45,232,0.3582385778427124,observed
44,45,233,0.18880411982536316,observed
44,45,234,0.18848980963230133,observed
44,45,235,0.18773487210273743,observed
44,45,236,0.19904085993766785,observed
44,45,237,0.2292536050081253,observed
44,45,238,0.2050217241048813,observed
44,45,239,0.185040682554245,observed
44,45,240,0.2159915417432785,observed
44,45,241,0.18386167287826538,observed
44,45,242,0.2162790596485138,observed
44,45,243,0.19668985903263092,observed
44,45,244,0.3104715645313263,observed
44,45,245,0.2067297399044037,observed
44,45,246,0.16521795094013214,observed
44,45,247,0.2336893081665039,observed
44,45,248,0.21367202699184418,observed
44,45,249,0.19006936252117157,observed
44,45,250,0.19321832060813904,observed
44,45,251,0.1804669350385666,observed
44,45,252,0.2554081678390503,observed
44,45,253,0.21437402069568634,observed
44,45,254,0.31839719414711,observed
44,45,255,0.2309388667345047,observed
44,45,256,0.2312825471162796,observed
44,45,257,0.2343909591436386,observed
44,45,258,0.22023366391658783,observed
44,45,259,0.20637595653533936,observed
44,45,260,0.6230980157852173,observed
44,45,261,0.24061542749404907,observed
44,45,262,0.2245698720216751,observed
44,45,263,0.22655847668647766,observed
44,45,264,0.1887219250202179,observed
44,45,265,0.22814643383026123,observed
44,45,266,0.20608074963092804,observed
44,45,267,0.20759843289852142,observed
44,45,268,0.21738369762897491,observed
44,45,269,0.23987025022506714,observed
44,45,270,0.2547614574432373,observed
44,45,271,0.23787038028240204,observed
44,45,272,0.23603728413581848,observed
44,45,273,0.18770819902420044,observed
44,45,274,0.20260021090507507,observed
44,45,275,0.30968451499938965,observed
44,45,276,0.20103797316551208,observed
44,45,277,0.19444122910499573,observed
44,45,278,0.23292957246303558,observed
44,45,279,0.27829599380493164,observed
44,45,280,0.24302585422992706,observed
44,45,281,0.21861186623573303,observed
44,45,282,0.24850139021873474,observed
44,45,283,0.2021765559911728,observed
44,45,284,0.23220689594745636,observed
44,45,285,0.2176721692085266,observed
44,45,286,0.21599489450454712,observed
44,45,287,0.22066926956176758,observed
44,45,288,0.24453361332416534,observed
44,45,289,0.1979750394821167,observed
44,45,290,0.22777105867862701,observed
44,45,291,0.19188013672828674,observed
44,45,292,0.19577684998512268,observed
44,45,293,0.22280433773994446,observed
44,45,294,0.20110636949539185,observed
44,45,295,0.22294209897518158,observed
44,45,296,0.2342803031206131,observed
44,45,297,0.21115994453430176,observed
44,45,298,0.2035173624753952,observed
44,45,299,0.24155722558498383,observed
44,45,300,0.20583191514015198,observed
44,45,301,0.18527096509933472,observed
44,45,302,0.20738372206687927,observed
44,45,303,0.19075646996498108,observed
44,45,304,0.2388177067041397,observed
44,45,305,0.3640300929546356,observed
44,45,306,0.2156866043806076,observed
44,45,307,0.18097488582134247,observed
44,45,308,0.2426936775445938,observed
44,45,309,0.238420769572258,observed
44,45,310,0.23451858758926392,observed
44,45,311,0.19116662442684174,observed
44,45,312,0.21094273030757904,observed
44,45,313,0.21565112471580505,observed
44,45,314,0.3545687794685364,observed
44,45,315,0.26451703906059265,observed
44,45,316,0.3660646378993988,observed
44,45,317,0.19578765332698822,observed
44,45,318,0.18034064769744873,observed
44,45,319,0.23394781351089478,observed
44,45,320,0.18980267643928528,observed
44,45,321,0.19791480898857117,observed
44,45,322,0.20131830871105194,observed
44,45,323,0.17879243195056915,observed
44,45,324,0.19478459656238556,observed
44,45,325,0.2285318523645401,observed
44,45,326,0.3735019564628601,observed
44,45,327,0.21029961109161377,observed
44,45,328,0.20198555290699005,observed
44,45,329,0.2057061344385147,observed
44,45,330,0.19539132714271545,observed
44,45,331,0.21932868659496307,observed
44,45,332,0.20582151412963867,observed
44,45,333,0.23064899444580078,observed
44,45,334,0.20313195884227753,observed
44,45,335,0.20363524556159973,observed
44,45,336,0.2097201645374298,observed
44,45,337,0.22799168527126312,observed
44,45,338,0.19691383838653564,observed
44,45,339,0.2097967565059662,observed
44,45,340,0.23596180975437164,observed
44,45,341,0.17644818127155304,observed
44,45,342,0.29205799102783203,observed
44,45,343,0.24841633439064026,observed
44,45,344,0.19858169555664062,observed
44,45,345,0.2471061795949936,observed
44,45,346,0.5372338891029358,observed
44,45,347,0.19918277859687805,observed
44,45,348,0.21589769423007965,observed
44,45,349,0.21489432454109192,observed
44,45,350,0.1858167052268982,observed
44,45,351,0.18738655745983124,observed
44,45,352,0.2617966830730438,observed
44,45,353,0.20989476144313812,observed
44,45,354,0.21371006965637207,observed
44,45,355,0.25964125990867615,observed
44,45,356,0.34956270456314087,observed
44,45,357,0.25902259349823,observed
44,45,358,0.2214595377445221,observed
44,45,359,0.19804243743419647,observed
44,45,360,0.22272512316703796,observed
44,45,361,0.20646461844444275,observed
44,45,362,0.2920757234096527,observed
44,45,363,0.24309560656547546,observed
44,45,364,0.2500689625740051,observed
44,45,365,0.2092556655406952,observed
44,45,366,0.26862889528274536,observed
44,45,367,0.19677729904651642,observed
44,45,368,0.1980123370885849,observed
44,45,369,0.20294129848480225,observed
44,45,370,0.1976841539144516,observed
44,45,371,0.20305977761745453,observed
44,45,372,0.22041839361190796,observed
44,45,373,0.2086859494447708,observed
44,45,374,0.23747727274894714,observed
44,45,375,0.23825526237487793,observed
44,45,376,0.19444714486598969,observed
44,45,377,0.22835057973861694,observed
44,45,378,0.20357424020767212,observed
44,45,379,0.2517586052417755,observed
44,45,380,0.19348733127117157,observed
44,45,381,0.22290058434009552,observed
44,45,382,0.20266349613666534,observed
44,45,383,0.19781431555747986,observed
44,45,384,0.44170713424682617,observed
44,45,385,0.2059624195098877,observed
44,45,386,0.22750575840473175,observed
44,45,387,0.1927270144224167,observed
44,45,388,0.2401328980922699,observed
44,45,389,0.20961710810661316,observed
44,45,390,0.1931472271680832,observed
44,45,391,0.2187655121088028,observed
44,45,392,0.20957300066947937,observed
44,45,393,0.22030505537986755,observed
44,45,394,0.22186557948589325,observed
44,45,395,0.21735209226608276,observed
44,45,396,0.29294079542160034,observed
44,45,397,0.19809414446353912,observed
44,45,398,0.20831020176410675,observed
44,45,399,0.21060164272785187,observed
44,45,400,0.20335067808628082,observed
44,45,401,0.21992751955986023,observed
44,45,402,0.20525944232940674,observed
44,45,403,0.5615007877349854,observed
44,45,404,0.23849400877952576,observed
44,45,405,0.227523535490036,observed
44,45,406,0.2127077430486679,observed
44,45,407,0.18645524978637695,observed
44,45,408,0.18350735306739807,observed
44,45,409,0.22028467059135437,observed
44,45,410,0.2501266300678253,observed
44,45,411,0.24512721598148346,observed
44,45,412,0.22876277565956116,observed
44,45,413,0.25259295105934143,observed
44,45,414,0.23169004917144775,observed
44,45,415,0.22171038389205933,observed
44,45,416,0.24093031883239746,observed
44,45,417,0.21210826933383942,observed
44,45,418,0.2057477980852127,observed
44,45,419,0.18109814822673798,observed
44,45,420,0.21116146445274353,observed
44,45,421,0.6260766386985779,observed
44,45,422,0.24241995811462402,observed
44,45,423,0.2003909945487976,observed
44,45,424,0.38367578387260437,observed
44,45,425,0.2027066946029663,observed
44,45,426,0.2011994868516922,observed
44,45,427,0.22576558589935303,observed
44,45,428,0.25519686937332153,observed
44,45,429,0.20290152728557587,observed
44,45,430,0.24731974303722382,observed
44,45,431,0.20491483807563782,observed
44,45,432,0.22516462206840515,observed
44,45,433,0.21232400834560394,observed
44,45,434,0.23245824873447418,observed
44,45,435,0.21707284450531006,observed
44,45,436,0.21243654191493988,observed
44,45,437,0.1871781051158905,observed
44,45,438,0.1725982278585434,observed
44,45,439,0.19839607179164886,observed
44,45,440,0.263548880815506,observed
44,45,441,0.1814832240343094,observed
44,45,442,0.21413348615169525,observed
44,45,443,0.21510827541351318,observed
44,45,444,0.210791677236557,observed
44,45,445,0.20125900208950043,observed
44,45,446,0.21847030520439148,observed
44,45,447,0.21614398062229156,observed
44,45,448,0.2230687141418457,observed
44,45,449,0.19364143908023834,observed
44,45,450,0.20210425555706024,observed
44,45,451,0.19263923168182373,observed
44,45,452,0.19161151349544525,observed
44,45,453,0.24866575002670288,observed
44,45,454,0.17848435044288635,observed
44,45,455,0.22195224463939667,observed
44,45,456,0.22070564329624176,observed
44,45,457,0.20325249433517456,observed
44,45,458,0.19115838408470154,observed
44,45,459,0.20975033938884735,observed
44,45,460,0.1864752173423767,observed
44,45,461,0.21607954800128937,observed
44,45,462,0.252105176448822,observed
44,45,463,0.5645728707313538,observed
44,45,464,0.25318774580955505,observed
44,45,465,0.2224918156862259,observed
44,45,466,0.2325298935174942,observed
44,45,467,0.25887352228164673,observed
44,45,468,0.24682150781154633,observed
44,45,469,0.2558770477771759,observed
44,45,470,0.24672527611255646,observed
44,45,471,0.2106267511844635,observed
44,45,472,0.5366040468215942,observed
44,45,473,0.2197098433971405,observed
44,45,474,0.19582363963127136,observed
44,45,475,0.2180054783821106,observed
44,45,476,0.2309633195400238,observed
44,45,477,0.29000699520111084,observed
44,45,478,0.2443411946296692,observed
44,45,479,0.21147564053535461,observed
44,45,480,0.2320997267961502,observed
44,45,481,0.26678940653800964,observed
44,45,482,0.2151169627904892,observed
44,45,483,0.19594964385032654,observed
44,45,484,0.19080796837806702,observed
44,45,485,0.24015246331691742,observed
44,45,486,0.20292790234088898,observed
44,45,487,0.2102934867143631,observed
44,45,488,0.2258455604314804,observed
44,45,489,0.24165840446949005,observed
44,45,490,0.18664000928401947,observed
44,45,491,0.2125341147184372,observed
44,45,492,0.24313493072986603,observed
44,45,493,0.2009781450033188,observed
44,45,494,0.19992965459823608,observed
44,45,495,0.2360994517803192,observed
44,45,496,0.19151395559310913,observed
44,45,497,0.21018019318580627,observed
44,45,498,0.1910875141620636,observed
44,45,499,0.2378450632095337,observed
44,45,500,0.16246312856674194,observed
44,45,501,0.2936323285102844,observed
44,45,502,0.4974444806575775,observed
44,45,503,0.18845583498477936,observed
44,45,504,0.20327788591384888,observed
44,45,505,0.199945867061615,observed
44,45,506,0.2230042815208435,observed
44,45,507,0.21339698135852814,observed
44,45,508,0.22696635127067566,observed
44,45,509,0.18601982295513153,observed
44,45,510,0.27925217151641846,observed
44,45,511,0.2362322062253952,observed
44,45,512,0.3792535960674286,observed
44,45,513,0.2052861750125885,observed
44,45,514,0.20096786320209503,observed
44,45,515,0.19202068448066711,observed
44,45,516,0.19050583243370056,observed
44,45,517,0.22298036515712738,observed
44,45,518,0.23367422819137573,observed
44,45,519,0.20058520138263702,observed
44,45,520,0.23704411089420319,observed
44,45,521,0.2062615007162094,observed
44,45,522,0.2107139527797699,observed
44,45,523,0.2892821431159973,observed
44,45,524,0.20720188319683075,observed
44,45,525,0.2044515311717987,observed
44,45,526,0.1918962448835373,observed
44,45,527,0.243455171585083,observed
44,45,528,0.41076138615608215,observed
44,45,529,0.20823200047016144,observed
44,45,530,0.1986469030380249,observed
44,45,531,0.22458918392658234,observed
44,45,532,0.19061502814292908,observed
44,45,533,0.21287362277507782,observed
44,45,534,0.24450422823429108,observed
44,45,535,0.2171272337436676,observed
44,45,536,0.18538278341293335,observed
44,45,537,0.2274097204208374,observed
44,45,538,0.2344186156988144,observed
44,45,539,0.21556834876537323,observed
44,45,540,0.19755282998085022,observed
44,45,541,0.21797682344913483,observed
44,45,542,0.2112196683883667,observed
44,45,543,0.23442675173282623,observed
44,45,544,0.19642110168933868,observed
44,45,545,0.2984180152416229,observed
44,45,546,0.20737676322460175,observed
44,45,547,0.19397202134132385,observed
44,45,548,0.21710069477558136,observed
44,45,549,0.23609986901283264,observed
44,45,550,0.22080275416374207,observed
44,45,551,0.19405607879161835,observed
44,45,552,0.21053540706634521,observed
44,45,553,0.1930747628211975,observed
44,45,554,0.24107201397418976,observed
44,45,555,0.2211856245994568,observed
44,45,556,0.21535393595695496,observed
44,45,557,0.2094220668077469,observed
44,45,558,0.206783726811409,observed
44,45,559,0.2091924250125885,observed
44,45,560,0.22027961909770966,observed
44,45,561,0.19419994950294495,observed
44,45,562,0.1906135380268097,observed
44,45,563,0.28274959325790405,observed
44,45,564,0.21544307470321655,observed
44,45,565,0.19814743101596832,observed
44,45,566,0.2430168241262436,observed
44,45,567,0.17477111518383026,observed
44,45,568,0.2258627563714981,observed
44,45,569,0.41020137071609497,observed
44,45,570,0.21402688324451447,observed
44,45,571,0.21292170882225037,observed
44,45,572,0.1918616145849228,observed
44,45,573,0.19132058322429657,observed
44,45,574,0.20939943194389343,observed
44,45,575,0.2001844346523285,observed
44,45,576,0.2923208773136139,observed
44,45,577,0.3937026858329773,observed
44,45,578,0.22727207839488983,observed
44,45,579,0.24042834341526031,observed
44,45,580,0.1926594376564026,observed
44,45,581,0.2113407552242279,observed
44,45,582,0.23160026967525482,observed
44,45,583,0.23772616684436798,observed
44,45,584,0.21032994985580444,observed
44,45,585,0.5619731545448303,observed
44,45,586,0.24896635115146637,observed
44,45,587,0.592411458492279,observed
44,45,588,0.19189484417438507,observed
44,45,589,0.36572495102882385,observed
44,45,590,0.21222561597824097,observed
44,45,591,0.21272963285446167,observed
44,45,592,0.21059288084506989,observed
44,45,593,0.19686172902584076,observed
44,45,594,0.21721607446670532,observed
44,45,595,0.2276015430688858,observed
44,45,596,0.19587649405002594,observed
44,45,597,0.1943352073431015,observed
44,45,598,0.19882656633853912,observed
44,45,599,0.18111258745193481,observed
44,45,600,0.20497001707553864,observed
44,45,601,0.20094715058803558,observed
44,45,602,0.20174485445022583,observed
44,45,603,0.28318265080451965,observed
44,45,604,0.20978836715221405,observed
44,45,605,0.20718345046043396,observed
44,45,606,0.169833242893219,observed
44,45,607,0.2080550640821457,observed
44,45,608,0.1894081085920334,observed
44,45,609,0.24336262047290802,observed
44,45,610,0.18048879504203796,observed
44,45,611,0.1783829629421234,observed
44,45,612,0.18598034977912903,observed
44,45,613,0.6455439329147339,observed
44,45,614,0.21769537031650543,observed
44,45,615,0.1891203671693802,observed
44,45,616,0.21672572195529938,observed
44,45,617,0.20752795040607452,observed
44,45,618,0.2534938156604767,observed
44,45,619,0.2400706708431244,observed
44,45,620,0.18700487911701202,observed
44,45,621,0.21705400943756104,observed
44,45,622,0.25842249393463135,observed
44,45,623,0.2220051884651184,observed
44,45,624,0.21742722392082214,observed
44,45,625,0.7861035466194153,observed
44,45,626,0.20957858860492706,observed
44,45,627,0.23082274198532104,observed
44,45,628,0.19170282781124115,observed
44,45,629,0.20780552923679352,observed
44,45,630,0.2174370139837265,observed
44,45,631,0.19229964911937714,observed
44,45,632,0.23183324933052063,observed
44,45,633,0.1921708732843399,observed
44,45,634,0.21750454604625702,observed
44,45,635,0.21350468695163727,observed
44,45,636,0.31271496415138245,observed
44,45,637,0.2172233611345291,observed
44,45,638,0.18846510350704193,observed
44,45,639,0.20955920219421387,observed
44,45,640,0.1860659271478653,observed
44,45,641,0.257849782705307,observed
44,45,642,0.24372950196266174,observed
44,45,643,0.25062692165374756,observed
44,45,644,0.20418784022331238,observed
44,45,645,0.24955934286117554,observed
44,45,646,0.21178038418293,observed
44,45,647,0.1964338719844818,observed
44,45,648,0.220875546336174,observed
44,45,649,0.2065902203321457,observed
44,45,650,0.23121990263462067,observed
44,45,651,0.19676944613456726,observed
44,45,652,0.601051926612854,observed
44,45,653,0.24146999418735504,observed
44,45,654,0.3106778860092163,observed
44,45,655,0.24550536274909973,observed
44,45,656,0.2031952440738678,observed
44,45,657,0.1832742840051651,observed
44,45,658,0.20457440614700317,observed
44,45,659,0.25229960680007935,observed
44,45,660,0.20059622824192047,observed
44,45,661,0.22640594840049744,observed
44,45,662,0.2504107654094696,observed
44,45,663,0.2291577011346817,observed
44,45,664,0.19498838484287262,observed
44,45,665,0.23803424835205078,observed
44,45,666,0.23349061608314514,observed
44,45,667,0.21258269250392914,observed
44,45,668,0.22109413146972656,observed
44,45,669,0.2245885133743286,observed
44,45,670,0.2654925286769867,observed
44,45,671,0.20308537781238556,observed
44,45,672,0.21912670135498047,observed
44,45,673,0.21606503427028656,observed
44,45,674,0.36194679141044617,observed
44,45,675,0.19646941125392914,observed
44,45,676,0.2284955382347107,observed
44,45,677,0.2256341427564621,observed
44,45,678,0.23917685449123383,observed
44,45,679,0.2431335598230362,observed
44,45,680,0.2054775208234787,observed
44,45,681,0.2222267985343933,observed
44,45,682,0.20682375133037567,observed
44,45,683,0.18558594584465027,observed
44,45,684,0.19082701206207275,observed
44,45,685,0.2218337059020996,observed
44,45,686,0.21283550560474396,observed
44,45,687,0.22636976838111877,observed
44,45,688,0.6160085201263428,observed
44,45,689,0.2245388776063919,observed
44,45,690,0.24869953095912933,observed
44,45,691,0.2192547768354416,observed
44,45,692,0.20960743725299835,observed
44,45,693,0.2125670313835144,observed
44,45,694,0.3326660096645355,observed
44,45,695,0.24416829645633698,observed
44,45,696,0.19990094006061554,observed
44,45,697,0.18532773852348328,observed
44,45,698,0.21821488440036774,observed
44,45,699,0.22176535427570343,observed
44,45,700,0.22881808876991272,observed
44,45,701,0.19474510848522186,observed
44,45,702,0.31894758343696594,observed
44,45,703,0.23452632129192352,observed
44,45,704,0.21303635835647583,observed
44,45,705,0.21657802164554596,observed
44,45,706,0.21663033962249756,observed
44,45,707,0.21390743553638458,observed
44,45,708,0.19891612231731415,observed
44,45,709,0.22086408734321594,observed
44,45,710,0.18641023337841034,observed
44,45,711,0.22594071924686432,observed
44,45,712,0.20102950930595398,observed
44,45,713,0.19984951615333557,observed
44,45,714,0.22695158421993256,observed
44,45,715,0.19681070744991302,observed
44,45,716,0.19797208905220032,observed
44,45,717,0.19853071868419647,observed
44,45,718,0.2403072714805603,observed
44,45,719,0.22760504484176636,observed
44,45,720,0.18632957339286804,observed
44,45,721,0.20233453810214996,observed
44,45,722,0.779206395149231,observed
44,45,723,0.18369060754776,observed
44,45,724,0.22332745790481567,observed
44,45,725,0.1977321058511734,observed
44,45,726,0.24498945474624634,observed
44,45,727,0.1870403289794922,observed
44,45,728,0.1905682235956192,observed
44,45,729,0.19623145461082458,observed
44,45,730,0.21088390052318573,observed
44,45,731,0.19119201600551605,observed
44,45,732,0.22327837347984314,observed
44,45,733,0.2087940126657486,observed
44,45,734,0.19320422410964966,observed
44,45,735,0.2309817224740982,observed
44,45,736,0.24101735651493073,observed
44,45,737,0.20817001163959503,observed
44,45,738,0.21577851474285126,observed
44,45,739,0.21228256821632385,observed
44,45,740,0.23137390613555908,observed
44,45,741,0.19851398468017578,observed
44,45,742,0.20171964168548584,observed
44,45,743,0.19760769605636597,observed
44,45,744,0.1827111691236496,observed
44,45,745,0.22409659624099731,observed
44,45,746,0.19178473949432373,observed
44,45,747,0.18684318661689758,observed
44,45,748,0.22557614743709564,observed
44,45,749,0.3694714307785034,observed
44,45,750,0.20993348956108093,observed
44,45,751,0.21030907332897186,observed
44,45,752,0.20167726278305054,observed
44,45,753,0.2151838093996048,observed
44,45,754,0.22765670716762543,observed
44,45,755,0.22929440438747406,observed
44,45,756,0.259742796421051,observed
44,45,757,0.19568976759910583,observed
44,45,758,0.2262478470802307,observed
44,45,759,0.9138591885566711,observed
44,45,760,0.20491598546504974,observed
44,45,761,0.209669828414917,observed
44,45,762,0.2297903597354889,observed
44,45,763,0.1953536868095398,observed
44,45,764,0.20949122309684753,observed
44,45,765,0.3081015348434448,observed
44,45,766,0.23103351891040802,observed
44,45,767,0.1756690889596939,observed
44,45,768,0.22643768787384033,observed
44,45,769,0.2023177146911621,observed
44,45,770,0.20376600325107574,observed
44,45,771,0.18398144841194153,observed
44,45,772,0.20188316702842712,observed
44,45,773,0.23055388033390045,observed
44,45,774,0.22801369428634644,observed
44,45,775,0.34752264618873596,observed
44,45,776,0.2093716263771057,observed
44,45,777,0.20139525830745697,observed
44,45,778,0.19376212358474731,observed
44,45,779,0.19734300673007965,observed
44,45,780,0.21686798334121704,observed
44,45,781,0.2230156511068344,observed
44,45,782,0.18608227372169495,observed
44,45,783,0.1955605000257492,observed
44,45,784,0.2349921315908432,observed
44,45,785,0.20027278363704681,observed
44,45,786,0.19438444077968597,observed
44,45,787,0.20476527512073517,observed
44,45,788,0.24019750952720642,observed
44,45,789,0.20937734842300415,observed
44,45,790,0.212038055062294,observed
44,45,791,0.20475824177265167,observed
44,45,792,0.18411460518836975,observed
44,45,793,0.23252972960472107,observed
44,45,794,0.47242429852485657,observed
44,45,795,0.22778759896755219,observed
44,45,796,0.19093282520771027,observed
44,45,797,0.1959705799818039,observed
44,45,798,0.19676966965198517,observed
44,45,799,0.27807918190956116,observed
44,45,800,0.24521303176879883,observed
44,45,801,0.1971231997013092,observed
44,45,802,0.21715688705444336,observed
44,45,803,0.19004856050014496,observed
44,45,804,0.22505448758602142,observed
44,45,805,0.24844685196876526,observed
44,45,806,0.6116223335266113,observed
44,45,807,0.1966010183095932,observed
44,45,808,0.2712515890598297,observed
44,45,809,0.19801010191440582,observed
44,45,810,0.5630170702934265,observed
44,45,811,0.20582234859466553,observed
44,45,812,0.2114262729883194,observed
44,45,813,0.2460567206144333,observed
44,45,814,0.2403031885623932,observed
44,45,815,0.2165682017803192,observed
44,45,816,0.20720258355140686,observed
44,45,817,0.2383875995874405,observed
44,45,818,0.20732194185256958,observed
44,45,819,0.20609010756015778,observed
44,45,820,0.22024990618228912,observed
44,45,821,0.2236533910036087,observed
44,45,822,0.20258964598178864,observed
44,45,823,0.20484337210655212,observed
44,45,824,0.21097952127456665,observed
44,45,825,0.25154417753219604,observed
44,45,826,0.21974912285804749,observed
44,45,827,0.21142277121543884,observed
44,45,828,0.20575201511383057,observed
44,45,829,0.21844103932380676,observed
44,45,830,0.20504425466060638,observed
44,45,831,0.2572695016860962,observed
44,45,832,0.2574610114097595,observed
44,45,833,0.22222819924354553,observed
44,45,834,0.22937533259391785,observed
44,45,835,0.2583277225494385,observed
44,45,836,0.19370971620082855,observed
44,45,837,0.20691804587841034,observed
44,45,838,0.2054455429315567,observed
44,45,839,0.23549048602581024,observed
44,45,840,0.21211953461170197,observed
44,45,841,0.2101639211177826,observed
44,45,842,0.21358910202980042,observed
44,45,843,0.2371814250946045,observed
44,45,844,0.21299290657043457,observed
44,45,845,0.19908827543258667,observed
44,45,846,0.18411973118782043,observed
44,45,847,0.23155809938907623,observed
44,45,848,0.19121472537517548,observed
44,45,849,0.2192721664905548,observed
44,45,850,0.22562214732170105,observed
44,45,851,0.23062297701835632,observed
44,45,852,0.19913555681705475,observed
44,45,853,0.20936349034309387,observed
44,45,854,0.22132174670696259,observed
44,45,855,0.18776103854179382,observed
44,45,856,0.18684910237789154,observed
44,45,857,0.23474358022212982,observed
44,45,858,0.20452673733234406,observed
44,45,859,0.25765934586524963,observed
44,45,860,0.19017066061496735,observed
44,45,861,0.24505910277366638,observed
44,45,862,0.1857132464647293,observed
44,45,863,0.21869249641895294,observed
44,45,864,0.19072677195072174,observed
44,45,865,0.22985926270484924,observed
44,45,866,0.19713035225868225,observed
44,45,867,0.1955915093421936,observed
44,45,868,0.1962917596101761,observed
44,45,869,0.29623305797576904,observed
44,45,870,0.20933790504932404,observed
44,45,871,0.20884975790977478,observed
44,45,872,0.21693801879882812,observed
44,45,873,0.2336774468421936,observed
44,45,874,0.18344449996948242,observed
44,45,875,0.8900946974754333,observed
44,45,876,0.22578789293766022,observed
44,45,877,0.21854233741760254,observed
44,45,878,0.21028219163417816,observed
44,45,879,0.2129269391298294,observed
44,45,880,0.20377005636692047,observed
44,45,881,0.17152844369411469,observed
44,45,882,0.19360926747322083,observed
44,45,883,0.2055160105228424,observed
44,45,884,0.1787702888250351,observed
44,45,885,0.22060754895210266,observed
44,45,886,0.212039515376091,observed
44,45,887,0.22012805938720703,observed
44,45,888,0.1839955747127533,observed
44,45,889,0.20082645118236542,observed
44,45,890,0.21229277551174164,observed
44,45,891,0.20537258684635162,observed
44,45,892,0.20175966620445251,observed
44,45,893,0.24594472348690033,observed
44,45,894,0.18391326069831848,observed
44,45,895,0.20605053007602692,observed
44,45,896,0.21737265586853027,observed
44,45,897,0.21330547332763672,observed
44,45,898,0.2578698992729187,observed
44,45,899,0.37850841879844666,observed
44,45,900,0.17851045727729797,observed
44,45,901,0.2053709328174591,observed
44,45,902,0.21059362590312958,observed
44,45,903,0.2045275866985321,observed
44,45,904,0.21244192123413086,observed
44,45,905,0.22481665015220642,observed
44,45,906,0.19984453916549683,observed
44,45,907,0.21081885695457458,observed
44,45,908,0.19616340100765228,observed
44,45,909,0.2001800686120987,observed
44,45,910,0.21474029123783112,observed
44,45,911,0.21652434766292572,observed
44,45,912,0.1925421953201294,observed
44,45,913,0.2535230219364166,observed
44,45,914,0.28333428502082825,observed
44,45,915,0.20569947361946106,observed
44,45,916,0.18514059484004974,observed
44,45,917,0.2116808444261551,observed
44,45,918,0.20501567423343658,observed
44,45,919,0.24984632432460785,observed
44,45,920,0.22583463788032532,observed
44,45,921,0.18002057075500488,observed
44,45,922,0.25718826055526733,observed
44,45,923,0.24521012604236603,observed
44,45,924,0.23960521817207336,observed
44,45,925,0.19804540276527405,observed
44,45,926,0.21311277151107788,observed
44,45,927,0.23928283154964447,observed
44,45,928,0.21054607629776,observed
44,45,929,0.22343668341636658,observed
44,45,930,0.2247178703546524,observed
44,45,931,0.21090906858444214,observed
44,45,932,0.18765638768672943,observed
44,45,933,0.19460313022136688,observed
44,45,934,0.20627185702323914,observed
44,45,935,0.21418234705924988,observed
44,45,936,0.27456966042518616,observed
44,45,937,0.18930387496948242,observed
44,45,938,0.2108721286058426,observed
44,45,939,0.20247799158096313,observed
44,45,940,0.24718767404556274,observed
44,45,941,0.24568037688732147,observed
44,45,942,0.2218398004770279,observed
44,45,943,0.21961970627307892,observed
44,45,944,0.21564173698425293,observed
44,45,945,0.21250377595424652,observed
44,45,946,0.20184199512004852,observed
44,45,947,0.2139595001935959,observed
44,45,948,0.21239589154720306,observed
44,45,949,0.2013929784297943,observed
44,45,950,0.1936834305524826,observed
44,45,951,0.22650650143623352,observed
44,45,952,0.4977187514305115,observed
44,45,953,0.18459023535251617,observed
44,45,954,0.24054297804832458,observed
44,45,955,0.21223339438438416,observed
44,45,956,0.6187056303024292,observed
44,45,957,0.5334677696228027,observed
44,45,958,0.25043341517448425,observed
44,45,959,0.19257648289203644,observed
44,45,960,0.2139715552330017,observed
44,45,961,0.20986858010292053,observed
44,45,962,0.20253145694732666,observed
44,45,963,0.18647657334804535,observed
44,45,964,0.20726649463176727,observed
44,45,965,0.22255684435367584,observed
44,45,966,0.23020854592323303,observed
44,45,967,0.19569246470928192,observed
44,45,968,0.20699089765548706,observed
44,45,969,0.19876177608966827,observed
44,45,970,0.22987575829029083,observed
44,45,971,0.21999192237854004,observed
44,45,972,0.18866434693336487,observed
44,45,973,0.23501208424568176,observed
44,45,974,0.1934899538755417,observed
44,45,975,0.2542009949684143,observed
44,45,976,0.23131084442138672,observed
44,45,977,0.17572090029716492,observed
44,45,978,0.2367556393146515,observed
44,45,979,0.23026055097579956,observed
44,45,980,0.20577548444271088,observed
44,45,981,0.20720092952251434,observed
44,45,982,0.2238166183233261,observed
44,45,983,0.2676979899406433,observed
44,45,984,0.21052536368370056,observed
44,45,985,0.33957231044769287,observed
44,45,986,0.4599561393260956,observed
44,45,987,0.2089378386735916,observed
44,45,988,0.19672052562236786,observed
44,45,989,0.1869446486234665,observed
44,45,990,0.20819897949695587,observed
44,45,991,0.23541054129600525,observed
44,45,992,0.23190860450267792,observed
44,45,993,0.20734600722789764,observed
44,45,994,0.23531652987003326,observed
44,45,995,0.2213307023048401,observed
44,45,996,0.2538791596889496,observed
44,45,997,0.21678873896598816,observed
44,45,998,0.5643656849861145,observed
44,45,999,0.1841387152671814,observed
44,45,1000,0.224014014005661,observed
44,45,1001,0.2334032505750656,observed
44,45,1002,0.21673448383808136,observed
44,45,1003,0.23061469197273254,observed
44,45,1004,0.19506412744522095,observed
44,45,1005,0.22689631581306458,observed
44,45,1006,0.25976884365081787,observed
44,45,1007,0.5155814290046692,observed
44,45,1008,0.18820972740650177,observed
44,45,1009,0.17345692217350006,observed
44,45,1010,0.20089969038963318,observed
44,45,1011,0.1903265118598938,observed
44,45,1012,0.2519555687904358,observed
44,45,1013,0.22880768775939941,observed
44,45,1014,0.24402202665805817,observed
44,45,1015,0.26150915026664734,observed
44,45,1016,0.22453899681568146,observed
44,45,1017,0.20507755875587463,observed
44,45,1018,0.20966118574142456,observed
44,45,1019,0.18809005618095398,observed
44,45,1020,0.20567117631435394,observed
44,45,1021,0.2401161938905716,observed
44,45,1022,0.2023877650499344,observed
44,45,1023,0.2801071107387543,observed
44,46,0,0.18979866802692413,observed
44,46,1,0.21092788875102997,observed
44,46,2,0.22522439062595367,observed
44,46,3,0.23726245760917664,observed
44,46,4,0.21058501303195953,observed
44,46,5,0.24585534632205963,observed
44,46,6,0.21917545795440674,observed
44,46,7,0.2081449031829834,observed
44,46,8,0.2246437519788742,observed
44,46,9,0.22359289228916168,observed
44,46,10,0.2042762041091919,observed
44,46,11,0.5732686519622803,observed
44,46,12,0.19714197516441345,observed
44,46,13,0.21158283948898315,observed
44,46,14,0.2426847517490387,observed
44,46,15,0.2101379781961441,observed
44,46,16,0.19922399520874023,observed
44,46,17,0.7122633457183838,observed
44,46,18,0.2349056601524353,observed
44,46,19,0.18323659896850586,observed
44,46,20,0.22841177880764008,observed
44,46,21,0.18507373332977295,observed
44,46,22,0.24256914854049683,observed
44,46,23,0.1991359293460846,observed
44,46,24,0.21818161010742188,observed
44,46,25,0.33290550112724304,observed
44,46,26,0.22190649807453156,observed
44,46,27,0.1861495077610016,observed
44,46,28,0.21640066802501678,observed
44,46,29,0.2230628877878189,observed
44,46,30,0.2025449424982071,observed
44,46,31,0.2597676217556,observed
44,46,32,0.2515976130962372,observed
44,46,33,0.24292059242725372,observed
44,46,34,0.21746499836444855,observed
44,46,35,0.24722078442573547,observed
44,46,36,0.20031757652759552,observed
44,46,37,0.23400314152240753,observed
44,46,38,0.30644506216049194,observed
44,46,39,0.19029244780540466,observed
44,46,40,0.1962238997220993,observed
44,46,41,0.23457778990268707,observed
44,46,42,0.19373087584972382,observed
44,46,43,0.22856804728507996,observed
44,46,44,0.6139177083969116,observed
44,46,45,0.3559103012084961,observed
44,46,46,0.20016245543956757,observed
44,46,47,0.2275528907775879,observed
44,46,48,0.21296602487564087,observed
44,46,49,0.19452208280563354,observed
44,46,50,0.2139010727405548,observed
44,46,51,0.21094457805156708,observed
44,46,52,0.23538601398468018,observed
44,46,53,0.17452168464660645,observed
44,46,54,0.22980457544326782,observed
44,46,55,0.24959467351436615,observed
44,46,56,0.2087453156709671,observed
44,46,57,0.23891600966453552,observed
44,46,58,0.19055618345737457,observed
44,46,59,0.1968410611152649,observed
44,46,60,0.22763200104236603,observed
44,46,61,0.22748051583766937,observed
44,46,62,0.23471108078956604,observed
44,46,63,0.19577579200267792,observed
44,46,64,0.23767921328544617,observed
44,46,65,0.20872701704502106,observed
44,46,66,0.1945933699607849,observed
44,46,67,0.3039703369140625,observed
44,46,68,0.19209206104278564,observed
44,46,69,0.19361580908298492,observed
44,46,70,0.18217833340168,observed
44,46,71,0.1928463876247406,observed
44,46,72,0.1945585161447525,observed
44,46,73,0.20052184164524078,observed
44,46,74,0.22278539836406708,observed
44,46,75,0.21584106981754303,observed
44,46,76,0.21304602921009064,observed
44,46,77,0.23765626549720764,observed
44,46,78,0.20679470896720886,observed
44,46,79,0.2355189323425293,observed
44,46,80,0.23621174693107605,observed
44,46,81,0.22235766053199768,observed
44,46,82,0.22023922204971313,observed
44,46,83,0.23805813491344452,observed
44,46,84,0.20882773399353027,observed
44,46,85,0.20184782147407532,observed
44,46,86,0.21427792310714722,observed
44,46,87,0.3822169005870819,observed
44,46,88,0.21389253437519073,observed
44,46,89,0.2164812833070755,observed
44,46,90,0.2972632050514221,observed
44,46,91,0.18958570063114166,observed
44,46,92,0.18432460725307465,observed
44,46,93,0.19064384698867798,observed
44,46,94,0.24428413808345795,observed
44,46,95,0.24249741435050964,observed
44,46,96,0.20608921349048615,observed
44,46,97,0.209527850151062,observed
44,46,98,0.21076035499572754,observed
44,46,99,0.22897881269454956,observed
44,46,100,0.7468538880348206,observed
44,46,101,0.23225291073322296,observed
44,46,102,0.20465916395187378,observed
44,46,103,0.2327950894832611,observed
44,46,104,0.20396274328231812,observed
44,46,105,0.21044155955314636,observed
44,46,106,0.21322424709796906,observed
44,46,107,0.21298520267009735,observed
44,46,108,0.19938604533672333,observed
44,46,109,0.1759401112794876,observed
44,46,110,0.3953534662723541,observed
44,46,111,0.21222130954265594,observed
44,46,112,0.2278127372264862,observed
44,46,113,0.22867850959300995,observed
44,46,114,0.1948249787092209,observed
44,46,115,0.24398869276046753,observed
44,46,116,0.21326486766338348,observed
44,46,117,0.2657838463783264,observed
44,46,118,0.20600442588329315,observed
44,46,119,0.2261943221092224,observed
44,46,120,0.29425010085105896,observed
44,46,121,0.219554603099823,observed
44,46,122,0.18316346406936646,observed
44,46,123,0.2325976938009262,observed
44,46,124,0.21207742393016815,observed
44,46,125,0.20259900391101837,observed
44,46,126,0.21131230890750885,observed
44,46,127,0.2338639497756958,observed
44,46,128,0.19973836839199066,observed
44,46,129,0.5686858296394348,observed
44,46,130,0.2287934422492981,observed
44,46,131,0.21255671977996826,observed
44,46,132,0.19542859494686127,observed
44,46,133,0.1994885951280594,observed
44,46,134,0.21837081015110016,observed
44,46,135,0.20508863031864166,observed
44,46,136,0.19665388762950897,observed
44,46,137,0.2148158997297287,observed
44,46,138,0.22622571885585785,observed
44,46,139,0.21229833364486694,observed
44,46,140,0.20071037113666534,observed
44,46,141,0.19327417016029358,observed
44,46,142,0.2614758610725403,observed
44,46,143,0.22478556632995605,observed
44,46,144,0.19051630795001984,observed
44,46,145,0.1938951015472412,observed
44,46,146,0.21202300488948822,observed
44,46,147,0.19024021923542023,observed
44,46,148,0.23534080386161804,observed
44,46,149,0.2014419585466385,observed
44,46,150,0.21364755928516388,observed
44,46,151,0.20411376655101776,observed
44,46,152,0.20375266671180725,observed
44,46,153,0.19072456657886505,observed
44,46,154,0.22418850660324097,observed
44,46,155,0.19649921357631683,observed
44,46,156,0.20554715394973755,observed
44,46,157,0.22693534195423126,observed
44,46,158,0.24871981143951416,observed
44,46,159,0.22004084289073944,observed
44,46,160,0.20490241050720215,observed
44,46,161,0.6693896651268005,observed
44,46,162,0.23624297976493835,observed
44,46,163,0.22652167081832886,observed
44,46,164,0.22218938171863556,observed
44,46,165,0.21381312608718872,observed
44,46,166,0.2177286148071289,observed
44,46,167,0.19953101873397827,observed
44,46,168,0.21603859961032867,observed
44,46,169,0.18915116786956787,observed
44,46,170,0.18565751612186432,observed
44,46,171,0.22300858795642853,observed
44,46,172,0.21848075091838837,observed
44,46,173,0.20265251398086548,observed
44,46,174,0.45888394117355347,observed
44,46,175,0.20994795858860016,observed
44,46,176,0.24226249754428864,observed
44,46,177,0.2209889441728592,observed
44,46,178,0.23147937655448914,observed
44,46,179,0.322765588760376,observed
44,46,180,0.1761254072189331,observed
44,46,181,0.1992061883211136,observed
44,46,182,0.7227267622947693,observed
44,46,183,0.21003170311450958,observed
44,46,184,0.19109904766082764,observed
44,46,185,0.20413607358932495,observed
44,46,186,0.2809981107711792,observed
44,46,187,0.21099960803985596,observed
44,46,188,0.24259887635707855,observed
44,46,189,0.18148291110992432,observed
44,46,190,0.33787116408348083,observed
44,46,191,0.24750541150569916,observed
44,46,192,0.17451296746730804,observed
44,46,193,0.20216374099254608,observed
44,46,194,0.21614807844161987,observed
44,46,195,0.2270796000957489,observed
44,46,196,0.21710710227489471,observed
44,46,197,0.30540019273757935,observed
44,46,198,0.21821241080760956,observed
44,46,199,0.18329913914203644,observed
44,46,200,0.25280916690826416,observed
44,46,201,0.22491823136806488,observed
44,46,202,0.20567652583122253,observed
44,46,203,0.22465041279792786,observed
44,46,204,0.20092231035232544,observed
44,46,205,0.22718487679958344,observed
44,46,206,0.23094435036182404,observed
44,46,207,0.19308063387870789,observed
44,46,208,0.22069260478019714,observed
44,46,209,0.2025134265422821,observed
44,46,210,0.23997388780117035,observed
44,46,211,0.23487088084220886,observed
44,46,212,0.20718997716903687,observed
44,46,213,0.2640654444694519,observed
44,46,214,0.19976800680160522,observed
44,46,215,0.2172064185142517,observed
44,46,216,0.2073824405670166,observed
44,46,217,0.5608702301979065,observed
44,46,218,0.21366703510284424,observed
44,46,219,0.2227163463830948,observed
44,46,220,0.19399408996105194,observed
44,46,221,0.22815090417861938,observed
44,46,222,0.22298084199428558,observed
44,46,223,0.21568076312541962,observed
44,46,224,0.3283797800540924,observed
44,46,225,0.19490718841552734,observed
44,46,226,0.2204221785068512,observed
44,46,227,0.23657123744487762,observed
44,46,228,0.18567124009132385,observed
44,46,229,0.22622208297252655,observed
44,46,230,0.23698067665100098,observed
44,46,231,0.21403712034225464,observed
44,46,232,0.35916781425476074,observed
44,46,233,0.18769332766532898,observed
44,46,234,0.20535261929035187,observed
44,46,235,0.20023199915885925,observed
44,46,236,0.2075793594121933,observed
44,46,237,0.20621459186077118,observed
44,46,238,0.26331835985183716,observed
44,46,239,0.2072618156671524,observed
44,46,240,0.2612278163433075,observed
44,46,241,0.2179260551929474,observed
44,46,242,0.1999019831418991,observed
44,46,243,0.21147170662879944,observed
44,46,244,0.30131009221076965,observed
44,46,245,0.19387799501419067,observed
44,46,246,0.17629840970039368,observed
44,46,247,0.23636570572853088,observed
44,46,248,0.20119498670101166,observed
44,46,249,0.23421283066272736,observed
44,46,250,0.20445774495601654,observed
44,46,251,0.2224641889333725,observed
44,46,252,0.21276244521141052,observed
44,46,253,0.22259628772735596,observed
44,46,254,0.32214510440826416,observed
44,46,255,0.21027709543704987,observed
44,46,256,0.2253759652376175,observed
44,46,257,0.22230157256126404,observed
44,46,258,0.21198883652687073,observed
44,46,259,0.22139012813568115,observed
44,46,260,0.6819412708282471,observed
44,46,261,0.2044057548046112,observed
44,46,262,0.19355648756027222,observed
44,46,263,0.218873992562294,observed
44,46,264,0.20797467231750488,observed
44,46,265,0.2469167411327362,observed
44,46,266,0.2258821278810501,observed
44,46,267,0.20970438420772552,observed
44,46,268,0.19741661846637726,observed
44,46,269,0.19886726140975952,observed
44,46,270,0.2570185661315918,observed
44,46,271,0.20867477357387543,observed
44,46,272,0.18857291340827942,observed
44,46,273,0.21980969607830048,observed
44,46,274,0.22591759264469147,observed
44,46,275,0.19545108079910278,observed
44,46,276,0.2174787074327469,observed
44,46,277,0.23042964935302734,observed
44,46,278,0.22563065588474274,observed
44,46,279,0.24919752776622772,observed
44,46,280,0.20442573726177216,observed
44,46,281,0.23718921840190887,observed
44,46,282,0.20873436331748962,observed
44,46,283,0.2110901027917862,observed
44,46,284,0.1869574636220932,observed
44,46,285,0.21683524549007416,observed
44,46,286,0.20361889898777008,observed
44,46,287,0.25228995084762573,observed
44,46,288,0.19460763037204742,observed
44,46,289,0.21007370948791504,observed
44,46,290,0.23208482563495636,observed
44,46,291,0.2392347902059555,observed
44,46,292,0.20613576471805573,observed
44,46,293,0.2212526798248291,observed
44,46,294,0.20380862057209015,observed
44,46,295,0.22289296984672546,observed
44,46,296,0.2886902987957001,observed
44,46,297,0.21593524515628815,observed
44,46,298,0.20396821200847626,observed
44,46,299,0.22969859838485718,observed
44,46,300,0.19249486923217773,observed
44,46,301,0.24776536226272583,observed
44,46,302,0.20448748767375946,observed
44,46,303,0.19660602509975433,observed
44,46,304,0.2267044633626938,observed
44,46,305,0.30579468607902527,observed
44,46,306,0.2047252506017685,observed
44,46,307,0.22010420262813568,observed
44,46,308,0.20132996141910553,observed
44,46,309,0.24500934779644012,observed
44,46,310,0.2425662875175476,observed
44,46,311,0.19321323931217194,observed
44,46,312,0.23280484974384308,observed
44,46,313,0.23213258385658264,observed
44,46,314,0.36976489424705505,observed
44,46,315,0.22062961757183075,observed
44,46,316,0.3309163749217987,observed
44,46,317,0.2162219136953354,observed
44,46,318,0.19893552362918854,observed
44,46,319,0.209687739610672,observed
44,46,320,0.1931118667125702,observed
44,46,321,0.2103801667690277,observed
44,46,322,0.2080489844083786,observed
44,46,323,0.19281338155269623,observed
44,46,324,0.1803315281867981,observed
44,46,325,0.18325327336788177,observed
44,46,326,0.5125627517700195,observed
44,46,327,0.1995399296283722,observed
44,46,328,0.21038077771663666,observed
44,46,329,0.22333525121212006,observed
44,46,330,0.20776167511940002,observed
44,46,331,0.24748001992702484,observed
44,46,332,0.19683502614498138,observed
44,46,333,0.205733522772789,observed
44,46,334,0.19825005531311035,observed
44,46,335,0.20238590240478516,observed
44,46,336,0.2239806205034256,observed
44,46,337,0.22077612578868866,observed
44,46,338,0.20136548578739166,observed
44,46,339,0.2182985544204712,observed
44,46,340,0.18854902684688568,observed
44,46,341,0.2380896806716919,observed
44,46,342,0.2963755428791046,observed
44,46,343,0.22678428888320923,observed
44,46,344,0.21956217288970947,observed
44,46,345,0.19296103715896606,observed
44,46,346,0.43983587622642517,observed
44,46,347,0.1986076682806015,observed
44,46,348,0.21329689025878906,observed
44,46,349,0.2161337286233902,observed
44,46,350,0.23717185854911804,observed
44,46,351,0.20257513225078583,observed
44,46,352,0.21216636896133423,observed
44,46,353,0.22661706805229187,observed
44,46,354,0.24631109833717346,observed
44,46,355,0.24150702357292175,observed
44,46,356,0.32552820444107056,observed
44,46,357,0.23505842685699463,observed
44,46,358,0.21932023763656616,observed
44,46,359,0.30237486958503723,observed
44,46,360,0.2704769968986511,observed
44,46,361,0.2897157669067383,observed
44,46,362,0.1984831541776657,observed
44,46,363,0.2299242466688156,observed
44,46,364,0.2730357050895691,observed
44,46,365,0.18557041883468628,observed
44,46,366,0.1932111531496048,observed
44,46,367,0.19589637219905853,observed
44,46,368,0.19529424607753754,observed
44,46,369,0.22410884499549866,observed
44,46,370,0.20275354385375977,observed
44,46,371,0.19284546375274658,observed
44,46,372,0.24552689492702484,observed
44,46,373,0.21274352073669434,observed
44,46,374,0.19759415090084076,observed
44,46,375,0.22333510220050812,observed
44,46,376,0.20254133641719818,observed
44,46,377,0.21928101778030396,observed
44,46,378,0.20627158880233765,observed
44,46,379,0.23283737897872925,observed
44,46,380,0.19675076007843018,observed
44,46,381,0.29904603958129883,observed
44,46,382,0.2050941437482834,observed
44,46,383,0.21848471462726593,observed
44,46,384,0.46388694643974304,observed
44,46,385,0.20065800845623016,observed
44,46,386,0.25341108441352844,observed
44,46,387,0.20015621185302734,observed
44,46,388,0.22775602340698242,observed
44,46,389,0.2352323830127716,observed
44,46,390,0.19732524454593658,observed
44,46,391,0.24941782653331757,observed
44,46,392,0.20129050314426422,observed
44,46,393,0.2077978104352951,observed
44,46,394,0.1967362016439438,observed
44,46,395,0.20708540081977844,observed
44,46,396,0.31087520718574524,observed
44,46,397,0.20805731415748596,observed
44,46,398,0.22631363570690155,observed
44,46,399,0.2346402406692505,observed
44,46,400,0.2751571536064148,observed
44,46,401,0.19142499566078186,observed
44,46,402,0.2039467990398407,observed
44,46,403,0.6814224123954773,observed
44,46,404,0.23266814649105072,observed
44,46,405,0.2742927372455597,observed
44,46,406,0.2583974599838257,observed
44,46,407,0.19364704191684723,observed
44,46,408,0.20522768795490265,observed
44,46,409,0.23880772292613983,observed
44,46,410,0.20874471962451935,observed
44,46,411,0.21514542400836945,observed
44,46,412,0.1826610267162323,observed
44,46,413,0.24267764389514923,observed
44,46,414,0.21187204122543335,observed
44,46,415,0.21238203346729279,observed
44,46,416,0.2034350484609604,observed
44,46,417,0.26199066638946533,observed
44,46,418,0.218849778175354,observed
44,46,419,0.2220303863286972,observed
44,46,420,0.2008976936340332,observed
44,46,421,0.6394715905189514,observed
44,46,422,0.2476593405008316,observed
44,46,423,0.22467418015003204,observed
44,46,424,0.2796938121318817,observed
44,46,425,0.23963025212287903,observed
44,46,426,0.20094271004199982,observed
44,46,427,0.23462475836277008,observed
44,46,428,0.22478407621383667,observed
44,46,429,0.20304234325885773,observed
44,46,430,0.1931474208831787,observed
44,46,431,0.19091027975082397,observed
44,46,432,0.2651061415672302,observed
44,46,433,0.21458764374256134,observed
44,46,434,0.265311062335968,observed
44,46,435,0.2178550660610199,observed
44,46,436,0.2153409868478775,observed
44,46,437,0.22662252187728882,observed
44,46,438,0.20265495777130127,observed
44,46,439,0.23952879011631012,observed
44,46,440,0.26773136854171753,observed
44,46,441,0.24784395098686218,observed
44,46,442,0.2361520379781723,observed
44,46,443,0.20798031985759735,observed
44,46,444,0.2189411073923111,observed
44,46,445,0.18944621086120605,observed
44,46,446,0.20146209001541138,observed
44,46,447,0.25601863861083984,observed
44,46,448,0.2014639675617218,observed
44,46,449,0.21951887011528015,observed
44,46,450,0.19432877004146576,observed
44,46,451,0.21247079968452454,observed
44,46,452,0.21930177509784698,observed
44,46,453,0.1960003674030304,observed
44,46,454,0.19526298344135284,observed
44,46,455,0.18506819009780884,observed
44,46,456,0.2042127102613449,observed
44,46,457,0.2433193176984787,observed
44,46,458,0.19033384323120117,observed
44,46,459,0.18613503873348236,observed
44,46,460,0.19955980777740479,observed
44,46,461,0.216817706823349,observed
44,46,462,0.2431001216173172,observed
44,46,463,0.4895731210708618,observed
44,46,464,0.1821557581424713,observed
44,46,465,0.21926309168338776,observed
44,46,466,0.2123422622680664,observed
44,46,467,0.21476811170578003,observed
44,46,468,0.20152322947978973,observed
44,46,469,0.21196907758712769,observed
44,46,470,0.27536940574645996,observed
44,46,471,0.19399498403072357,observed
44,46,472,0.4987128973007202,observed
44,46,473,0.2680221498012543,observed
44,46,474,0.21138325333595276,observed
44,46,475,0.23295710980892181,observed
44,46,476,0.23080356419086456,observed
44,46,477,0.39793872833251953,observed
44,46,478,0.20952372252941132,observed
44,46,479,0.22787940502166748,observed
44,46,480,0.25406649708747864,observed
44,46,481,0.21955542266368866,observed
44,46,482,0.19949594140052795,observed
44,46,483,0.21739917993545532,observed
44,46,484,0.2148137390613556,observed
44,46,485,0.18847744166851044,observed
44,46,486,0.21108737587928772,observed
44,46,487,0.20914137363433838,observed
44,46,488,0.2133151739835739,observed
44,46,489,0.22025296092033386,observed
44,46,490,0.21975480020046234,observed
44,46,491,0.22316832840442657,observed
44,46,492,0.22519022226333618,observed
44,46,493,0.2318555861711502,observed
44,46,494,0.22619043290615082,observed
44,46,495,0.21321603655815125,observed
44,46,496,0.23012720048427582,observed
44,46,497,0.18261122703552246,observed
44,46,498,0.18500672280788422,observed
44,46,499,0.20326443016529083,observed
44,46,500,0.23327399790287018,observed
44,46,501,0.22253087162971497,observed
44,46,502,0.6439851522445679,observed
44,46,503,0.19563986361026764,observed
44,46,504,0.22377346456050873,observed
44,46,505,0.20731256902217865,observed
44,46,506,0.22336897253990173,observed
44,46,507,0.24934449791908264,observed
44,46,508,0.24109145998954773,observed
44,46,509,0.20228758454322815,observed
44,46,510,0.19114594161510468,observed
44,46,511,0.20513854920864105,observed
44,46,512,0.38299140334129333,observed
44,46,513,0.1962278038263321,observed
44,46,514,0.18694262206554413,observed
44,46,515,0.20202621817588806,observed
44,46,516,0.20535047352313995,observed
44,46,517,0.24335524439811707,observed
44,46,518,0.2564564347267151,observed
44,46,519,0.2008529007434845,observed
44,46,520,0.29264989495277405,observed
44,46,521,0.21951356530189514,observed
44,46,522,0.2009570300579071,observed
44,46,523,0.19942398369312286,observed
44,46,524,0.20423685014247894,observed
44,46,525,0.2080698311328888,observed
44,46,526,0.19703595340251923,observed
44,46,527,0.22693058848381042,observed
44,46,528,0.4911089539527893,observed
44,46,529,0.19853398203849792,observed
44,46,530,0.19753189384937286,observed
44,46,531,0.19221805036067963,observed
44,46,532,0.19752715528011322,observed
44,46,533,0.23980818688869476,observed
44,46,534,0.21685583889484406,observed
44,46,535,0.26875537633895874,observed
44,46,536,0.19505736231803894,observed
44,46,537,0.21848547458648682,observed
44,46,538,0.19847449660301208,observed
44,46,539,0.20655377209186554,observed
44,46,540,0.25806301832199097,observed
44,46,541,0.20868542790412903,observed
44,46,542,0.1846696138381958,observed
44,46,543,0.2077827751636505,observed
44,46,544,0.1985207051038742,observed
44,46,545,0.21568870544433594,observed
44,46,546,0.21650061011314392,observed
44,46,547,0.1943059116601944,observed
44,46,548,0.2860225737094879,observed
44,46,549,0.21973948180675507,observed
44,46,550,0.24159175157546997,observed
44,46,551,0.22323226928710938,observed
44,46,552,0.2266734391450882,observed
44,46,553,0.21338920295238495,observed
44,46,554,0.22382448613643646,observed
44,46,555,0.19971321523189545,observed
44,46,556,0.21477900445461273,observed
44,46,557,0.2203642725944519,observed
44,46,558,0.21506720781326294,observed
44,46,559,0.3123559355735779,observed
44,46,560,0.22236929833889008,observed
44,46,561,0.22078238427639008,observed
44,46,562,0.2131630778312683,observed
44,46,563,0.364070326089859,observed
44,46,564,0.24915030598640442,observed
44,46,565,0.22888173162937164,observed
44,46,566,0.24698403477668762,observed
44,46,567,0.199178084731102,observed
44,46,568,0.26082199811935425,observed
44,46,569,0.42190468311309814,observed
44,46,570,0.19843697547912598,observed
44,46,571,0.19156292080879211,observed
44,46,572,0.18751005828380585,observed
44,46,573,0.2144242227077484,observed
44,46,574,0.20800665020942688,observed
44,46,575,0.19356507062911987,observed
44,46,576,0.20842604339122772,observed
44,46,577,0.32572102546691895,observed
44,46,578,0.21032078564167023,observed
44,46,579,0.20647263526916504,observed
44,46,580,0.19872650504112244,observed
44,46,581,0.1792384535074234,observed
44,46,582,0.23580998182296753,observed
44,46,583,0.18902619183063507,observed
44,46,584,0.22094178199768066,observed
44,46,585,0.505134642124176,observed
44,46,586,0.2564103305339813,observed
44,46,587,0.40713995695114136,observed
44,46,588,0.1832447201013565,observed
44,46,589,0.45876047015190125,observed
44,46,590,0.203379288315773,observed
44,46,591,0.2643323540687561,observed
44,46,592,0.31928637623786926,observed
44,46,593,0.19887994229793549,observed
44,46,594,0.1995554268360138,observed
44,46,595,0.2185819000005722,observed
44,46,596,0.21281446516513824,observed
44,46,597,0.18811577558517456,observed
44,46,598,0.1891980618238449,observed
44,46,599,0.19597747921943665,observed
44,46,600,0.22122612595558167,observed
44,46,601,0.2163805514574051,observed
44,46,602,0.22874242067337036,observed
44,46,603,0.2300570160150528,observed
44,46,604,0.19177868962287903,observed
44,46,605,0.21477828919887543,observed
44,46,606,0.22158916294574738,observed
44,46,607,0.19483347237110138,observed
44,46,608,0.2427319586277008,observed
44,46,609,0.26589861512184143,observed
44,46,610,0.20223897695541382,observed
44,46,611,0.18012863397598267,observed
44,46,612,0.20811976492404938,observed
44,46,613,0.5050584077835083,observed
44,46,614,0.21221762895584106,observed
44,46,615,0.18528145551681519,observed
44,46,616,0.19455382227897644,observed
44,46,617,0.20813052356243134,observed
44,46,618,0.2747487723827362,observed
44,46,619,0.21279187500476837,observed
44,46,620,0.1925542950630188,observed
44,46,621,0.20919670164585114,observed
44,46,622,0.2276730090379715,observed
44,46,623,0.1776406168937683,observed
44,46,624,0.21220535039901733,observed
44,46,625,0.7274438738822937,observed
44,46,626,0.22504958510398865,observed
44,46,627,0.26997074484825134,observed
44,46,628,0.21866098046302795,observed
44,46,629,0.19473473727703094,observed
44,46,630,0.23910555243492126,observed
44,46,631,0.2569856345653534,observed
44,46,632,0.22548574209213257,observed
44,46,633,0.25105684995651245,observed
44,46,634,0.28226491808891296,observed
44,46,635,0.22303949296474457,observed
44,46,636,0.31513556838035583,observed
44,46,637,0.18574440479278564,observed
44,46,638,0.2180642932653427,observed
44,46,639,0.20388025045394897,observed
44,46,640,0.20965370535850525,observed
44,46,641,0.23531918227672577,observed
44,46,642,0.1983465701341629,observed
44,46,643,0.21821194887161255,observed
44,46,644,0.22262680530548096,observed
44,46,645,0.2171914279460907,observed
44,46,646,0.2299942970275879,observed
44,46,647,0.21298524737358093,observed
44,46,648,0.21404695510864258,observed
44,46,649,0.20971322059631348,observed
44,46,650,0.2318660318851471,observed
44,46,651,0.1948377788066864,observed
44,46,652,0.6182044148445129,observed
44,46,653,0.21314947307109833,observed
44,46,654,0.22051341831684113,observed
44,46,655,0.2501997649669647,observed
44,46,656,0.1872132420539856,observed
44,46,657,0.19630201160907745,observed
44,46,658,0.2203041911125183,observed
44,46,659,0.17998696863651276,observed
44,46,660,0.2212940752506256,observed
44,46,661,0.19216880202293396,observed
44,46,662,0.19190441071987152,observed
44,46,663,0.19507792592048645,observed
44,46,664,0.21563610434532166,observed
44,46,665,0.19014781713485718,observed
44,46,666,0.1959553062915802,observed
44,46,667,0.18661607801914215,observed
44,46,668,0.24621783196926117,observed
44,46,669,0.2171279639005661,observed
44,46,670,0.255023330450058,observed
44,46,671,0.1986718475818634,observed
44,46,672,0.1888156682252884,observed
44,46,673,0.17859715223312378,observed
44,46,674,0.2746020555496216,observed
44,46,675,0.2221338450908661,observed
44,46,676,0.23970818519592285,observed
44,46,677,0.24431797862052917,observed
44,46,678,0.1917421668767929,observed
44,46,679,0.20684482157230377,observed
44,46,680,0.20109830796718597,observed
44,46,681,0.21901187300682068,observed
44,46,682,0.21035605669021606,observed
44,46,683,0.22346161305904388,observed
44,46,684,0.2507685720920563,observed
44,46,685,0.2287527173757553,observed
44,46,686,0.196189746260643,observed
44,46,687,0.2166164666414261,observed
44,46,688,0.6673656702041626,observed
44,46,689,0.19879622757434845,observed
44,46,690,0.23770570755004883,observed
44,46,691,0.232334703207016,observed
44,46,692,0.20242729783058167,observed
44,46,693,0.19317805767059326,observed
44,46,694,0.27373817563056946,observed
44,46,695,0.22392526268959045,observed
44,46,696,0.18945783376693726,observed
44,46,697,0.1879330277442932,observed
44,46,698,0.21717967092990875,observed
44,46,699,0.21221187710762024,observed
44,46,700,0.18565140664577484,observed
44,46,701,0.2085946649312973,observed
44,46,702,0.4000898599624634,observed
44,46,703,0.19961616396903992,observed
44,46,704,0.21289336681365967,observed
44,46,705,0.2253369688987732,observed
44,46,706,0.20554646849632263,observed
44,46,707,0.20798581838607788,observed
44,46,708,0.24083809554576874,observed
44,46,709,0.2741861939430237,observed
44,46,710,0.23258690536022186,observed
44,46,711,0.28840258717536926,observed
44,46,712,0.21676361560821533,observed
44,46,713,0.22702831029891968,observed
44,46,714,0.2082921713590622,observed
44,46,715,0.19248542189598083,observed
44,46,716,0.19829019904136658,observed
44,46,717,0.23021411895751953,observed
44,46,718,0.23861601948738098,observed
44,46,719,0.22306859493255615,observed
44,46,720,0.20451560616493225,observed
44,46,721,0.19586846232414246,observed
44,46,722,0.7569109201431274,observed
44,46,723,0.1927340030670166,observed
44,46,724,0.200081929564476,observed
44,46,725,0.18904203176498413,observed
44,46,726,0.24578030407428741,observed
44,46,727,0.21120290458202362,observed
44,46,728,0.26706814765930176,observed
44,46,729,0.18424758315086365,observed
44,46,730,0.18719056248664856,observed
44,46,731,0.20684875547885895,observed
44,46,732,0.20851477980613708,observed
44,46,733,0.19603101909160614,observed
44,46,734,0.22553010284900665,observed
44,46,735,0.2075226604938507,observed
44,46,736,0.22158539295196533,observed
44,46,737,0.21544325351715088,observed
44,46,738,0.19839666783809662,observed
44,46,739,0.213548943400383,observed
44,46,740,0.20794394612312317,observed
44,46,741,0.20201443135738373,observed
44,46,742,0.23407872021198273,observed
44,46,743,0.2405952513217926,observed
44,46,744,0.21483522653579712,observed
44,46,745,0.19375602900981903,observed
44,46,746,0.26491931080818176,observed
44,46,747,0.21294640004634857,observed
44,46,748,0.1944349706172943,observed
44,46,749,0.3502157926559448,observed
44,46,750,0.2381090521812439,observed
44,46,751,0.1953294575214386,observed
44,46,752,0.17752975225448608,observed
44,46,753,0.2212030589580536,observed
44,46,754,0.23436976969242096,observed
44,46,755,0.23628592491149902,observed
44,46,756,0.20786146819591522,observed
44,46,757,0.22309383749961853,observed
44,46,758,0.22604459524154663,observed
44,46,759,0.8090704083442688,observed
44,46,760,0.2113974243402481,observed
44,46,761,0.24375949800014496,observed
44,46,762,0.2633434236049652,observed
44,46,763,0.24146154522895813,observed
44,46,764,0.2162359654903412,observed
44,46,765,0.29052865505218506,observed
44,46,766,0.21575647592544556,observed
44,46,767,0.20411068201065063,observed
44,46,768,0.23421631753444672,observed
44,46,769,0.20638951659202576,observed
44,46,770,0.20529437065124512,observed
44,46,771,0.24643577635288239,observed
44,46,772,0.24877497553825378,observed
44,46,773,0.18141207098960876,observed
44,46,774,0.21683835983276367,observed
44,46,775,0.35016030073165894,observed
44,46,776,0.22656206786632538,observed
44,46,777,0.24836303293704987,observed
44,46,778,0.21094349026679993,observed
44,46,779,0.20716771483421326,observed
44,46,780,0.1963007003068924,observed
44,46,781,0.18147476017475128,observed
44,46,782,0.19239795207977295,observed
44,46,783,0.21024960279464722,observed
44,46,784,0.24751843512058258,observed
44,46,785,0.1980781853199005,observed
44,46,786,0.20135770738124847,observed
44,46,787,0.2165113091468811,observed
44,46,788,0.20061586797237396,observed
44,46,789,0.20756223797798157,observed
44,46,790,0.20229247212409973,observed
44,46,791,0.23079533874988556,observed
44,46,792,0.2602751553058624,observed
44,46,793,0.2240806668996811,observed
44,46,794,0.521397054195404,observed
44,46,795,0.2126346379518509,observed
44,46,796,0.2122422456741333,observed
44,46,797,0.25191304087638855,observed
44,46,798,0.22471997141838074,observed
44,46,799,0.3154292404651642,observed
44,46,800,0.21199709177017212,observed
44,46,801,0.22386212646961212,observed
44,46,802,0.19294773042201996,observed
44,46,803,0.1917063444852829,observed
44,46,804,0.19636505842208862,observed
44,46,805,0.25871118903160095,observed
44,46,806,0.4914993643760681,observed
44,46,807,0.21385295689105988,observed
44,46,808,0.20984052121639252,observed
44,46,809,0.2022755891084671,observed
44,46,810,0.595981240272522,observed
44,46,811,0.2123883068561554,observed
44,46,812,0.2127363234758377,observed
44,46,813,0.25481510162353516,observed
44,46,814,0.23928815126419067,observed
44,46,815,0.183672234416008,observed
44,46,816,0.24061627686023712,observed
44,46,817,0.21491681039333344,observed
44,46,818,0.19085346162319183,observed
44,46,819,0.22275619208812714,observed
44,46,820,0.23073503375053406,observed
44,46,821,0.1911282241344452,observed
44,46,822,0.2089526206254959,observed
44,46,823,0.19702337682247162,observed
44,46,824,0.19741758704185486,observed
44,46,825,0.2033383548259735,observed
44,46,826,0.23565588891506195,observed
44,46,827,0.25523364543914795,observed
44,46,828,0.2331688106060028,observed
44,46,829,0.21228796243667603,observed
44,46,830,0.20968662202358246,observed
44,46,831,0.19006219506263733,observed
44,46,832,0.20290860533714294,observed
44,46,833,0.21275153756141663,observed
44,46,834,0.20957732200622559,observed
44,46,835,0.20361045002937317,observed
44,46,836,0.20959603786468506,observed
44,46,837,0.2363392859697342,observed
44,46,838,0.19102619588375092,observed
44,46,839,0.20846858620643616,observed
44,46,840,0.2297070324420929,observed
44,46,841,0.22413404285907745,observed
44,46,842,0.22026193141937256,observed
44,46,843,0.24039031565189362,observed
44,46,844,0.22944395244121552,observed
44,46,845,0.23264366388320923,observed
44,46,846,0.23680219054222107,observed
44,46,847,0.20615512132644653,observed
44,46,848,0.22456008195877075,observed
44,46,849,0.21238242089748383,observed
44,46,850,0.22407777607440948,observed
44,46,851,0.21889981627464294,observed
44,46,852,0.2431841492652893,observed
44,46,853,0.2115316092967987,observed
44,46,854,0.1860867440700531,observed
44,46,855,0.1930651217699051,observed
44,46,856,0.19204109907150269,observed
44,46,857,0.22556281089782715,observed
44,46,858,0.20410996675491333,observed
44,46,859,0.27618905901908875,observed
44,46,860,0.20795071125030518,observed
44,46,861,0.2384588122367859,observed
44,46,862,0.24535579979419708,observed
44,46,863,0.24046440422534943,observed
44,46,864,0.23415230214595795,observed
44,46,865,0.21070337295532227,observed
44,46,866,0.21166089177131653,observed
44,46,867,0.2046722173690796,observed
44,46,868,0.18295873701572418,observed
44,46,869,0.2975970208644867,observed
44,46,870,0.2379397749900818,observed
44,46,871,0.22336886823177338,observed
44,46,872,0.19398073852062225,observed
44,46,873,0.21274493634700775,observed
44,46,874,0.19889672100543976,observed
44,46,875,0.834231972694397,observed
44,46,876,0.19944848120212555,observed
44,46,877,0.24647606909275055,observed
44,46,878,0.21176786720752716,observed
44,46,879,0.21331137418746948,observed
44,46,880,0.2327219694852829,observed
44,46,881,0.24346353113651276,observed
44,46,882,0.18515987694263458,observed
44,46,883,0.23776762187480927,observed
44,46,884,0.24054785072803497,observed
44,46,885,0.213532954454422,observed
44,46,886,0.22972796857357025,observed
44,46,887,0.20006851851940155,observed
44,46,888,0.18780095875263214,observed
44,46,889,0.21733886003494263,observed
44,46,890,0.19999800622463226,observed
44,46,891,0.18674087524414062,observed
44,46,892,0.1947232335805893,observed
44,46,893,0.21018342673778534,observed
44,46,894,0.1730702966451645,observed
44,46,895,0.19974574446678162,observed
44,46,896,0.19738994538784027,observed
44,46,897,0.21603433787822723,observed
44,46,898,0.18651700019836426,observed
44,46,899,0.2356901913881302,observed
44,46,900,0.230732262134552,observed
44,46,901,0.21878978610038757,observed
44,46,902,0.21952463686466217,observed
44,46,903,0.2075079083442688,observed
44,46,904,0.23996546864509583,observed
44,46,905,0.21267759799957275,observed
44,46,906,0.22158882021903992,observed
44,46,907,0.23764601349830627,observed
44,46,908,0.22368694841861725,observed
44,46,909,0.17104576528072357,observed
44,46,910,0.1801934689283371,observed
44,46,911,0.22299598157405853,observed
44,46,912,0.18784858286380768,observed
44,46,913,0.3249628245830536,observed
44,46,914,0.20916396379470825,observed
44,46,915,0.2202044129371643,observed
44,46,916,0.1982068121433258,observed
44,46,917,0.2322796881198883,observed
44,46,918,0.26313018798828125,observed
44,46,919,0.23299077153205872,observed
44,46,920,0.19850385189056396,observed
44,46,921,0.21147727966308594,observed
44,46,922,0.20471669733524323,observed
44,46,923,0.21703419089317322,observed
44,46,924,0.2061644196510315,observed
44,46,925,0.20396453142166138,observed
44,46,926,0.20820428431034088,observed
44,46,927,0.23638054728507996,observed
44,46,928,0.2129976749420166,observed
44,46,929,0.23076798021793365,observed
44,46,930,0.18086028099060059,observed
44,46,931,0.22391146421432495,observed
44,46,932,0.19239512085914612,observed
44,46,933,0.1946732997894287,observed
44,46,934,0.19897876679897308,observed
44,46,935,0.20888164639472961,observed
44,46,936,0.38185274600982666,observed
44,46,937,0.22305338084697723,observed
44,46,938,0.212991863489151,observed
44,46,939,0.2283959984779358,observed
44,46,940,0.4359699785709381,observed
44,46,941,0.22695009410381317,observed
44,46,942,0.23223108053207397,observed
44,46,943,0.2015017867088318,observed
44,46,944,0.20529279112815857,observed
44,46,945,0.2072620540857315,observed
44,46,946,0.2111048698425293,observed
44,46,947,0.2185940444469452,observed
44,46,948,0.22248098254203796,observed
44,46,949,0.20537179708480835,observed
44,46,950,0.19345532357692719,observed
44,46,951,0.2236456274986267,observed
44,46,952,0.46383941173553467,observed
44,46,953,0.23153993487358093,observed
44,46,954,0.2209802269935608,observed
44,46,955,0.22425100207328796,observed
44,46,956,0.7018734216690063,observed
44,46,957,0.5843753218650818,observed
44,46,958,0.2054927945137024,observed
44,46,959,0.21448445320129395,observed
44,46,960,0.2063232958316803,observed
44,46,961,0.23949278891086578,observed
44,46,962,0.2342759370803833,observed
44,46,963,0.19645045697689056,observed
44,46,964,0.20220039784908295,observed
44,46,965,0.23929210007190704,observed
44,46,966,0.21658113598823547,observed
44,46,967,0.2007545381784439,observed
44,46,968,0.2102591097354889,observed
44,46,969,0.20344385504722595,observed
44,46,970,0.24748370051383972,observed
44,46,971,0.22998850047588348,observed
44,46,972,0.2302621454000473,observed
44,46,973,0.21568752825260162,observed
44,46,974,0.21053823828697205,observed
44,46,975,0.21576988697052002,observed
44,46,976,0.19605223834514618,observed
44,46,977,0.21232452988624573,observed
44,46,978,0.2608714699745178,observed
44,46,979,0.2259000688791275,observed
44,46,980,0.19722023606300354,observed
44,46,981,0.24941056966781616,observed
44,46,982,0.22637532651424408,observed
44,46,983,0.2821583151817322,observed
44,46,984,0.29576659202575684,observed
44,46,985,0.37063124775886536,observed
44,46,986,0.361935019493103,observed
44,46,987,0.18819768726825714,observed
44,46,988,0.18840283155441284,observed
44,46,989,0.17988619208335876,observed
44,46,990,0.23083479702472687,observed
44,46,991,0.207696795463562,observed
44,46,992,0.1994340717792511,observed
44,46,993,0.20144371688365936,observed
44,46,994,0.19883854687213898,observed
44,46,995,0.19321539998054504,observed
44,46,996,0.2270561158657074,observed
44,46,997,0.21414154767990112,observed
44,46,998,0.6602305769920349,observed
44,46,999,0.24560607969760895,observed
44,46,1000,0.20623643696308136,observed
44,46,1001,0.1903144270181656,observed
44,46,1002,0.24964088201522827,observed
44,46,1003,0.23127803206443787,observed
44,46,1004,0.23791733384132385,observed
44,46,1005,0.2173755019903183,observed
44,46,1006,0.2304076999425888,observed
44,46,1007,0.5165910124778748,observed
44,46,1008,0.2263929694890976,observed
44,46,1009,0.2505534589290619,observed
44,46,1010,0.20710720121860504,observed
44,46,1011,0.19116108119487762,observed
44,46,1012,0.213322713971138,observed
44,46,1013,0.21535570919513702,observed
44,46,1014,0.2165771871805191,observed
44,46,1015,0.19865970313549042,observed
44,46,1016,0.22131793200969696,observed
44,46,1017,0.23329666256904602,observed
44,46,1018,0.1847633719444275,observed
44,46,1019,0.20626120269298553,observed
44,46,1020,0.18020081520080566,observed
44,46,1021,0.21260122954845428,observed
44,46,1022,0.1907285898923874,observed
44,46,1023,0.22598794102668762,observed
45,46,0,0.19708199799060822,observed
45,46,1,0.2110566347837448,observed
45,46,2,0.21384115517139435,observed
45,46,3,0.20953108370304108,observed
45,46,4,0.22635672986507416,observed
45,46,5,0.22381624579429626,observed
45,46,6,0.18256451189517975,observed
45,46,7,0.25218114256858826,observed
45,46,8,0.21589459478855133,observed
45,46,9,0.21770372986793518,observed
45,46,10,0.21829013526439667,observed
45,46,11,0.2117205411195755,observed
45,46,12,0.23448415100574493,observed
45,46,13,0.2252122163772583,observed
45,46,14,0.23120884597301483,observed
45,46,15,0.20064851641654968,observed
45,46,16,0.2210443615913391,observed
45,46,17,0.20342639088630676,observed
45,46,18,0.19151295721530914,observed
45,46,19,0.19993454217910767,observed
45,46,20,0.19721588492393494,observed
45,46,21,0.21228758990764618,observed
45,46,22,0.19617252051830292,observed
45,46,23,0.24521417915821075,observed
45,46,24,0.20055514574050903,observed
45,46,25,0.2431270182132721,observed
45,46,26,0.2826184630393982,observed
45,46,27,0.27870821952819824,observed
45,46,28,0.22893254458904266,observed
45,46,29,0.21780215203762054,observed
45,46,30,0.22994713485240936,observed
45,46,31,0.24713771045207977,observed
45,46,32,0.20478059351444244,observed
45,46,33,0.2245035022497177,observed
45,46,34,0.2168821394443512,observed
45,46,35,0.20562922954559326,observed
45,46,36,0.2278071939945221,observed
45,46,37,0.20535099506378174,observed
45,46,38,0.23345941305160522,observed
45,46,39,0.3462275564670563,observed
45,46,40,0.1957634538412094,observed
45,46,41,0.2196972817182541,observed
45,46,42,0.22190861403942108,observed
45,46,43,0.20590931177139282,observed
45,46,44,0.21404039859771729,observed
45,46,45,0.23406611382961273,observed
45,46,46,0.22891966998577118,observed
45,46,47,0.22316431999206543,observed
45,46,48,0.214628204703331,observed
45,46,49,0.23597274720668793,observed
45,46,50,0.21072086691856384,observed
45,46,51,0.23065437376499176,observed
45,46,52,0.22006404399871826,observed
45,46,53,0.20130212604999542,observed
45,46,54,0.23977011442184448,observed
45,46,55,0.18960371613502502,observed
45,46,56,0.21160922944545746,observed
45,46,57,0.2596036195755005,observed
45,46,58,0.2511673867702484,observed
45,46,59,0.22132042050361633,observed
45,46,60,0.2422839254140854,observed
45,46,61,0.19096994400024414,observed
45,46,62,0.20305567979812622,observed
45,46,63,0.1957637518644333,observed
45,46,64,0.19456824660301208,observed
45,46,65,0.3022419512271881,observed
45,46,66,0.24814896285533905,observed
45,46,67,0.20392170548439026,observed
45,46,68,0.20632438361644745,observed
45,46,69,0.2187165468931198,observed
45,46,70,0.22964444756507874,observed
45,46,71,0.23869353532791138,observed
45,46,72,0.19755303859710693,observed
45,46,73,0.1912582367658615,observed
45,46,74,0.21608488261699677,observed
45,46,75,0.20750778913497925,observed
45,46,76,0.194369837641716,observed
45,46,77,0.21623419225215912,observed
45,46,78,0.23768076300621033,observed
45,46,79,0.22200237214565277,observed
45,46,80,0.21204230189323425,observed
45,46,81,0.2381521314382553,observed
45,46,82,0.17743895947933197,observed
45,46,83,0.1961287409067154,observed
45,46,84,0.2079220414161682,observed
45,46,85,0.19271214306354523,observed
45,46,86,0.3975197672843933,observed
45,46,87,0.23056618869304657,observed
45,46,88,0.19195003807544708,observed
45,46,89,0.2215561717748642,observed
45,46,90,0.24221794307231903,observed
45,46,91,0.20901213586330414,observed
45,46,92,0.21697834134101868,observed
45,46,93,0.20672976970672607,observed
45,46,94,0.22023066878318787,observed
45,46,95,0.3824425935745239,observed
45,46,96,0.21401287615299225,observed
45,46,97,0.2700153589248657,observed
45,46,98,0.19750754535198212,observed
45,46,99,0.19621656835079193,observed
45,46,100,0.20826014876365662,observed
45,46,101,0.26055267453193665,observed
45,46,102,0.21343058347702026,observed
45,46,103,0.27910953760147095,observed
45,46,104,0.19316241145133972,observed
45,46,105,0.5354955196380615,observed
45,46,106,0.26317116618156433,observed
45,46,107,0.2192869782447815,observed
45,46,108,0.17725391685962677,observed
45,46,109,0.21523535251617432,observed
45,46,110,0.21758155524730682,observed
45,46,111,0.19214528799057007,observed
45,46,112,0.22911430895328522,observed
45,46,113,0.2372117042541504,observed
45,46,114,0.2260139286518097,observed
45,46,115,0.2236090451478958,observed
45,46,116,0.22318430244922638,observed
45,46,117,0.2193223387002945,observed
45,46,118,0.2349393218755722,observed
45,46,119,0.2243819534778595,observed
45,46,120,0.21042649447917938,observed
45,46,121,0.20322632789611816,observed
45,46,122,0.4739350378513336,observed
45,46,123,0.23670414090156555,observed
45,46,124,0.2605515122413635,observed
45,46,125,0.18250782787799835,observed
45,46,126,0.24740125238895416,observed
45,46,127,0.22721463441848755,observed
45,46,128,0.21341563761234283,observed
45,46,129,0.21325993537902832,observed
45,46,130,0.18201859295368195,observed
45,46,131,0.20858514308929443,observed
45,46,132,0.23824597895145416,observed
45,46,133,0.5913722515106201,observed
45,46,134,0.20708517730236053,observed
45,46,135,0.20196430385112762,observed
45,46,136,0.20454923808574677,observed
45,46,137,0.22096577286720276,observed
45,46,138,0.2128746062517166,observed
45,46,139,0.19154827296733856,observed
45,46,140,0.1958932876586914,observed
45,46,141,0.23598916828632355,observed
45,46,142,0.23241914808750153,observed
45,46,143,0.20173288881778717,observed
45,46,144,0.2322434037923813,observed
45,46,145,0.22749245166778564,observed
45,46,146,0.21239982545375824,observed
45,46,147,0.20371966063976288,observed
45,46,148,0.20102575421333313,observed
45,46,149,0.3222814202308655,observed
45,46,150,0.2693844139575958,observed
45,46,151,0.2361139953136444,observed
45,46,152,0.1973959505558014,observed
45,46,153,0.21659033000469208,observed
45,46,154,0.19709081947803497,observed
45,46,155,0.22171422839164734,observed
45,46,156,0.21845486760139465,observed
45,46,157,0.1888105571269989,observed
45,46,158,0.22413890063762665,observed
45,46,159,0.22463853657245636,observed
45,46,160,0.28378981351852417,observed
45,46,161,0.1836685836315155,observed
45,46,162,0.21553725004196167,observed
45,46,163,0.2391349822282791,observed
45,46,164,0.23119992017745972,observed
45,46,165,0.2194606512784958,observed
45,46,166,0.20772157609462738,observed
45,46,167,0.19702918827533722,observed
45,46,168,0.21239206194877625,observed
45,46,169,0.22569455206394196,observed
45,46,170,0.21237659454345703,observed
45,46,171,0.22611083090305328,observed
45,46,172,0.2338787019252777,observed
45,46,173,0.20485804975032806,observed
45,46,174,0.23203672468662262,observed
45,46,175,0.22085197269916534,observed
45,46,176,0.19631370902061462,observed
45,46,177,0.20072492957115173,observed
45,46,178,0.7325283288955688,observed
45,46,179,0.1866374909877777,observed
45,46,180,0.27096644043922424,observed
45,46,181,0.2344653159379959,observed
45,46,182,0.22275833785533905,observed
45,46,183,0.1994256228208542,observed
45,46,184,0.20955930650234222,observed
45,46,185,0.22307558357715607,observed
45,46,186,0.21846942603588104,observed
45,46,187,0.5853020548820496,observed
45,46,188,0.21908524632453918,observed
45,46,189,0.19435647130012512,observed
45,46,190,0.20745669305324554,observed
45,46,191,0.21404381096363068,observed
45,46,192,0.2625378370285034,observed
45,46,193,0.24850498139858246,observed
45,46,194,0.25104302167892456,observed
45,46,195,0.22510915994644165,observed
45,46,196,0.20854036509990692,observed
45,46,197,0.22356395423412323,observed
45,46,198,0.1976352334022522,observed
45,46,199,0.20721684396266937,observed
45,46,200,0.24166515469551086,observed
45,46,201,0.26539888978004456,observed
45,46,202,0.22704166173934937,observed
45,46,203,0.20989885926246643,observed
45,46,204,0.24452395737171173,observed
45,46,205,0.22374168038368225,observed
45,46,206,0.19407851994037628,observed
45,46,207,0.17992496490478516,observed
45,46,208,0.2191307246685028,observed
45,46,209,0.19489382207393646,observed
45,46,210,0.20462334156036377,observed
45,46,211,0.1972969025373459,observed
45,46,212,0.20071730017662048,observed
45,46,213,0.3729313313961029,observed
45,46,214,0.2539199888706207,observed
45,46,215,0.2434159368276596,observed
45,46,216,0.2601032555103302,observed
45,46,217,0.18718431890010834,observed
45,46,218,0.24726971983909607,observed
45,46,219,0.25722381472587585,observed
45,46,220,0.2044830173254013,observed
45,46,221,0.21789461374282837,observed
45,46,222,0.2257223278284073,observed
45,46,223,0.23229502141475677,observed
45,46,224,0.4967341125011444,observed
45,46,225,0.205948606133461,observed
45,46,226,0.23100627958774567,observed
45,46,227,0.19758281111717224,observed
45,46,228,0.21414436399936676,observed
45,46,229,0.19776490330696106,observed
45,46,230,0.1795879453420639,observed
45,46,231,0.22214201092720032,observed
45,46,232,0.20332330465316772,observed
45,46,233,0.2048964947462082,observed
45,46,234,0.21960537135601044,observed
45,46,235,0.2018309384584427,observed
45,46,236,0.28964805603027344,observed
45,46,237,0.20952542126178741,observed
45,46,238,0.22382859885692596,observed
45,46,239,0.23127295076847076,observed
45,46,240,0.7994906306266785,observed
45,46,241,0.3191787898540497,observed
45,46,242,0.2075171321630478,observed
45,46,243,0.2011328935623169,observed
45,46,244,0.18802320957183838,observed
45,46,245,0.24146415293216705,observed
45,46,246,0.8459568619728088,observed
45,46,247,0.22041070461273193,observed
45,46,248,0.20243215560913086,observed
45,46,249,0.19679315388202667,observed
45,46,250,0.2203807532787323,observed
45,46,251,0.24367274343967438,observed
45,46,252,0.20636963844299316,observed
45,46,253,0.30133944749832153,observed
45,46,254,0.18820993602275848,observed
45,46,255,0.2168685644865036,observed
45,46,256,0.21563881635665894,observed
45,46,257,0.21668441593647003,observed
45,46,258,0.21656851470470428,observed
45,46,259,0.19949986040592194,observed
45,46,260,0.21233853697776794,observed
45,46,261,0.19902874529361725,observed
45,46,262,0.19737611711025238,observed
45,46,263,0.17188185453414917,observed
45,46,264,0.21822726726531982,observed
45,46,265,0.20856431126594543,observed
45,46,266,0.17543518543243408,observed
45,46,267,0.21497021615505219,observed
45,46,268,0.2892856299877167,observed
45,46,269,0.8569179177284241,observed
45,46,270,0.24054864048957825,observed
45,46,271,0.19644959270954132,observed
45,46,272,0.20320115983486176,observed
45,46,273,0.1856350153684616,observed
45,46,274,0.19016684591770172,observed
45,46,275,0.4401600956916809,observed
45,46,276,0.22237607836723328,observed
45,46,277,0.20611312985420227,observed
45,46,278,0.22409479320049286,observed
45,46,279,0.19714339077472687,observed
45,46,280,0.23487897217273712,observed
45,46,281,0.20406436920166016,observed
45,46,282,0.2139560580253601,observed
45,46,283,0.2541520893573761,observed
45,46,284,0.1983441710472107,observed
45,46,285,0.21866022050380707,observed
45,46,286,0.26069939136505127,observed
45,46,287,0.20475807785987854,observed
45,46,288,0.2219064086675644,observed
45,46,289,0.3290553092956543,observed
45,46,290,0.22033917903900146,observed
45,46,291,0.20914864540100098,observed
45,46,292,0.203133687376976,observed
45,46,293,0.1990242451429367,observed
45,46,294,0.2690751850605011,observed
45,46,295,0.2114739567041397,observed
45,46,296,0.19861726462841034,observed
45,46,297,0.2562505006790161,observed
45,46,298,0.18496611714363098,observed
45,46,299,0.2198234498500824,observed
45,46,300,0.24411551654338837,observed
45,46,301,0.19069184362888336,observed
45,46,302,0.2107444405555725,observed
45,46,303,0.22529858350753784,observed
45,46,304,0.2582159638404846,observed
45,46,305,0.8678556084632874,observed
45,46,306,0.36120352149009705,observed
45,46,307,0.21130898594856262,observed
45,46,308,0.2344529777765274,observed
45,46,309,0.21977023780345917,observed
45,46,310,0.2073468714952469,observed
45,46,311,0.18957901000976562,observed
45,46,312,0.19862118363380432,observed
45,46,313,0.20830966532230377,observed
45,46,314,0.2168869823217392,observed
45,46,315,0.18668560683727264,observed
45,46,316,0.2187328338623047,observed
45,46,317,0.45847654342651367,observed
45,46,318,0.1990010291337967,observed
45,46,319,0.23946641385555267,observed
45,46,320,0.18246008455753326,observed
45,46,321,0.22807195782661438,observed
45,46,322,0.20787052810192108,observed
45,46,323,0.2289160043001175,observed
45,46,324,0.17628365755081177,observed
45,46,325,0.1985088735818863,observed
45,46,326,0.21637441217899323,observed
45,46,327,0.21151261031627655,observed
45,46,328,0.19044989347457886,observed
45,46,329,0.23079748451709747,observed
45,46,330,0.22624140977859497,observed
45,46,331,0.1920902281999588,observed
45,46,332,0.22811011970043182,observed
45,46,333,0.27197137475013733,observed
45,46,334,0.2072392851114273,observed
45,46,335,0.5538902878761292,observed
45,46,336,0.20081448554992676,observed
45,46,337,0.203461691737175,observed
45,46,338,0.17389583587646484,observed
45,46,339,0.20745526254177094,observed
45,46,340,0.2440028339624405,observed
45,46,341,0.23367995023727417,observed
45,46,342,0.20397385954856873,observed
45,46,343,0.23900817334651947,observed
45,46,344,0.2399725615978241,observed
45,46,345,0.2567156255245209,observed
45,46,346,0.19757385551929474,observed
45,46,347,0.19995248317718506,observed
45,46,348,0.21067556738853455,observed
45,46,349,0.19720332324504852,observed
45,46,350,0.23236946761608124,observed
45,46,351,0.21025146543979645,observed
45,46,352,0.21398749947547913,observed
45,46,353,0.23572702705860138,observed
45,46,354,0.21846263110637665,observed
45,46,355,0.26033180952072144,observed
45,46,356,0.19624988734722137,observed
45,46,357,0.1838039755821228,observed
45,46,358,0.19592627882957458,observed
45,46,359,0.2299826443195343,observed
45,46,360,0.23821187019348145,observed
45,46,361,0.20083017647266388,observed
45,46,362,0.20418384671211243,observed
45,46,363,0.2261054962873459,observed
45,46,364,0.25462010502815247,observed
45,46,365,0.19340470433235168,observed
45,46,366,0.19208286702632904,observed
45,46,367,0.2394006848335266,observed
45,46,368,0.22785481810569763,observed
45,46,369,0.22993071377277374,observed
45,46,370,0.1788669377565384,observed
45,46,371,0.2151317596435547,observed
45,46,372,0.2271643429994583,observed
45,46,373,0.18742406368255615,observed
45,46,374,0.22062529623508453,observed
45,46,375,0.21764516830444336,observed
45,46,376,0.21287021040916443,observed
45,46,377,0.20996613800525665,observed
45,46,378,0.21173179149627686,observed
45,46,379,0.21377956867218018,observed
45,46,380,0.20965036749839783,observed
45,46,381,0.21742689609527588,observed
45,46,382,0.21233704686164856,observed
45,46,383,0.24572855234146118,observed
45,46,384,0.19918403029441833,observed
45,46,385,0.19688352942466736,observed
45,46,386,0.22570329904556274,observed
45,46,387,0.3379911482334137,observed
45,46,388,0.21113313734531403,observed
45,46,389,0.1849161833524704,observed
45,46,390,0.26835599541664124,observed
45,46,391,0.20886914432048798,observed
45,46,392,0.2828928530216217,observed
45,46,393,0.23255674540996552,observed
45,46,394,0.7076663970947266,observed
45,46,395,0.3606528639793396,observed
45,46,396,0.20153366029262543,observed
45,46,397,0.2033681571483612,observed
45,46,398,0.20334823429584503,observed
45,46,399,0.204790860414505,observed
45,46,400,0.24729357659816742,observed
45,46,401,0.23304101824760437,observed
45,46,402,0.5693435072898865,observed
45,46,403,0.22541724145412445,observed
45,46,404,0.5999144911766052,observed
45,46,405,0.24290411174297333,observed
45,46,406,0.2829630970954895,observed
45,46,407,0.18733377754688263,observed
45,46,408,0.22470076382160187,observed
45,46,409,0.2640220522880554,observed
45,46,410,0.21282079815864563,observed
45,46,411,0.19513270258903503,observed
45,46,412,0.25656992197036743,observed
45,46,413,0.20142947137355804,observed
45,46,414,0.24983438849449158,observed
45,46,415,0.35887134075164795,observed
45,46,416,0.22205953299999237,observed
45,46,417,0.6328625679016113,observed
45,46,418,0.6114941835403442,observed
45,46,419,0.21847808361053467,observed
45,46,420,0.22634820640087128,observed
45,46,421,0.21749743819236755,observed
45,46,422,0.23396871984004974,observed
45,46,423,0.22745178639888763,observed
45,46,424,0.2426929771900177,observed
45,46,425,0.18480734527111053,observed
45,46,426,0.2274647206068039,observed
45,46,427,0.2198687344789505,observed
45,46,428,0.28729644417762756,observed
45,46,429,0.22775346040725708,observed
45,46,430,0.2040603905916214,observed
45,46,431,0.23975937068462372,observed
45,46,432,0.2380445897579193,observed
45,46,433,0.2387908697128296,observed
45,46,434,0.27369216084480286,observed
45,46,435,0.2247447669506073,observed
45,46,436,0.5120076537132263,observed
45,46,437,0.2521856725215912,observed
45,46,438,0.19971701502799988,observed
45,46,439,0.187128946185112,observed
45,46,440,0.19261710345745087,observed
45,46,441,0.2180456817150116,observed
45,46,442,0.2452988177537918,observed
45,46,443,0.2007264643907547,observed
45,46,444,0.1909628063440323,observed
45,46,445,0.2075881063938141,observed
45,46,446,0.21675467491149902,observed
45,46,447,0.441755473613739,observed
45,46,448,0.26108312606811523,observed
45,46,449,0.1937316209077835,observed
45,46,450,0.2659624516963959,observed
45,46,451,0.22051356732845306,observed
45,46,452,0.2083408087491989,observed
45,46,453,0.23353926837444305,observed
45,46,454,0.1965426802635193,observed
45,46,455,0.19999797642230988,observed
45,46,456,0.20471839606761932,observed
45,46,457,0.23020531237125397,observed
45,46,458,0.20938073098659515,observed
45,46,459,0.20426681637763977,observed
45,46,460,0.23087367415428162,observed
45,46,461,0.22574728727340698,observed
45,46,462,0.1882709413766861,observed
45,46,463,0.1989593356847763,observed
45,46,464,0.2270974963903427,observed
45,46,465,0.22909106314182281,observed
45,46,466,0.6691931486129761,observed
45,46,467,0.23167110979557037,observed
45,46,468,0.20598547160625458,observed
45,46,469,0.6333767175674438,observed
45,46,470,0.3068419098854065,observed
45,46,471,0.2580392062664032,observed
45,46,472,0.19894352555274963,observed
45,46,473,0.6001672148704529,observed
45,46,474,0.21342703700065613,observed
45,46,475,0.20722709596157074,observed
45,46,476,0.20605263113975525,observed
45,46,477,0.27266669273376465,observed
45,46,478,0.22025159001350403,observed
45,46,479,0.1950797587633133,observed
45,46,480,0.18986162543296814,observed
45,46,481,0.38742873072624207,observed
45,46,482,0.31178709864616394,observed
45,46,483,0.20116150379180908,observed
45,46,484,0.22175578773021698,observed
45,46,485,0.22690629959106445,observed
45,46,486,0.1886768639087677,observed
45,46,487,0.2095528542995453,observed
45,46,488,0.2351863533258438,observed
45,46,489,0.6244807839393616,observed
45,46,490,0.2096974104642868,observed
45,46,491,0.22487758100032806,observed
45,46,492,0.21238787472248077,observed
45,46,493,0.21742622554302216,observed
45,46,494,0.25588634610176086,observed
45,46,495,0.21580666303634644,observed
45,46,496,0.20113791525363922,observed
45,46,497,0.2036232203245163,observed
45,46,498,0.506966769695282,observed
45,46,499,0.22808226943016052,observed
45,46,500,0.21917594969272614,observed
45,46,501,0.38155651092529297,observed
45,46,502,0.2633744180202484,observed
45,46,503,0.1934920698404312,observed
45,46,504,0.2917023003101349,observed
45,46,505,0.2041996568441391,observed
45,46,506,0.2051754742860794,observed
45,46,507,0.2182014286518097,observed
45,46,508,0.23776313662528992,observed
45,46,509,0.20378538966178894,observed
45,46,510,0.20230194926261902,observed
45,46,511,0.21590948104858398,observed
45,46,512,0.17079389095306396,observed
45,46,513,0.215825155377388,observed
45,46,514,0.193948894739151,observed
45,46,515,0.22176741063594818,observed
45,46,516,0.190616175532341,observed
45,46,517,0.18077945709228516,observed
45,46,518,0.21520577371120453,observed
45,46,519,0.2683073878288269,observed
45,46,520,0.2161778211593628,observed
45,46,521,0.20963412523269653,observed
45,46,522,0.21933308243751526,observed
45,46,523,0.22545039653778076,observed
45,46,524,0.1987578123807907,observed
45,46,525,0.2410835474729538,observed
45,46,526,0.2352180927991867,observed
45,46,527,0.23147083818912506,observed
45,46,528,0.23554755747318268,observed
45,46,529,0.20541556179523468,observed
45,46,530,0.22032921016216278,observed
45,46,531,0.19512000679969788,observed
45,46,532,0.2092542052268982,observed
45,46,533,0.21606126427650452,observed
45,46,534,0.4067009687423706,observed
45,46,535,0.18352356553077698,observed
45,46,536,0.222482368350029,observed
45,46,537,0.2125794142484665,observed
45,46,538,0.18850645422935486,observed
45,46,539,0.20206834375858307,observed
45,46,540,0.1995474249124527,observed
45,46,541,0.1944967657327652,observed
45,46,542,0.21081027388572693,observed
45,46,543,0.5900377035140991,observed
45,46,544,0.23270361125469208,observed
45,46,545,0.179829403758049,observed
45,46,546,0.2130703181028366,observed
45,46,547,0.20386150479316711,observed
45,46,548,0.36544063687324524,observed
45,46,549,0.229953795671463,observed
45,46,550,0.1833922415971756,observed
45,46,551,0.2136414796113968,observed
45,46,552,0.1906898468732834,observed
45,46,553,0.22085629403591156,observed
45,46,554,0.2517377436161041,observed
45,46,555,0.2795024514198303,observed
45,46,556,0.22018028795719147,observed
45,46,557,0.20263606309890747,observed
45,46,558,0.3978770971298218,observed
45,46,559,0.7793567180633545,observed
45,46,560,0.19843965768814087,observed
45,46,561,0.2347855120897293,observed
45,46,562,0.4350471496582031,observed
45,46,563,0.2503616213798523,observed
45,46,564,0.48342567682266235,observed
45,46,565,0.20610997080802917,observed
45,46,566,0.224423348903656,observed
45,46,567,0.22511056065559387,observed
45,46,568,0.19329331815242767,observed
45,46,569,0.22469986975193024,observed
45,46,570,0.2061874121427536,observed
45,46,571,0.1944975107908249,observed
45,46,572,0.21314409375190735,observed
45,46,573,0.20265252888202667,observed
45,46,574,0.22753915190696716,observed
45,46,575,0.21595199406147003,observed
45,46,576,0.1915440708398819,observed
45,46,577,0.20413953065872192,observed
45,46,578,0.19151534140110016,observed
45,46,579,0.5950574278831482,observed
45,46,580,0.21210113167762756,observed
45,46,581,0.4401679039001465,observed
45,46,582,0.2068665325641632,observed
45,46,583,0.22032004594802856,observed
45,46,584,0.23510071635246277,observed
45,46,585,0.17978638410568237,observed
45,46,586,0.21623757481575012,observed
45,46,587,0.23263581097126007,observed
45,46,588,0.19321173429489136,observed
45,46,589,0.2771529257297516,observed
45,46,590,0.2745686173439026,observed
45,46,591,0.20853783190250397,observed
45,46,592,0.20951277017593384,observed
45,46,593,0.20986267924308777,observed
45,46,594,0.23243391513824463,observed
45,46,595,0.21406371891498566,observed
45,46,596,0.19509899616241455,observed
45,46,597,0.18647833168506622,observed
45,46,598,0.21394139528274536,observed
45,46,599,0.2060660868883133,observed
45,46,600,0.23237915337085724,observed
45,46,601,0.2241620123386383,observed
45,46,602,0.20506343245506287,observed
45,46,603,0.1859450787305832,observed
45,46,604,0.21990223228931427,observed
45,46,605,0.4110962450504303,observed
45,46,606,0.2048901915550232,observed
45,46,607,0.19572646915912628,observed
45,46,608,0.20413580536842346,observed
45,46,609,0.2224191278219223,observed
45,46,610,0.20277507603168488,observed
45,46,611,0.19370289146900177,observed
45,46,612,0.2498280107975006,observed
45,46,613,0.22971534729003906,observed
45,46,614,0.20930884778499603,observed
45,46,615,0.21520951390266418,observed
45,46,616,0.21853117644786835,observed
45,46,617,0.2303958237171173,observed
45,46,618,0.22316354513168335,observed
45,46,619,0.2199331670999527,observed
45,46,620,0.2134094536304474,observed
45,46,621,0.1900055706501007,observed
45,46,622,0.20170384645462036,observed
45,46,623,0.1843777447938919,observed
45,46,624,0.21941161155700684,observed
45,46,625,0.23485669493675232,observed
45,46,626,0.24300917983055115,observed
45,46,627,0.19791807234287262,observed
45,46,628,0.20117807388305664,observed
45,46,629,0.2214386761188507,observed
45,46,630,0.202579066157341,observed
45,46,631,0.25005635619163513,observed
45,46,632,0.2081068605184555,observed
45,46,633,0.1979188323020935,observed
45,46,634,0.17535634338855743,observed
45,46,635,0.49261969327926636,observed
45,46,636,0.19332914054393768,observed
45,46,637,0.22060024738311768,observed
45,46,638,0.20077623426914215,observed
45,46,639,0.22568988800048828,observed
45,46,640,0.1975678950548172,observed
45,46,641,0.2096976339817047,observed
45,46,642,0.23785437643527985,observed
45,46,643,0.5213993191719055,observed
45,46,644,0.2612426280975342,observed
45,46,645,0.20678071677684784,observed
45,46,646,0.24968880414962769,observed
45,46,647,0.20881660282611847,observed
45,46,648,0.20151837170124054,observed
45,46,649,0.20625874400138855,observed
45,46,650,0.21940623223781586,observed
45,46,651,0.2179337441921234,observed
45,46,652,0.23445260524749756,observed
45,46,653,0.2161482870578766,observed
45,46,654,0.26866376399993896,observed
45,46,655,0.2058134526014328,observed
45,46,656,0.20451897382736206,observed
45,46,657,0.20955538749694824,observed
45,46,658,0.18876518309116364,observed
45,46,659,0.1985662579536438,observed
45,46,660,0.1841859519481659,observed
45,46,661,0.20951983332633972,observed
45,46,662,0.23161250352859497,observed
45,46,663,0.23611097037792206,observed
45,46,664,0.18933789432048798,observed
45,46,665,0.23068062961101532,observed
45,46,666,0.24051719903945923,observed
45,46,667,0.618313193321228,observed
45,46,668,0.20568004250526428,observed
45,46,669,0.22288161516189575,observed
45,46,670,0.24279849231243134,observed
45,46,671,0.22058828175067902,observed
45,46,672,0.1873367428779602,observed
45,46,673,0.3361693322658539,observed
45,46,674,0.21540288627147675,observed
45,46,675,0.24656134843826294,observed
45,46,676,0.24797411262989044,observed
45,46,677,0.20852349698543549,observed
45,46,678,0.23227347433567047,observed
45,46,679,0.18099717795848846,observed
45,46,680,0.2250806838274002,observed
45,46,681,0.1901155412197113,observed
45,46,682,0.21900023519992828,observed
45,46,683,0.22489653527736664,observed
45,46,684,0.2202041894197464,observed
45,46,685,0.19089680910110474,observed
45,46,686,0.23426854610443115,observed
45,46,687,0.21034647524356842,observed
45,46,688,0.1837996542453766,observed
45,46,689,0.5066038370132446,observed
45,46,690,0.20491600036621094,observed
45,46,691,0.211226224899292,observed
45,46,692,0.28304609656333923,observed
45,46,693,0.2318352311849594,observed
45,46,694,0.29066669940948486,observed
45,46,695,0.20625513792037964,observed
45,46,696,0.21173851191997528,observed
45,46,697,0.19375835359096527,observed
45,46,698,0.2092507779598236,observed
45,46,699,0.1737688034772873,observed
45,46,700,0.18592852354049683,observed
45,46,701,0.20399320125579834,observed
45,46,702,0.25169605016708374,observed
45,46,703,0.6303829550743103,observed
45,46,704,0.21215754747390747,observed
45,46,705,0.21158215403556824,observed
45,46,706,0.19582298398017883,observed
45,46,707,0.22982871532440186,observed
45,46,708,0.20611420273780823,observed
45,46,709,0.2112751603126526,observed
45,46,710,0.2436990737915039,observed
45,46,711,0.25372514128685,observed
45,46,712,0.23409594595432281,observed
45,46,713,0.23340274393558502,observed
45,46,714,0.21006038784980774,observed
45,46,715,0.23253372311592102,observed
45,46,716,0.2046770602464676,observed
45,46,717,0.1962919682264328,observed
45,46,718,0.2031535804271698,observed
45,46,719,0.25165802240371704,observed
45,46,720,0.19737230241298676,observed
45,46,721,0.22003273665905,observed
45,46,722,0.22869357466697693,observed
45,46,723,0.5791276097297668,observed
45,46,724,0.18936195969581604,observed
45,46,725,0.26936739683151245,observed
45,46,726,0.18318675458431244,observed
45,46,727,0.22191596031188965,observed
45,46,728,0.22812485694885254,observed
45,46,729,0.2624216377735138,observed
45,46,730,0.21466678380966187,observed
45,46,731,0.26856133341789246,observed
45,46,732,0.20797349512577057,observed
45,46,733,0.19118213653564453,observed
45,46,734,0.2197420597076416,observed
45,46,735,0.2143142819404602,observed
45,46,736,0.2050783336162567,observed
45,46,737,0.19939085841178894,observed
45,46,738,0.19300389289855957,observed
45,46,739,0.21448032557964325,observed
45,46,740,0.1973537802696228,observed
45,46,741,0.2227601557970047,observed
45,46,742,0.21830500662326813,observed
45,46,743,0.1993081420660019,observed
45,46,744,0.20716607570648193,observed
45,46,745,0.21339336037635803,observed
45,46,746,0.22558262944221497,observed
45,46,747,0.2679562270641327,observed
45,46,748,0.221024289727211,observed
45,46,749,0.22300584614276886,observed
45,46,750,0.21984617412090302,observed
45,46,751,0.8665972352027893,observed
45,46,752,0.2185189574956894,observed
45,46,753,0.18595366179943085,observed
45,46,754,0.2274654358625412,observed
45,46,755,0.23025144636631012,observed
45,46,756,0.25031980872154236,observed
45,46,757,0.6740732789039612,observed
45,46,758,0.1728295087814331,observed
45,46,759,0.21355389058589935,observed
45,46,760,0.29834192991256714,observed
45,46,761,0.21044377982616425,observed
45,46,762,0.22264951467514038,observed
45,46,763,0.23637855052947998,observed
45,46,764,0.22298024594783783,observed
45,46,765,0.20397590100765228,observed
45,46,766,0.21235865354537964,observed
45,46,767,0.1907675415277481,observed
45,46,768,0.21779848635196686,observed
45,46,769,0.23513494431972504,observed
45,46,770,0.19443880021572113,observed
45,46,771,0.22421875596046448,observed
45,46,772,0.21442969143390656,observed
45,46,773,0.23140427470207214,observed
45,46,774,0.20541855692863464,observed
45,46,775,0.24425244331359863,observed
45,46,776,0.23551003634929657,observed
45,46,777,0.20986534655094147,observed
45,46,778,0.234825000166893,observed
45,46,779,0.2088717222213745,observed
45,46,780,0.20275479555130005,observed
45,46,781,0.20913434028625488,observed
45,46,782,0.17502327263355255,observed
45,46,783,0.22407589852809906,observed
45,46,784,0.1991812139749527,observed
45,46,785,0.20161905884742737,observed
45,46,786,0.19159658253192902,observed
45,46,787,0.17861507833003998,observed
45,46,788,0.20804087817668915,observed
45,46,789,0.18095913529396057,observed
45,46,790,0.22538596391677856,observed
45,46,791,0.20338360965251923,observed
45,46,792,0.21126508712768555,observed
45,46,793,0.23321135342121124,observed
45,46,794,0.22499138116836548,observed
45,46,795,0.24925298988819122,observed
45,46,796,0.19347965717315674,observed
45,46,797,0.1880657821893692,observed
45,46,798,0.20143525302410126,observed
45,46,799,0.2552470862865448,observed
45,46,800,0.2063480168581009,observed
45,46,801,0.187904953956604,observed
45,46,802,0.1882886290550232,observed
45,46,803,0.20926091074943542,observed
45,46,804,0.23413854837417603,observed
45,46,805,0.21671269834041595,observed
45,46,806,0.23222021758556366,observed
45,46,807,0.24687765538692474,observed
45,46,808,0.20681647956371307,observed
45,46,809,0.20562365651130676,observed
45,46,810,0.40166598558425903,observed
45,46,811,0.23594747483730316,observed
45,46,812,0.19041214883327484,observed
45,46,813,0.22655251622200012,observed
45,46,814,0.24110941588878632,observed
45,46,815,0.19083741307258606,observed
45,46,816,0.20674245059490204,observed
45,46,817,0.21619996428489685,observed
45,46,818,0.19891957938671112,observed
45,46,819,0.20670086145401,observed
45,46,820,0.20020055770874023,observed
45,46,821,0.19810892641544342,observed
45,46,822,0.23949937522411346,observed
45,46,823,0.18419407308101654,observed
45,46,824,0.19820989668369293,observed
45,46,825,0.2102082222700119,observed
45,46,826,0.21883872151374817,observed
45,46,827,0.2479221373796463,observed
45,46,828,0.20410890877246857,observed
45,46,829,0.25343745946884155,observed
45,46,830,0.3156043291091919,observed
45,46,831,0.1966710388660431,observed
45,46,832,0.3567557632923126,observed
45,46,833,0.202256441116333,observed
45,46,834,0.23476679623126984,observed
45,46,835,0.24638411402702332,observed
45,46,836,0.1952039748430252,observed
45,46,837,0.26685672998428345,observed
45,46,838,0.20583918690681458,observed
45,46,839,0.23184242844581604,observed
45,46,840,0.465258926153183,observed
45,46,841,0.23499828577041626,observed
45,46,842,0.22790835797786713,observed
45,46,843,0.2136765867471695,observed
45,46,844,0.23614636063575745,observed
45,46,845,0.23096825182437897,observed
45,46,846,0.31281453371047974,observed
45,46,847,0.21869954466819763,observed
45,46,848,0.2833337187767029,observed
45,46,849,0.21207687258720398,observed
45,46,850,0.21641774475574493,observed
45,46,851,0.2763281464576721,observed
45,46,852,0.19773098826408386,observed
45,46,853,0.21991144120693207,observed
45,46,854,0.24010023474693298,observed
45,46,855,0.20143549144268036,observed
45,46,856,0.17078040540218353,observed
45,46,857,0.2500429153442383,observed
45,46,858,0.24321067333221436,observed
45,46,859,0.20431146025657654,observed
45,46,860,0.2068648785352707,observed
45,46,861,0.19601225852966309,observed
45,46,862,0.22613875567913055,observed
45,46,863,0.24486669898033142,observed
45,46,864,0.19312985241413116,observed
45,46,865,0.27541759610176086,observed
45,46,866,0.22456733882427216,observed
45,46,867,0.2004982978105545,observed
45,46,868,0.22008220851421356,observed
45,46,869,0.19844911992549896,observed
45,46,870,0.18890830874443054,observed
45,46,871,0.21199895441532135,observed
45,46,872,0.19610661268234253,observed
45,46,873,0.2001304030418396,observed
45,46,874,0.2237563133239746,observed
45,46,875,0.23786865174770355,observed
45,46,876,0.241689994931221,observed
45,46,877,0.21879349648952484,observed
45,46,878,0.20879527926445007,observed
45,46,879,0.1999601572751999,observed
45,46,880,0.19473712146282196,observed
45,46,881,0.22051069140434265,observed
45,46,882,0.2263815701007843,observed
45,46,883,0.22390884160995483,observed
45,46,884,0.36182931065559387,observed
45,46,885,0.23336467146873474,observed
45,46,886,0.2865102291107178,observed
45,46,887,0.1843349039554596,observed
45,46,888,0.20469382405281067,observed
45,46,889,0.25750303268432617,observed
45,46,890,0.27330219745635986,observed
45,46,891,0.2280094027519226,observed
45,46,892,0.2422976940870285,observed
45,46,893,0.20448505878448486,observed
45,46,894,0.23147548735141754,observed
45,46,895,0.24004800617694855,observed
45,46,896,0.22222208976745605,observed
45,46,897,0.2380271703004837,observed
45,46,898,0.237420454621315,observed
45,46,899,0.1907004863023758,observed
45,46,900,0.21957872807979584,observed
45,46,901,0.24809837341308594,observed
45,46,902,0.2492402046918869,observed
45,46,903,0.181260347366333,observed
45,46,904,0.19516099989414215,observed
45,46,905,0.21146544814109802,observed
45,46,906,0.23366588354110718,observed
45,46,907,0.2411206215620041,observed
45,46,908,0.18673713505268097,observed
45,46,909,0.19526377320289612,observed
45,46,910,0.22992254793643951,observed
45,46,911,0.19041235744953156,observed
45,46,912,0.1811719834804535,observed
45,46,913,0.2149992287158966,observed
45,46,914,0.2402435839176178,observed
45,46,915,0.20479890704154968,observed
45,46,916,0.1997092366218567,observed
45,46,917,0.29072752594947815,observed
45,46,918,0.1807723492383957,observed
45,46,919,0.21987591683864594,observed
45,46,920,0.23402607440948486,observed
45,46,921,0.22637274861335754,observed
45,46,922,0.22482967376708984,observed
45,46,923,0.22831109166145325,observed
45,46,924,0.2265874743461609,observed
45,46,925,0.1901046335697174,observed
45,46,926,0.1873944252729416,observed
45,46,927,0.19501473009586334,observed
45,46,928,0.20234768092632294,observed
45,46,929,0.26710742712020874,observed
45,46,930,0.2278219759464264,observed
45,46,931,0.20744378864765167,observed
45,46,932,0.22687605023384094,observed
45,46,933,0.20689290761947632,observed
45,46,934,0.1905001550912857,observed
45,46,935,0.18469247221946716,observed
45,46,936,0.22356536984443665,observed
45,46,937,0.25217345356941223,observed
45,46,938,0.2152504324913025,observed
45,46,939,0.1920272409915924,observed
45,46,940,0.205650195479393,observed
45,46,941,0.21476629376411438,observed
45,46,942,0.2198113650083542,observed
45,46,943,0.23464152216911316,observed
45,46,944,0.20602749288082123,observed
45,46,945,0.26643940806388855,observed
45,46,946,0.23920007050037384,observed
45,46,947,0.2350262552499771,observed
45,46,948,0.25178247690200806,observed
45,46,949,0.24786637723445892,observed
45,46,950,0.2542758285999298,observed
45,46,951,0.23220781981945038,observed
45,46,952,0.20331241190433502,observed
45,46,953,0.210701122879982,observed
45,46,954,0.2079334855079651,observed
45,46,955,0.26479607820510864,observed
45,46,956,0.22818659245967865,observed
45,46,957,0.2107858657836914,observed
45,46,958,0.2295386642217636,observed
45,46,959,0.20909911394119263,observed
45,46,960,0.21238408982753754,observed
45,46,961,0.21538817882537842,observed
45,46,962,0.18093113601207733,observed
45,46,963,0.1972503811120987,observed
45,46,964,0.23287756741046906,observed
45,46,965,0.19214095175266266,observed
45,46,966,0.21747222542762756,observed
45,46,967,0.20112189650535583,observed
45,46,968,0.22680692374706268,observed
45,46,969,0.5769355297088623,observed
45,46,970,0.21367518603801727,observed
45,46,971,0.2055518627166748,observed
45,46,972,0.2305116057395935,observed
45,46,973,0.4208078980445862,observed
45,46,974,0.21615663170814514,observed
45,46,975,0.1912945657968521,observed
45,46,976,0.22066570818424225,observed
45,46,977,0.206093430519104,observed
45,46,978,0.20600935816764832,observed
45,46,979,0.23788873851299286,observed
45,46,980,0.18370001018047333,observed
45,46,981,0.21040689945220947,observed
45,46,982,0.2761710584163666,observed
45,46,983,0.20467312633991241,observed
45,46,984,0.23047895729541779,observed
45,46,985,0.45803651213645935,observed
45,46,986,0.2222123146057129,observed
45,46,987,0.24595940113067627,observed
45,46,988,0.21960929036140442,observed
45,46,989,0.22893907129764557,observed
45,46,990,0.3009319603443146,observed
45,46,991,0.2116789072751999,observed
45,46,992,0.22827297449111938,observed
45,46,993,0.18657158315181732,observed
45,46,994,0.2650063633918762,observed
45,46,995,0.24619409441947937,observed
45,46,996,0.19577282667160034,observed
45,46,997,0.23882243037223816,observed
45,46,998,0.22103412449359894,observed
45,46,999,0.19417154788970947,observed
45,46,1000,0.22530348598957062,observed
45,46,1001,0.23112031817436218,observed
45,46,1002,0.20014621317386627,observed
45,46,1003,0.19685299694538116,observed
45,46,1004,0.7607727646827698,observed
45,46,1005,0.2507610619068146,observed
45,46,1006,0.2171236276626587,observed
45,46,1007,0.20962963998317719,observed
45,46,1008,0.21242755651474,observed
45,46,1009,0.17764383554458618,observed
45,46,1010,0.196049302816391,observed
45,46,1011,0.42638468742370605,observed
45,46,1012,0.22409123182296753,observed
45,46,1013,0.24419128894805908,observed
45,46,1014,0.20357780158519745,observed
45,46,1015,0.19702716171741486,observed
45,46,1016,0.23744328320026398,observed
45,46,1017,0.2988485097885132,observed
45,46,1018,0.21992914378643036,observed
45,46,1019,0.20300433039665222,observed
45,46,1020,0.25005078315734863,observed
45,46,1021,0.21673619747161865,observed
45,46,1022,0.21370796859264374,observed
45,46,1023,0.19823141396045685,observed
chance,chance,0,0.19160757093984782,chance
chance,chance,1,0.21387980475706556,chance
chance,chance,2,0.2170142358035027,chance
chance,chance,3,0.1947799244210658,chance
chance,chance,4,0.2068108868648952,chance
chance,chance,5,0.19868627027159783,chance
chance,chance,6,0.19860762116167172,chance
chance,chance,7,0.1962753107032667,chance
chance,chance,8,0.21519464664372506,chance
chance,chance,9,0.2339825835233692,chance
chance,chance,10,0.21785243611744118,chance
chance,chance,11,0.19032545488383423,chance
chance,chance,12,0.23027807911302792,chance
chance,chance,13,0.2082321283078704,chance
chance,chance,14,0.19672736961073006,chance
chance,chance,15,0.18865747724618545,chance
chance,chance,16,0.20884644451441847,chance
chance,chance,17,0.21534085728587585,chance
chance,chance,18,0.28082334667126535,chance
chance,chance,19,0.21249137872471424,chance
chance,chance,20,0.21273325360372256,chance
chance,chance,21,0.20381606432933072,chance
chance,chance,22,0.2161583798801829,chance
chance,chance,23,0.20758293534991046,chance
chance,chance,24,0.19671739956280848,chance
chance,chance,25,0.20489913488011346,chance
chance,chance,26,0.19007664328225596,chance
chance,chance,27,0.21327154823228403,chance
chance,chance,28,0.21080870379613986,chance
chance,chance,29,0.20135703418139952,chance
chance,chance,30,0.22250733935723657,chance
chance,chance,31,0.19997169274762194,chance
chance,chance,32,0.23294285599625766,chance
chance,chance,33,0.2254977733490034,chance
chance,chance,34,0.2009371353321705,chance
chance,chance,35,0.19697621702734586,chance
chance,chance,36,0.21026395624717223,chance
chance,chance,37,0.21821682159356964,chance
chance,chance,38,0.21613595626867552,chance
chance,chance,39,0.20344071777645065,chance
chance,chance,40,0.22313369909464817,chance
chance,chance,41,0.19673691858326936,chance
chance,chance,42,0.19407120679495327,chance
chance,chance,43,0.2076711044486881,chance
chance,chance,44,0.19964317690417532,chance
chance,chance,45,0.18671799475539924,chance
chance,chance,46,0.2604528334316997,chance
chance,chance,47,0.21693472804595937,chance
chance,chance,48,0.213845799847004,chance
chance,chance,49,0.20938528175541007,chance
chance,chance,50,0.2125145353010849,chance
chance,chance,51,0.19714638075051172,chance
chance,chance,52,0.2101007737398344,chance
chance,chance,53,0.285084135252938,chance
chance,chance,54,0.2074702649747052,chance
chance,chance,55,0.19026031300685903,chance
chance,chance,56,0.19038352932096278,chance
chance,chance,57,0.2465265550975557,chance
chance,chance,58,0.22202824505891477,chance
chance,chance,59,0.21871960928534434,chance
chance,chance,60,0.2166692870561434,chance
chance,chance,61,0.21268828037008577,chance
chance,chance,62,0.20195043348382313,chance
chance,chance,63,0.2278707662178703,chance
chance,chance,64,0.21954835146901397,chance
chance,chance,65,0.21217540013589353,chance
chance,chance,66,0.20161880017375206,chance
chance,chance,67,0.18517003720472142,chance
chance,chance,68,0.1851178629258132,chance
chance,chance,69,0.22421929931691484,chance
chance,chance,70,0.22259177315354028,chance
chance,chance,71,0.2069210737000207,chance
chance,chance,72,0.20170380949153754,chance
chance,chance,73,0.21644379958620222,chance
chance,chance,74,0.19681931173959463,chance
chance,chance,75,0.24159317054508062,chance
chance,chance,76,0.2583392858968268,chance
chance,chance,77,0.22271712156254192,chance
chance,chance,78,0.20205353441744767,chance
chance,chance,79,0.19973900295480107,chance
chance,chance,80,0.20502724824827356,chance
chance,chance,81,0.21834070058046462,chance
chance,chance,82,0.21196673256696086,chance
chance,chance,83,0.20259277326148922,chance
chance,chance,84,0.21263672601700545,chance
chance,chance,85,0.2198872610445432,chance
chance,chance,86,0.2026749506428441,chance
chance,chance,87,0.19744067788585778,chance
chance,chance,88,0.19414781561022282,chance
chance,chance,89,0.22654716292598082,chance
chance,chance,90,0.19363461996881512,chance
chance,chance,91,0.2394302404513648,chance
chance,chance,92,0.17523808543481237,chance
chance,chance,93,0.1793971845792017,chance
chance,chance,94,0.2186144558218723,chance
chance,chance,95,0.20184815839438405,chance
chance,chance,96,0.23848319886917507,chance
chance,chance,97,0.2251161919945191,chance
chance,chance,98,0.18556243473749354,chance
chance,chance,99,0.23053559420258313,chance
chance,chance,100,0.2164383540267623,chance
chance,chance,101,0.2030503166180811,chance
chance,chance,102,0.22907449806270003,chance
chance,chance,103,0.20723001715386052,chance
chance,chance,104,0.1970688382510024,chance
chance,chance,105,0.20649380236118048,chance
chance,chance,106,0.23642253906928726,chance
chance,chance,107,0.1860667091585719,chance
chance,chance,108,0.1886178313040973,chance
chance,chance,109,0.20236013519071555,chance
chance,chance,110,0.2144989489910973,chance
chance,chance,111,0.21742746820923695,chance
chance,chance,112,0.22226099622454312,chance
chance,chance,113,0.18982851208081558,chance
chance,chance,114,0.1932636688661985,chance
chance,chance,115,0.24776582612084902,chance
chance,chance,116,0.20077929287361765,chance
chance,chance,117,0.20348611197537253,chance
chance,chance,118,0.20264648072906866,chance
chance,chance,119,0.20858285670901544,chance
chance,chance,120,0.1843836465176833,chance
chance,chance,121,0.20596401486221327,chance
chance,chance,122,0.20543103583408695,chance
chance,chance,123,0.21207288141735395,chance
chance,chance,124,0.2168729386092267,chance
chance,chance,125,0.21053198527288336,chance
chance,chance,126,0.20713684260872506,chance
chance,chance,127,0.2733375042528296,chance
chance,chance,128,0.21420178597904493,chance
chance,chance,129,0.1821305966568482,chance
chance,chance,130,0.20217649445739944,chance
chance,chance,131,0.19586950246538024,chance
chance,chance,132,0.18778709500501978,chance
chance,chance,133,0.2318835071796394,chance
chance,chance,134,0.22514620090744714,chance
chance,chance,135,0.2044422320147628,chance
chance,chance,136,0.21657480194393863,chance
chance,chance,137,0.2102122435579242,chance
chance,chance,138,0.21645649223008412,chance
chance,chance,139,0.20307813368712213,chance
chance,chance,140,0.24640793113587112,chance
chance,chance,141,0.24410685692213085,chance
chance,chance,142,0.27342295207274986,chance
chance,chance,143,0.1906092655854148,chance
chance,chance,144,0.2389815986822007,chance
chance,chance,145,0.19410487010280555,chance
chance,chance,146,0.20167802515673333,chance
chance,chance,147,0.2020727097727915,chance
chance,chance,148,0.23759033782214187,chance
chance,chance,149,0.2245332325048417,chance
chance,chance,150,0.20269687917827467,chance
chance,chance,151,0.2128405983675403,chance
chance,chance,152,0.20774973316497117,chance
chance,chance,153,0.21492166451614061,chance
chance,chance,154,0.25273474811080765,chance
chance,chance,155,0.18638398672432047,chance
chance,chance,156,0.2173863417570626,chance
chance,chance,157,0.2165043077622399,chance
chance,chance,158,0.2523384862584005,chance
chance,chance,159,0.21056022034849126,chance
chance,chance,160,0.19456138703258152,chance
chance,chance,161,0.2276765009423023,chance
chance,chance,162,0.2597350400783288,chance
chance,chance,163,0.25344959427273145,chance
chance,chance,164,0.2135604392782019,chance
chance,chance,165,0.19786582310546438,chance
chance,chance,166,0.19337077046887025,chance
chance,chance,167,0.25250269385102614,chance
chance,chance,168,0.2300967660562019,chance
chance,chance,169,0.20352224077653142,chance
chance,chance,170,0.23136075142939716,chance
chance,chance,171,0.23858517633246848,chance
chance,chance,172,0.219054141917685,chance
chance,chance,173,0.21509089067122972,chance
chance,chance,174,0.19453573699932825,chance
chance,chance,175,0.23219402436158823,chance
chance,chance,176,0.22622156743338148,chance
chance,chance,177,0.20559404006626944,chance
chance,chance,178,0.2193315566198682,chance
chance,chance,179,0.19962717716984713,chance
chance,chance,180,0.2007500943577125,chance
chance,chance,181,0.20037562176027254,chance
chance,chance,182,0.20226764234520264,chance
chance,chance,183,0.20191698446154785,chance
chance,chance,184,0.21038750445708673,chance
chance,chance,185,0.2345151196271738,chance
chance,chance,186,0.24123178467684683,chance
chance,chance,187,0.2503825309864567,chance
chance,chance,188,0.21309374291308542,chance
chance,chance,189,0.2069038057047281,chance
chance,chance,190,0.229387635386821,chance
chance,chance,191,0.2000940942426159,chance
chance,chance,192,0.21670634544600398,chance
chance,chance,193,0.21531937209382165,chance
chance,chance,194,0.2003809753241733,chance
chance,chance,195,0.26931421156014346,chance
chance,chance,196,0.2208846919942845,chance
chance,chance,197,0.24259199117311797,chance
chance,chance,198,0.2137100804453264,chance
chance,chance,199,0.24259570857308263,chance
chance,chance,200,0.2594938541625496,chance
chance,chance,201,0.2008040565311138,chance
chance,chance,202,0.22116818732865157,chance
chance,chance,203,0.22403171523117937,chance
chance,chance,204,0.2645401378472257,chance
chance,chance,205,0.2002083490593465,chance
chance,chance,206,0.20093802677493233,chance
chance,chance,207,0.20419092588675994,chance
chance,chance,208,0.19626971179972477,chance
chance,chance,209,0.21573911886574945,chance
chance,chance,210,0.19249740816111185,chance
chance,chance,211,0.2466845952716499,chance
chance,chance,212,0.21572990689800875,chance
chance,chance,213,0.22175641115436376,chance
chance,chance,214,0.20412352215645857,chance
chance,chance,215,0.191557718771788,chance
chance,chance,216,0.20581939556294135,chance
chance,chance,217,0.22143166410927748,chance
chance,chance,218,0.22242689585806671,chance
chance,chance,219,0.20613220697193216,chance
chance,chance,220,0.20319988412417525,chance
chance,chance,221,0.18939072110244284,chance
chance,chance,222,0.21705418056805678,chance
chance,chance,223,0.21359019410112912,chance
chance,chance,224,0.22471228625867448,chance
chance,chance,225,0.2016008933407124,chance
chance,chance,226,0.21716535974038573,chance
chance,chance,227,0.20454861363268617,chance
chance,chance,228,0.21976630381263862,chance
chance,chance,229,0.24184909911523197,chance
chance,chance,230,0.262580798681017,chance
chance,chance,231,0.2025169397278228,chance
chance,chance,232,0.21792777046695275,chance
chance,chance,233,0.2545391187756001,chance
chance,chance,234,0.2380350856292392,chance
chance,chance,235,0.2053635194130757,chance
chance,chance,236,0.19231598832404406,chance
chance,chance,237,0.195555758831917,chance
chance,chance,238,0.19178096158592417,chance
chance,chance,239,0.2067121777067377,chance
chance,chance,240,0.2336159629393151,chance
chance,chance,241,0.21518146615550757,chance
chance,chance,242,0.21781181366429211,chance
chance,chance,243,0.20757249253510843,chance
chance,chance,244,0.19179986116064815,chance
chance,chance,245,0.1947614596617149,chance
chance,chance,246,0.19530376482606174,chance
chance,chance,247,0.21008768998329785,chance
chance,chance,248,0.205100729289591,chance
chance,chance,249,0.19749682480091757,chance
chance,chance,250,0.22345755847755025,chance
chance,chance,251,0.21269793087660532,chance
chance,chance,252,0.2039131688802776,chance
chance,chance,253,0.25662549779582905,chance
chance,chance,254,0.24187018761552306,chance
chance,chance,255,0.20818282846157904,chance
chance,chance,256,0.20856436405015857,chance
chance,chance,257,0.19774490067457903,chance
chance,chance,258,0.20059691543517666,chance
chance,chance,259,0.23464305970083782,chance
chance,chance,260,0.2504051402555222,chance
chance,chance,261,0.1996087466087036,chance
chance,chance,262,0.17791167427070417,chance
chance,chance,263,0.22118344691829128,chance
chance,chance,264,0.19591472241876978,chance
chance,chance,265,0.18518552858238976,chance
chance,chance,266,0.2206062144536974,chance
chance,chance,267,0.20025403353679072,chance
chance,chance,268,0.22478787514468243,chance
chance,chance,269,0.20107094863790118,chance
chance,chance,270,0.2048596351058901,chance
chance,chance,271,0.18758360327273474,chance
chance,chance,272,0.22088284051409485,chance
chance,chance,273,0.20402179807531284,chance
chance,chance,274,0.19242732785104322,chance
chance,chance,275,0.19917581891929384,chance
chance,chance,276,0.204869957925563,chance
chance,chance,277,0.2448848477976723,chance
chance,chance,278,0.2401249156509905,chance
chance,chance,279,0.23413399828322964,chance
chance,chance,280,0.21082868229055043,chance
chance,chance,281,0.19792802285559646,chance
chance,chance,282,0.19858449714876514,chance
chance,chance,283,0.2263749588883352,chance
chance,chance,284,0.2048025561720351,chance
chance,chance,285,0.22522259322036137,chance
chance,chance,286,0.19550458151347486,chance
chance,chance,287,0.22747044938735062,chance
chance,chance,288,0.19871699548830196,chance
chance,chance,289,0.2061782742077981,chance
chance,chance,290,0.18748135157505771,chance
chance,chance,291,0.2081964336820975,chance
chance,chance,292,0.2071833173449746,chance
chance,chance,293,0.22732305236592393,chance
chance,chance,294,0.22261716714829,chance
chance,chance,295,0.24931155898524238,chance
chance,chance,296,0.2125788377317551,chance
chance,chance,297,0.21739743023789435,chance
chance,chance,298,0.26911381062670225,chance
chance,chance,299,0.18196260620578844,chance
chance,chance,300,0.21394459554998443,chance
chance,chance,301,0.20278127499136275,chance
chance,chance,302,0.21438850732703305,chance
chance,chance,303,0.20694914340252363,chance
chance,chance,304,0.20412729116298764,chance
chance,chance,305,0.20701003484228422,chance
chance,chance,306,0.21972708670838087,chance
chance,chance,307,0.20764400756097845,chance
chance,chance,308,0.19728389629490656,chance
chance,chance,309,0.20444920605347686,chance
chance,chance,310,0.19700873919750178,chance
chance,chance,311,0.19904034016279396,chance
chance,chance,312,0.23005452482082556,chance
chance,chance,313,0.20560849515518817,chance
chance,chance,314,0.21419074728920845,chance
chance,chance,315,0.19058519356714484,chance
chance,chance,316,0.2110612156808997,chance
chance,chance,317,0.23398933020945678,chance
chance,chance,318,0.18754027453085678,chance
chance,chance,319,0.23144269888803343,chance
chance,chance,320,0.18834947851155165,chance
chance,chance,321,0.17179274200821523,chance
chance,chance,322,0.19677231834440123,chance
chance,chance,323,0.2560357873044241,chance
chance,chance,324,0.2268043551111384,chance
chance,chance,325,0.26539081034707696,chance
chance,chance,326,0.23322224302725528,chance
chance,chance,327,0.22251728811291324,chance
chance,chance,328,0.2115966254752549,chance
chance,chance,329,0.22668034527956807,chance
chance,chance,330,0.2029703168409099,chance
chance,chance,331,0.2600904387587929,chance
chance,chance,332,0.20116865257350533,chance
chance,chance,333,0.22196090553969966,chance
chance,chance,334,0.21027465001286827,chance
chance,chance,335,0.21757184595158902,chance
chance,chance,336,0.2196124748871208,chance
chance,chance,337,0.22926032963673937,chance
chance,chance,338,0.2077834062656042,chance
chance,chance,339,0.20335947641216526,chance
chance,chance,340,0.2302000283394151,chance
chance,chance,341,0.22425415544608168,chance
chance,chance,342,0.22459107698020245,chance
chance,chance,343,0.18115485686465882,chance
chance,chance,344,0.22916276403415664,chance
chance,chance,345,0.2315433642450388,chance
chance,chance,346,0.19881925073403528,chance
chance,chance,347,0.23501361071578183,chance
chance,chance,348,0.19512422071331548,chance
chance,chance,349,0.191050581285085,chance
chance,chance,350,0.19391425826826464,chance
chance,chance,351,0.19219875260989155,chance
chance,chance,352,0.19182077428652633,chance
chance,chance,353,0.24157460949389536,chance
chance,chance,354,0.21805989618326246,chance
chance,chance,355,0.19846159151366513,chance
chance,chance,356,0.21046359811029344,chance
chance,chance,357,0.20222560838848908,chance
chance,chance,358,0.19048698345897033,chance
chance,chance,359,0.2105502615520087,chance
chance,chance,360,0.1997155242553318,chance
chance,chance,361,0.18635635512536977,chance
chance,chance,362,0.23257175768195384,chance
chance,chance,363,0.20184874858858937,chance
chance,chance,364,0.19659431130903932,chance
chance,chance,365,0.22745227390705852,chance
chance,chance,366,0.20932892176785464,chance
chance,chance,367,0.24391229212028626,chance
chance,chance,368,0.20929057427250614,chance
chance,chance,369,0.2324247353480706,chance
chance,chance,370,0.2152095434652907,chance
chance,chance,371,0.24420410563083683,chance
chance,chance,372,0.20892418700826101,chance
chance,chance,373,0.19500008990118062,chance
chance,chance,374,0.22380372015074723,chance
chance,chance,375,0.21617860222130883,chance
chance,chance,376,0.23662329632005735,chance
chance,chance,377,0.20717300414306059,chance
chance,chance,378,0.23443145121963554,chance
chance,chance,379,0.2031494858816517,chance
chance,chance,380,0.18856581892143617,chance
chance,chance,381,0.2252232109237518,chance
chance,chance,382,0.22110031114332723,chance
chance,chance,383,0.1938957427584286,chance
chance,chance,384,0.22067592537594843,chance
chance,chance,385,0.2124483307303241,chance
chance,chance,386,0.23369492477828757,chance
chance,chance,387,0.24056956669255808,chance
chance,chance,388,0.20999469152729655,chance
chance,chance,389,0.20577598783608092,chance
chance,chance,390,0.2085830771163395,chance
chance,chance,391,0.1999662138818856,chance
chance,chance,392,0.2514492021141159,chance
chance,chance,393,0.22902316121150196,chance
chance,chance,394,0.2032276751428745,chance
chance,chance,395,0.20850514140749418,chance
chance,chance,396,0.24646525135232314,chance
chance,chance,397,0.19792272136737146,chance
chance,chance,398,0.20739888654877578,chance
chance,chance,399,0.23885855799023614,chance
chance,chance,400,0.25218614183028304,chance
chance,chance,401,0.20902712452283106,chance
chance,chance,402,0.19868836881218133,chance
chance,chance,403,0.20267966914050078,chance
chance,chance,404,0.22875599580796305,chance
chance,chance,405,0.20239226595824147,chance
chance,chance,406,0.1804619909337827,chance
chance,chance,407,0.2230996892691636,chance
chance,chance,408,0.19156284565800008,chance
chance,chance,409,0.21667437027541536,chance
chance,chance,410,0.20524745675225603,chance
chance,chance,411,0.1979239523788147,chance
chance,chance,412,0.22172056510620428,chance
chance,chance,413,0.20455473918102765,chance
chance,chance,414,0.18749234968907869,chance
chance,chance,415,0.20797788119850547,chance
chance,chance,416,0.2439090462917336,chance
chance,chance,417,0.1958499969524801,chance
chance,chance,418,0.20773502380320905,chance
chance,chance,419,0.20349926391291762,chance
chance,chance,420,0.20445542787251958,chance
chance,chance,421,0.19801350565969425,chance
chance,chance,422,0.20502090144628357,chance
chance,chance,423,0.2217120749654762,chance
chance,chance,424,0.22308177255847594,chance
chance,chance,425,0.22761866247859955,chance
chance,chance,426,0.21429163327611586,chance
chance,chance,427,0.21281493943961943,chance
chance,chance,428,0.24029011071178003,chance
chance,chance,429,0.22652627953692414,chance
chance,chance,430,0.2262336444112871,chance
chance,chance,431,0.19064880510407492,chance
chance,chance,432,0.19752957499307666,chance
chance,chance,433,0.23377741857715964,chance
chance,chance,434,0.2761532781225553,chance
chance,chance,435,0.16998013977701135,chance
chance,chance,436,0.18482910535654376,chance
chance,chance,437,0.22513099628320563,chance
chance,chance,438,0.1905931185087895,chance
chance,chance,439,0.20040685122760124,chance
chance,chance,440,0.21759764425577627,chance
chance,chance,441,0.22424240189049913,chance
chance,chance,442,0.23159699194736766,chance
chance,chance,443,0.22815509170003187,chance
chance,chance,444,0.23128151033758734,chance
chance,chance,445,0.19777855071392772,chance
chance,chance,446,0.21504346376314906,chance
chance,chance,447,0.21038726716952816,chance
chance,chance,448,0.22727062430463993,chance
chance,chance,449,0.19726566777429266,chance
chance,chance,450,0.23565067486228647,chance
chance,chance,451,0.23146048340519254,chance
chance,chance,452,0.22407747480323706,chance
chance,chance,453,0.20740852671177876,chance
chance,chance,454,0.18265362042744437,chance
chance,chance,455,0.19928476460266317,chance
chance,chance,456,0.2111472963149959,chance
chance,chance,457,0.20593127249120186,chance
chance,chance,458,0.2030042111674848,chance
chance,chance,459,0.2399234858899546,chance
chance,chance,460,0.2205081832503783,chance
chance,chance,461,0.2280566126932044,chance
chance,chance,462,0.21976616410518288,chance
chance,chance,463,0.1976748464550732,chance
chance,chance,464,0.2129132292032112,chance
chance,chance,465,0.23718533473165937,chance
chance,chance,466,0.2197423496562847,chance
chance,chance,467,0.22280614571896,chance
chance,chance,468,0.20564199730346705,chance
chance,chance,469,0.2135551867763828,chance
chance,chance,470,0.26101707952336506,chance
chance,chance,471,0.2140752924836332,chance
chance,chance,472,0.20146413545773717,chance
chance,chance,473,0.1795918210752803,chance
chance,chance,474,0.2038513831020713,chance
chance,chance,475,0.21173201702563701,chance
chance,chance,476,0.21404928690025418,chance
chance,chance,477,0.2190078526748378,chance
chance,chance,478,0.22875960269616447,chance
chance,chance,479,0.21742634121460805,chance
chance,chance,480,0.19447413234903743,chance
chance,chance,481,0.20543086721041767,chance
chance,chance,482,0.20506332831808285,chance
chance,chance,483,0.21649912272511676,chance
chance,chance,484,0.22723110902090937,chance
chance,chance,485,0.2402012984862742,chance
chance,chance,486,0.18194345018284436,chance
chance,chance,487,0.198967664819746,chance
chance,chance,488,0.2567978980663554,chance
chance,chance,489,0.21637958877814864,chance
chance,chance,490,0.1936234492467731,chance
chance,chance,491,0.24289381260021506,chance
chance,chance,492,0.22273487630740296,chance
chance,chance,493,0.20259320543089573,chance
chance,chance,494,0.19938170838506136,chance
chance,chance,495,0.1927931710068083,chance
chance,chance,496,0.19944179122084946,chance
chance,chance,497,0.2049706626304336,chance
chance,chance,498,0.20216809569699637,chance
chance,chance,499,0.21068442119625566,chance
chance,chance,500,0.19466975612681567,chance
chance,chance,501,0.21789470419947576,chance
chance,chance,502,0.20090085738635213,chance
chance,chance,503,0.21418382723597476,chance
chance,chance,504,0.2587521847075245,chance
chance,chance,505,0.2542509732007202,chance
chance,chance,506,0.2052131246885584,chance
chance,chance,507,0.2391356700997896,chance
chance,chance,508,0.22372213110782105,chance
chance,chance,509,0.21085109544573014,chance
chance,chance,510,0.19420084255452577,chance
chance,chance,511,0.23400577230435374,chance
chance,chance,512,0.18976128656687283,chance
chance,chance,513,0.20421459713701323,chance
chance,chance,514,0.21461376816334418,chance
chance,chance,515,0.189349409750986,chance
chance,chance,516,0.2060346925713981,chance
chance,chance,517,0.16609706880077013,chance
chance,chance,518,0.21084973751782884,chance
chance,chance,519,0.1938023573678724,chance
chance,chance,520,0.23380399394393575,chance
chance,chance,521,0.20765850442440018,chance
chance,chance,522,0.20433196735446293,chance
chance,chance,523,0.19781644204219584,chance
chance,chance,524,0.303883009765651,chance
chance,chance,525,0.20983826834629649,chance
chance,chance,526,0.2163114782652784,chance
chance,chance,527,0.23101890506282552,chance
chance,chance,528,0.2203855382599681,chance
chance,chance,529,0.20392968800104858,chance
chance,chance,530,0.2274962879212854,chance
chance,chance,531,0.2755158410196136,chance
chance,chance,532,0.21246079361427997,chance
chance,chance,533,0.2411733399229652,chance
chance,chance,534,0.2472178271519636,chance
chance,chance,535,0.22533571784729536,chance
chance,chance,536,0.1876718544932328,chance
chance,chance,537,0.19424106618326079,chance
chance,chance,538,0.19853333338381426,chance
chance,chance,539,0.2144898751629544,chance
chance,chance,540,0.23033229002500324,chance
chance,chance,541,0.21538760010797556,chance
chance,chance,542,0.21110560169779233,chance
chance,chance,543,0.27103162136297354,chance
chance,chance,544,0.20788194287519204,chance
chance,chance,545,0.1916709725748868,chance
chance,chance,546,0.2147469690418961,chance
chance,chance,547,0.19945887841863824,chance
chance,chance,548,0.21599843387607212,chance
chance,chance,549,0.2129861196596581,chance
chance,chance,550,0.21258585168610597,chance
chance,chance,551,0.23304202373144797,chance
chance,chance,552,0.19860406587509072,chance
chance,chance,553,0.204956719888669,chance
chance,chance,554,0.19201442279435976,chance
chance,chance,555,0.2226878376851414,chance
chance,chance,556,0.21784033761942417,chance
chance,chance,557,0.19313980921833895,chance
chance,chance,558,0.20215997001918182,chance
chance,chance,559,0.22490044504114173,chance
chance,chance,560,0.19049939402134244,chance
chance,chance,561,0.2225781263032146,chance
chance,chance,562,0.24441854993554163,chance
chance,chance,563,0.21522499223052002,chance
chance,chance,564,0.17088218171828617,chance
chance,chance,565,0.20700780823402695,chance
chance,chance,566,0.25475032868159597,chance
chance,chance,567,0.23061715643982938,chance
chance,chance,568,0.21784610169649626,chance
chance,chance,569,0.20060095756625423,chance
chance,chance,570,0.20706563899381514,chance
chance,chance,571,0.20793754766077663,chance
chance,chance,572,0.22399597610322064,chance
chance,chance,573,0.20822489556739732,chance
chance,chance,574,0.21366248064681007,chance
chance,chance,575,0.21229929308359685,chance
chance,chance,576,0.21957559180680777,chance
chance,chance,577,0.1879903451388936,chance
chance,chance,578,0.21074618527156957,chance
chance,chance,579,0.1920818598677092,chance
chance,chance,580,0.19834313615132876,chance
chance,chance,581,0.2191386086507196,chance
chance,chance,582,0.19017335111234943,chance
chance,chance,583,0.2046790333383621,chance
chance,chance,584,0.2075339923717277,chance
chance,chance,585,0.21167299825608635,chance
chance,chance,586,0.20894888350670077,chance
chance,chance,587,0.201837217318068,chance
chance,chance,588,0.20310977111006115,chance
chance,chance,589,0.22887356464211953,chance
chance,chance,590,0.19231158080413682,chance
chance,chance,591,0.17918578176984673,chance
chance,chance,592,0.2413821318341357,chance
chance,chance,593,0.22628315418814918,chance
chance,chance,594,0.27723260236393243,chance
chance,chance,595,0.20489435154296873,chance
chance,chance,596,0.2236622011647084,chance
chance,chance,597,0.20153375728212447,chance
chance,chance,598,0.2049094770605045,chance
chance,chance,599,0.24269462621380222,chance
chance,chance,600,0.20523805110583296,chance
chance,chance,601,0.23581158747169428,chance
chance,chance,602,0.1873424183169129,chance
chance,chance,603,0.2255120089696464,chance
chance,chance,604,0.22121396277037866,chance
chance,chance,605,0.26377364449907725,chance
chance,chance,606,0.21870970320499614,chance
chance,chance,607,0.23868898610727363,chance
chance,chance,608,0.2312286004703296,chance
chance,chance,609,0.2554403334770114,chance
chance,chance,610,0.2104504648049445,chance
chance,chance,611,0.23167155172920326,chance
chance,chance,612,0.2179669743532883,chance
chance,chance,613,0.19218634589469946,chance
chance,chance,614,0.21824485824689993,chance
chance,chance,615,0.20613434117266852,chance
chance,chance,616,0.28434412698312395,chance
chance,chance,617,0.21403522715787285,chance
chance,chance,618,0.25050424567407303,chance
chance,chance,619,0.2206958337402068,chance
chance,chance,620,0.2875278812035938,chance
chance,chance,621,0.21205946714487567,chance
chance,chance,622,0.222137866672113,chance
chance,chance,623,0.22380516017873223,chance
chance,chance,624,0.19072258501206008,chance
chance,chance,625,0.1909970650486976,chance
chance,chance,626,0.20557559030831818,chance
chance,chance,627,0.19327627668885436,chance
chance,chance,628,0.19265127597232365,chance
chance,chance,629,0.24273009680713828,chance
chance,chance,630,0.21230696596049436,chance
chance,chance,631,0.22801786907208677,chance
chance,chance,632,0.21592214549576316,chance
chance,chance,633,0.20575034132450026,chance
chance,chance,634,0.20747944332052787,chance
chance,chance,635,0.19714390851639893,chance
chance,chance,636,0.23242828630172788,chance
chance,chance,637,0.19613703192345902,chance
chance,chance,638,0.2520834825552044,chance
chance,chance,639,0.22441876575240205,chance
chance,chance,640,0.21886913057128335,chance
chance,chance,641,0.2323112620273721,chance
chance,chance,642,0.20023707481542144,chance
chance,chance,643,0.18641560451638578,chance
chance,chance,644,0.20968097139323552,chance
chance,chance,645,0.265531820589102,chance
chance,chance,646,0.19279390595520374,chance
chance,chance,647,0.182621042204794,chance
chance,chance,648,0.2264955499608021,chance
chance,chance,649,0.22954802566791127,chance
chance,chance,650,0.21880333796424212,chance
chance,chance,651,0.22519280614949272,chance
chance,chance,652,0.20682180570067488,chance
chance,chance,653,0.1973236362516453,chance
chance,chance,654,0.22770091525948158,chance
chance,chance,655,0.20370651380296698,chance
chance,chance,656,0.23091032906620176,chance
chance,chance,657,0.2197485859264387,chance
chance,chance,658,0.198518906674311,chance
chance,chance,659,0.22486646028813476,chance
chance,chance,660,0.2682801225954507,chance
chance,chance,661,0.21618842987368353,chance
chance,chance,662,0.22769008992729492,chance
chance,chance,663,0.23309708481424618,chance
chance,chance,664,0.21858719808613447,chance
chance,chance,665,0.2281484878886645,chance
chance,chance,666,0.241296315256014,chance
chance,chance,667,0.21171989047675627,chance
chance,chance,668,0.2304418986814209,chance
chance,chance,669,0.23469674788267808,chance
chance,chance,670,0.20499799305080013,chance
chance,chance,671,0.22490629450654165,chance
chance,chance,672,0.2210138394670919,chance
chance,chance,673,0.19050409239884616,chance
chance,chance,674,0.20799518787723179,chance
chance,chance,675,0.24488931049133228,chance
chance,chance,676,0.2306196004919701,chance
chance,chance,677,0.21508358011984932,chance
chance,chance,678,0.22110283071354567,chance
chance,chance,679,0.21959048745839344,chance
chance,chance,680,0.19008295930282457,chance
chance,chance,681,0.24938867774751527,chance
chance,chance,682,0.1874334718091993,chance
chance,chance,683,0.2329179285216224,chance
chance,chance,684,0.1781233295495636,chance
chance,chance,685,0.22293194270624558,chance
chance,chance,686,0.23331111548860675,chance
chance,chance,687,0.2308825115416366,chance
chance,chance,688,0.20325580765371246,chance
chance,chance,689,0.21314213868466014,chance
chance,chance,690,0.19734922928331192,chance
chance,chance,691,0.20979138432214212,chance
chance,chance,692,0.2434521853091744,chance
chance,chance,693,0.2198623674682791,chance
chance,chance,694,0.19981578083242127,chance
chance,chance,695,0.2317534657054026,chance
chance,chance,696,0.2351550920997909,chance
chance,chance,697,0.19756269338946286,chance
chance,chance,698,0.2007898428533914,chance
chance,chance,699,0.25957568010613014,chance
chance,chance,700,0.2002349145686379,chance
chance,chance,701,0.25591848441887827,chance
chance,chance,702,0.21318339357978622,chance
chance,chance,703,0.20994991050750492,chance
chance,chance,704,0.19135763434784786,chance
chance,chance,705,0.22971302496055068,chance
chance,chance,706,0.24457207194334127,chance
chance,chance,707,0.1999016271135485,chance
chance,chance,708,0.2239207370867752,chance
chance,chance,709,0.20685005189288105,chance
chance,chance,710,0.22284497634837322,chance
chance,chance,711,0.21293000737578427,chance
chance,chance,712,0.23035571618382697,chance
chance,chance,713,0.22127553212575718,chance
chance,chance,714,0.1999930150905668,chance
chance,chance,715,0.21391695898614638,chance
chance,chance,716,0.20317777391483866,chance
chance,chance,717,0.2290362083552164,chance
chance,chance,718,0.21883452648517285,chance
chance,chance,719,0.22283945833955257,chance
chance,chance,720,0.20099672583212078,chance
chance,chance,721,0.2289885352499137,chance
chance,chance,722,0.20168049587260056,chance
chance,chance,723,0.20255106459779876,chance
chance,chance,724,0.21627358584626416,chance
chance,chance,725,0.22231744187583866,chance
chance,chance,726,0.2309236132419862,chance
chance,chance,727,0.24961021524925175,chance
chance,chance,728,0.2310253052008628,chance
chance,chance,729,0.17951268530540232,chance
chance,chance,730,0.21584713972911376,chance
chance,chance,731,0.20389510568006292,chance
chance,chance,732,0.20609019593500294,chance
chance,chance,733,0.22020141767893772,chance
chance,chance,734,0.24265108720673517,chance
chance,chance,735,0.20625156799501226,chance
chance,chance,736,0.21833966612791833,chance
chance,chance,737,0.17087440995004097,chance
chance,chance,738,0.20014971826572953,chance
chance,chance,739,0.1927737381821468,chance
chance,chance,740,0.20602371859308835,chance
chance,chance,741,0.23800325818759702,chance
chance,chance,742,0.18879731590969695,chance
chance,chance,743,0.2520541254370429,chance
chance,chance,744,0.20604613480161746,chance
chance,chance,745,0.1999385976886589,chance
chance,chance,746,0.22094107518113731,chance
chance,chance,747,0.2171506072959142,chance
chance,chance,748,0.19269049901147742,chance
chance,chance,749,0.18611638305375378,chance
chance,chance,750,0.20573057726589136,chance
chance,chance,751,0.1832180972097784,chance
chance,chance,752,0.18094832560799015,chance
chance,chance,753,0.19253032628589278,chance
chance,chance,754,0.22244896126912028,chance
chance,chance,755,0.22801648448656756,chance
chance,chance,756,0.2178421036187232,chance
chance,chance,757,0.21141674961009746,chance
chance,chance,758,0.25103625851057204,chance
chance,chance,759,0.21839801413929205,chance
chance,chance,760,0.21580450525936123,chance
chance,chance,761,0.1819763614442547,chance
chance,chance,762,0.2592534311284131,chance
chance,chance,763,0.20127338298063321,chance
chance,chance,764,0.21466973160323607,chance
chance,chance,765,0.20227675463250655,chance
chance,chance,766,0.23159372370296025,chance
chance,chance,767,0.21738073546962394,chance
chance,chance,768,0.1958856525952012,chance
chance,chance,769,0.2395936757492126,chance
chance,chance,770,0.19667857391065482,chance
chance,chance,771,0.21141480498568702,chance
chance,chance,772,0.20942534368031712,chance
chance,chance,773,0.22787702145166255,chance
chance,chance,774,0.2287526598668948,chance
chance,chance,775,0.2154285869424862,chance
chance,chance,776,0.2099432346928459,chance
chance,chance,777,0.19010859677973982,chance
chance,chance,778,0.2010533823741603,chance
chance,chance,779,0.22360350143216765,chance
chance,chance,780,0.20145166618870652,chance
chance,chance,781,0.18014038640794833,chance
chance,chance,782,0.2363632604278538,chance
chance,chance,783,0.2132234704076986,chance
chance,chance,784,0.19438195467824673,chance
chance,chance,785,0.18428374225934838,chance
chance,chance,786,0.2057512715310445,chance
chance,chance,787,0.19552323839222915,chance
chance,chance,788,0.2730818908178273,chance
chance,chance,789,0.23238514255203932,chance
chance,chance,790,0.20257183977407164,chance
chance,chance,791,0.2375607048036473,chance
chance,chance,792,0.20816849887043806,chance
chance,chance,793,0.1939176244360125,chance
chance,chance,794,0.2155758505210936,chance
chance,chance,795,0.20891040495311644,chance
chance,chance,796,0.21943491793150952,chance
chance,chance,797,0.2014269931597083,chance
chance,chance,798,0.19921430551227862,chance
chance,chance,799,0.19791519777208416,chance
chance,chance,800,0.22768402713471156,chance
chance,chance,801,0.21926676492178784,chance
chance,chance,802,0.2051311085625787,chance
chance,chance,803,0.2082323012447149,chance
chance,chance,804,0.22795461786356996,chance
chance,chance,805,0.1841360043317725,chance
chance,chance,806,0.2146858369771914,chance
chance,chance,807,0.24045125223567354,chance
chance,chance,808,0.21145985074177578,chance
chance,chance,809,0.2092026567766359,chance
chance,chance,810,0.22283637296007486,chance
chance,chance,811,0.21146145137557748,chance
chance,chance,812,0.19597018542946854,chance
chance,chance,813,0.17330618136577222,chance
chance,chance,814,0.2180908629142878,chance
chance,chance,815,0.20216615338919028,chance
chance,chance,816,0.26273333997533943,chance
chance,chance,817,0.18920264598500405,chance
chance,chance,818,0.2167660481503839,chance
chance,chance,819,0.21305125939573194,chance
chance,chance,820,0.194158187014639,chance
chance,chance,821,0.17561078296596253,chance
chance,chance,822,0.22732653297761501,chance
chance,chance,823,0.20311941850488496,chance
chance,chance,824,0.19624594276134383,chance
chance,chance,825,0.23711977542249177,chance
chance,chance,826,0.21941260477783178,chance
chance,chance,827,0.21816479602207875,chance
chance,chance,828,0.25118468330444854,chance
chance,chance,829,0.20765790719349272,chance
chance,chance,830,0.19778902177923316,chance
chance,chance,831,0.21407071436579436,chance
chance,chance,832,0.22199555730623585,chance
chance,chance,833,0.21681343429516048,chance
chance,chance,834,0.19523756545643475,chance
chance,chance,835,0.22369774076667176,chance
chance,chance,836,0.23009946298478728,chance
chance,chance,837,0.19819096272966916,chance
chance,chance,838,0.2398657275631598,chance
chance,chance,839,0.19963381808719624,chance
chance,chance,840,0.21156592559177248,chance
chance,chance,841,0.1834141857318774,chance
chance,chance,842,0.21619985058190078,chance
chance,chance,843,0.24300276539706464,chance
chance,chance,844,0.26532818924985113,chance
chance,chance,845,0.1853430752132029,chance
chance,chance,846,0.17961398480766463,chance
chance,chance,847,0.19575829684910726,chance
chance,chance,848,0.19759725012262516,chance
chance,chance,849,0.20013937569922485,chance
chance,chance,850,0.2589165113351172,chance
chance,chance,851,0.18801652522907636,chance
chance,chance,852,0.19598756270005172,chance
chance,chance,853,0.19560449602990712,chance
chance,chance,854,0.2522772409899029,chance
chance,chance,855,0.196564551359022,chance
chance,chance,856,0.21816307388192568,chance
chance,chance,857,0.2324484177020269,chance
chance,chance,858,0.20925353870933688,chance
chance,chance,859,0.26194223707494224,chance
chance,chance,860,0.19329477052895266,chance
chance,chance,861,0.2131854581931829,chance
chance,chance,862,0.22066498660213027,chance
chance,chance,863,0.19288696049547335,chance
chance,chance,864,0.20175698631587405,chance
chance,chance,865,0.1985902524938219,chance
chance,chance,866,0.20660695615008673,chance
chance,chance,867,0.21674295813606842,chance
chance,chance,868,0.25457561118788224,chance
chance,chance,869,0.21862960873448536,chance
chance,chance,870,0.2220460567704032,chance
chance,chance,871,0.21650989137114265,chance
chance,chance,872,0.22994406472874718,chance
chance,chance,873,0.1960734444224458,chance
chance,chance,874,0.2194336427438824,chance
chance,chance,875,0.20396166625128295,chance
chance,chance,876,0.21355877839820195,chance
chance,chance,877,0.2121377197799591,chance
chance,chance,878,0.2063636293671639,chance
chance,chance,879,0.2500328314778878,chance
chance,chance,880,0.22539185217597127,chance
chance,chance,881,0.2017675539029265,chance
chance,chance,882,0.18398806958263442,chance
chance,chance,883,0.20898350209014063,chance
chance,chance,884,0.2120065806105905,chance
chance,chance,885,0.263212419539727,chance
chance,chance,886,0.20180280365468162,chance
chance,chance,887,0.22401514689154692,chance
chance,chance,888,0.23468449059381766,chance
chance,chance,889,0.19186717367422518,chance
chance,chance,890,0.21923559840618387,chance
chance,chance,891,0.22461737304571827,chance
chance,chance,892,0.2027703260902215,chance
chance,chance,893,0.22516421813599385,chance
chance,chance,894,0.25533258301350165,chance
chance,chance,895,0.21063684398792804,chance
chance,chance,896,0.18629129549758022,chance
chance,chance,897,0.19858045658912618,chance
chance,chance,898,0.1908096138357273,chance
chance,chance,899,0.18913845929267667,chance
chance,chance,900,0.2070635528187357,chance
chance,chance,901,0.20281482782165536,chance
chance,chance,902,0.19695347063757448,chance
chance,chance,903,0.18335176080151394,chance
chance,chance,904,0.21445347765160477,chance
chance,chance,905,0.20011429911317033,chance
chance,chance,906,0.27940505091760326,chance
chance,chance,907,0.23056023566124556,chance
chance,chance,908,0.1909419685908289,chance
chance,chance,909,0.2268302417615787,chance
chance,chance,910,0.2308405639609857,chance
chance,chance,911,0.20179763765392536,chance
chance,chance,912,0.20049698373302177,chance
chance,chance,913,0.2003066282644526,chance
chance,chance,914,0.206709675235795,chance
chance,chance,915,0.2117675560775218,chance
chance,chance,916,0.18950426193914974,chance
chance,chance,917,0.2559093398887183,chance
chance,chance,918,0.26708823232742834,chance
chance,chance,919,0.20356281285790845,chance
chance,chance,920,0.2059883700847034,chance
chance,chance,921,0.233243498754266,chance
chance,chance,922,0.18903869186777184,chance
chance,chance,923,0.19909842612480777,chance
chance,chance,924,0.249991639686842,chance
chance,chance,925,0.20277402974433587,chance
chance,chance,926,0.18925039324745405,chance
chance,chance,927,0.18931736422372786,chance
chance,chance,928,0.18933852015118513,chance
chance,chance,929,0.19172140195881063,chance
chance,chance,930,0.20020537602269578,chance
chance,chance,931,0.22133741836142948,chance
chance,chance,932,0.205522795876222,chance
chance,chance,933,0.21343089481702668,chance
chance,chance,934,0.22787859137666786,chance
chance,chance,935,0.18576735187519697,chance
chance,chance,936,0.1948733735678478,chance
chance,chance,937,0.19293655203597831,chance
chance,chance,938,0.19631508740602163,chance
chance,chance,939,0.20102020530672457,chance
chance,chance,940,0.23287871375403796,chance
chance,chance,941,0.23503607168058605,chance
chance,chance,942,0.22838792761968438,chance
chance,chance,943,0.2279700118408923,chance
chance,chance,944,0.1971347109177896,chance
chance,chance,945,0.2205842875340602,chance
chance,chance,946,0.2025932162649108,chance
chance,chance,947,0.19793678080363825,chance
chance,chance,948,0.21198366443315872,chance
chance,chance,949,0.20555644673932966,chance
chance,chance,950,0.2061913293066322,chance
chance,chance,951,0.1842559384810565,chance
chance,chance,952,0.22419451709167987,chance
chance,chance,953,0.19305450099707253,chance
chance,chance,954,0.1936342001838953,chance
chance,chance,955,0.20097758298861756,chance
chance,chance,956,0.2184023919000841,chance
chance,chance,957,0.2281187419390775,chance
chance,chance,958,0.21090537737767373,chance
chance,chance,959,0.1744680506680573,chance
chance,chance,960,0.27467357255747527,chance
chance,chance,961,0.2232281147586959,chance
chance,chance,962,0.22039074620239854,chance
chance,chance,963,0.23789071261171188,chance
chance,chance,964,0.18558238973710914,chance
chance,chance,965,0.20579308862718987,chance
chance,chance,966,0.2079822964821406,chance
chance,chance,967,0.18377250129784303,chance
chance,chance,968,0.2589597781696702,chance
chance,chance,969,0.21590987230185704,chance
chance,chance,970,0.21790714799600625,chance
chance,chance,971,0.2120786367468446,chance
chance,chance,972,0.20755860364394915,chance
chance,chance,973,0.20430332076425495,chance
chance,chance,974,0.23202234775478864,chance
chance,chance,975,0.3024340163725595,chance
chance,chance,976,0.22619628054309,chance
chance,chance,977,0.22100669223352687,chance
chance,chance,978,0.2060508591070946,chance
chance,chance,979,0.215907249846834,chance
chance,chance,980,0.22170807566783007,chance
chance,chance,981,0.20808697388083305,chance
chance,chance,982,0.2301103567100394,chance
chance,chance,983,0.1934300213396165,chance
chance,chance,984,0.209273628428512,chance
chance,chance,985,0.23779879035293813,chance
chance,chance,986,0.20272896337445118,chance
chance,chance,987,0.22250719027535235,chance
chance,chance,988,0.18670938901148348,chance
chance,chance,989,0.19842729120792102,chance
chance,chance,990,0.21962277857408563,chance
chance,chance,991,0.19175692259951355,chance
chance,chance,992,0.227221156791712,chance
chance,chance,993,0.233861609141253,chance
chance,chance,994,0.2002148766598909,chance
chance,chance,995,0.2158130554425134,chance
chance,chance,996,0.1855179476479907,chance
chance,chance,997,0.21932140636974645,chance
chance,chance,998,0.2313444655226497,chance
chance,chance,999,0.23508375643111096,chance
chance,chance,1000,0.2116424844043661,chance
chance,chance,1001,0.22104839599518122,chance
chance,chance,1002,0.22102147278524212,chance
chance,chance,1003,0.1916414070383952,chance
chance,chance,1004,0.22116077344324556,chance
chance,chance,1005,0.21860267485471346,chance
chance,chance,1006,0.20936586920989958,chance
chance,chance,1007,0.22041690509043724,chance
chance,chance,1008,0.21840420622605938,chance
chance,chance,1009,0.21946286402774362,chance
chance,chance,1010,0.22487729681128868,chance
chance,chance,1011,0.258661203298001,chance
chance,chance,1012,0.18830263293999794,chance
chance,chance,1013,0.2376070308963356,chance
chance,chance,1014,0.2025178317371753,chance
chance,chance,1015,0.1915317861876583,chance
chance,chance,1016,0.19051134475624196,chance
chance,chance,1017,0.19834745774943857,chance
chance,chance,1018,0.20991631737500177,chance
chance,chance,1019,0.19954569694278587,chance
chance,chance,1020,0.19652384026735614,chance
chance,chance,1021,0.20687443475737077,chance
chance,chance,1022,0.1926460555170599,chance
chance,chance,1023,0.19744187759730594,chance
chance,chance,1024,0.2169637507349615,chance
chance,chance,1025,0.23101522023380155,chance
chance,chance,1026,0.18487665366554173,chance
chance,chance,1027,0.20130614991935308,chance
chance,chance,1028,0.18305912345791736,chance
chance,chance,1029,0.21142255310306432,chance
chance,chance,1030,0.21407331000160473,chance
chance,chance,1031,0.19540446883829546,chance
chance,chance,1032,0.21176496887805482,chance
chance,chance,1033,0.2327604734953037,chance
chance,chance,1034,0.2041600108419878,chance
chance,chance,1035,0.2023667666751643,chance
chance,chance,1036,0.1953934498705381,chance
chance,chance,1037,0.2022686990570564,chance
chance,chance,1038,0.2030478054165517,chance
chance,chance,1039,0.21969616838972614,chance
chance,chance,1040,0.22904774065070552,chance
chance,chance,1041,0.20108627918883346,chance
chance,chance,1042,0.3326389390517351,chance
chance,chance,1043,0.26667557906205647,chance
chance,chance,1044,0.24670375832363287,chance
chance,chance,1045,0.21128485962392407,chance
chance,chance,1046,0.192492058486773,chance
chance,chance,1047,0.2217239968116354,chance
chance,chance,1048,0.18524346124162117,chance
chance,chance,1049,0.21106939362631227,chance
chance,chance,1050,0.22556083325572465,chance
chance,chance,1051,0.21296486941118953,chance
chance,chance,1052,0.2121228432459804,chance
chance,chance,1053,0.19463049272083727,chance
chance,chance,1054,0.20173702638818175,chance
chance,chance,1055,0.20446644662879349,chance
chance,chance,1056,0.2369779819445063,chance
chance,chance,1057,0.24729234929207,chance
chance,chance,1058,0.2176344716616374,chance
chance,chance,1059,0.18483870336232322,chance
chance,chance,1060,0.20991960851739516,chance
chance,chance,1061,0.21517626219498773,chance
chance,chance,1062,0.217491262900066,chance
chance,chance,1063,0.2022854067376142,chance
chance,chance,1064,0.2799546358147492,chance
chance,chance,1065,0.2100158199217624,chance
chance,chance,1066,0.2044948502050169,chance
chance,chance,1067,0.21070180411773456,chance
chance,chance,1068,0.20805997723521405,chance
chance,chance,1069,0.2090293981209009,chance
chance,chance,1070,0.2123261391494778,chance
chance,chance,1071,0.19231927544386318,chance
chance,chance,1072,0.19067970673370382,chance
chance,chance,1073,0.20961367903756953,chance
chance,chance,1074,0.188194093480826,chance
chance,chance,1075,0.20112615827323993,chance
chance,chance,1076,0.23946285650478885,chance
chance,chance,1077,0.22139594155736406,chance
chance,chance,1078,0.20845025130956435,chance
chance,chance,1079,0.18833891103523404,chance
chance,chance,1080,0.20852968628017998,chance
chance,chance,1081,0.22320897127330483,chance
chance,chance,1082,0.21550096628582047,chance
chance,chance,1083,0.21160263228459755,chance
chance,chance,1084,0.22211059366824942,chance
chance,chance,1085,0.18371359786375566,chance
chance,chance,1086,0.22018024005385461,chance
chance,chance,1087,0.20244329395638921,chance
chance,chance,1088,0.183513328592045,chance
chance,chance,1089,0.20754537248376861,chance
chance,chance,1090,0.2118907301365648,chance
chance,chance,1091,0.19567203283694573,chance
chance,chance,1092,0.22681013752177906,chance
chance,chance,1093,0.19667326805422733,chance
chance,chance,1094,0.210543667063922,chance
chance,chance,1095,0.26339684436749267,chance
chance,chance,1096,0.22556830868121588,chance
chance,chance,1097,0.2203347086101793,chance
chance,chance,1098,0.20829248475400078,chance
chance,chance,1099,0.20480906459629797,chance
chance,chance,1100,0.2537260656440867,chance
chance,chance,1101,0.18692971385063323,chance
chance,chance,1102,0.21581871416059167,chance
chance,chance,1103,0.209772604178433,chance
chance,chance,1104,0.21653257528257025,chance
chance,chance,1105,0.19180843437612502,chance
chance,chance,1106,0.256021109386512,chance
chance,chance,1107,0.21452076941702497,chance
chance,chance,1108,0.23407327509018633,chance
chance,chance,1109,0.20649860611673054,chance
chance,chance,1110,0.2253393173330772,chance
chance,chance,1111,0.22097675642559444,chance
chance,chance,1112,0.1929121347231493,chance
chance,chance,1113,0.22034460663249975,chance
chance,chance,1114,0.21140385185350213,chance
chance,chance,1115,0.22053732895404857,chance
chance,chance,1116,0.23880259628500636,chance
chance,chance,1117,0.23165928280260686,chance
chance,chance,1118,0.20163572019538833,chance
chance,chance,1119,0.20481340000396464,chance
chance,chance,1120,0.24273674486803026,chance
chance,chance,1121,0.21022631659510727,chance
chance,chance,1122,0.24308855672410148,chance
chance,chance,1123,0.2112479415485438,chance
chance,chance,1124,0.2218732286238883,chance
chance,chance,1125,0.21133503607180765,chance
chance,chance,1126,0.19225484850762353,chance
chance,chance,1127,0.22451261755874405,chance
chance,chance,1128,0.21272279323268362,chance
chance,chance,1129,0.20296625228709944,chance
chance,chance,1130,0.21170627070776057,chance
chance,chance,1131,0.25999028442168415,chance
chance,chance,1132,0.20189913921529315,chance
chance,chance,1133,0.20055882866756075,chance
chance,chance,1134,0.18677671808638727,chance
chance,chance,1135,0.275304561742056,chance
chance,chance,1136,0.22099110655961796,chance
chance,chance,1137,0.18911350718408518,chance
chance,chance,1138,0.21686839251702567,chance
chance,chance,1139,0.2309935275422964,chance
chance,chance,1140,0.23416712437642911,chance
chance,chance,1141,0.2407614224352276,chance
chance,chance,1142,0.2284043223086127,chance
chance,chance,1143,0.1907826956503178,chance
chance,chance,1144,0.2041024273784887,chance
chance,chance,1145,0.22518279976310024,chance
chance,chance,1146,0.20554057708838686,chance
chance,chance,1147,0.20663518933621972,chance
chance,chance,1148,0.22145530140858635,chance
chance,chance,1149,0.28879917880685313,chance
chance,chance,1150,0.188656332453314,chance
chance,chance,1151,0.20099378181070748,chance
chance,chance,1152,0.20888715763140606,chance
chance,chance,1153,0.2213982502012874,chance
chance,chance,1154,0.21231757359833528,chance
chance,chance,1155,0.26754993233177105,chance
chance,chance,1156,0.22945153988974468,chance
chance,chance,1157,0.24081014244931806,chance
chance,chance,1158,0.21531567373467933,chance
chance,chance,1159,0.19732153857468485,chance
chance,chance,1160,0.19152574569244857,chance
chance,chance,1161,0.2023604516775832,chance
chance,chance,1162,0.23504810259720937,chance
chance,chance,1163,0.19539340164932636,chance
chance,chance,1164,0.19575462546921013,chance
chance,chance,1165,0.24037891655111315,chance
chance,chance,1166,0.21727342097126662,chance
chance,chance,1167,0.22149798348446095,chance
chance,chance,1168,0.21616575134339513,chance
chance,chance,1169,0.22285924528234646,chance
chance,chance,1170,0.18669974970183015,chance
chance,chance,1171,0.20335488866839055,chance
chance,chance,1172,0.23203985392696302,chance
chance,chance,1173,0.2050317250258725,chance
chance,chance,1174,0.22242151382179234,chance
chance,chance,1175,0.2215534011747959,chance
chance,chance,1176,0.19780289551637928,chance
chance,chance,1177,0.20707617042082896,chance
chance,chance,1178,0.2329312213862845,chance
chance,chance,1179,0.245955697360557,chance
chance,chance,1180,0.22647181186488385,chance
chance,chance,1181,0.20207522027388447,chance
chance,chance,1182,0.20588211853087793,chance
chance,chance,1183,0.21254462923615092,chance
chance,chance,1184,0.2552152359038124,chance
chance,chance,1185,0.2091739393373155,chance
chance,chance,1186,0.1870825282738604,chance
chance,chance,1187,0.21797801847571283,chance
chance,chance,1188,0.21408699607063839,chance
chance,chance,1189,0.21129693989313364,chance
chance,chance,1190,0.18880662130526674,chance
chance,chance,1191,0.2145899861855069,chance
chance,chance,1192,0.21899731018255622,chance
chance,chance,1193,0.2035014940248423,chance
chance,chance,1194,0.1960705071008522,chance
chance,chance,1195,0.21975465886727885,chance
chance,chance,1196,0.23618782542626798,chance
chance,chance,1197,0.21935708579188512,chance
chance,chance,1198,0.20576105232814015,chance
chance,chance,1199,0.17369284547551844,chance
chance,chance,1200,0.19056395655096747,chance
chance,chance,1201,0.2267638474975886,chance
chance,chance,1202,0.22413382470460003,chance
chance,chance,1203,0.235867728337504,chance
chance,chance,1204,0.19577983436642826,chance
chance,chance,1205,0.20241189603210236,chance
chance,chance,1206,0.208669455882445,chance
chance,chance,1207,0.22815911530070623,chance
chance,chance,1208,0.24572447890582205,chance
chance,chance,1209,0.23453255262402045,chance
chance,chance,1210,0.18866136016089172,chance
chance,chance,1211,0.17412221676249395,chance
chance,chance,1212,0.1943663540155427,chance
chance,chance,1213,0.22154985182225181,chance
chance,chance,1214,0.1981941471974408,chance
chance,chance,1215,0.204830355491634,chance
chance,chance,1216,0.19335980276318857,chance
chance,chance,1217,0.24315571979587128,chance
chance,chance,1218,0.2293608472770869,chance
chance,chance,1219,0.20201279014029208,chance
chance,chance,1220,0.23421338407225256,chance
chance,chance,1221,0.19815710225021702,chance
chance,chance,1222,0.22631069141581248,chance
chance,chance,1223,0.1987965250891048,chance
chance,chance,1224,0.2556416487294987,chance
chance,chance,1225,0.20064057298403393,chance
chance,chance,1226,0.20796165184599924,chance
chance,chance,1227,0.23532635002938146,chance
chance,chance,1228,0.24670492336503413,chance
chance,chance,1229,0.23750586208741034,chance
chance,chance,1230,0.22093151131872402,chance
chance,chance,1231,0.21841425916572257,chance
chance,chance,1232,0.25526408341583234,chance
chance,chance,1233,0.21513930951710816,chance
chance,chance,1234,0.21671542360245544,chance
chance,chance,1235,0.227165537866824,chance
chance,chance,1236,0.18784299246805264,chance
chance,chance,1237,0.21731957051284526,chance
chance,chance,1238,0.19572772361361823,chance
chance,chance,1239,0.2068391234570803,chance
chance,chance,1240,0.2454177795330654,chance
chance,chance,1241,0.17352566796535576,chance
chance,chance,1242,0.20494701801092644,chance
chance,chance,1243,0.19694932092491577,chance
chance,chance,1244,0.2213782843964596,chance
chance,chance,1245,0.21467604363596235,chance
chance,chance,1246,0.20299940938371536,chance
chance,chance,1247,0.21762412403460443,chance
chance,chance,1248,0.235686091006131,chance
chance,chance,1249,0.1915431212332456,chance
chance,chance,1250,0.21053096044858977,chance
chance,chance,1251,0.20536515118484885,chance
chance,chance,1252,0.22169584897267672,chance
chance,chance,1253,0.1831558256269171,chance
chance,chance,1254,0.19856449806570617,chance
chance,chance,1255,0.25935352402048006,chance
chance,chance,1256,0.1776735124856877,chance
chance,chance,1257,0.1942318303225029,chance
chance,chance,1258,0.20109610080059978,chance
chance,chance,1259,0.24288141003262084,chance
chance,chance,1260,0.21452043692973294,chance
chance,chance,1261,0.19362257280239595,chance
chance,chance,1262,0.23289963590032328,chance
chance,chance,1263,0.2104272968398969,chance
chance,chance,1264,0.23475420661448326,chance
chance,chance,1265,0.19260053216736897,chance
chance,chance,1266,0.2050746680325098,chance
chance,chance,1267,0.22377854503477215,chance
chance,chance,1268,0.21395335720153985,chance
chance,chance,1269,0.19844256752085737,chance
chance,chance,1270,0.21923687216941234,chance
chance,chance,1271,0.20267371586958968,chance
chance,chance,1272,0.218049880533255,chance
chance,chance,1273,0.26517542364621344,chance
chance,chance,1274,0.18225792626213708,chance
chance,chance,1275,0.26048066810241205,chance
chance,chance,1276,0.21275066122482986,chance
chance,chance,1277,0.2297657799259578,chance
chance,chance,1278,0.2010065691165744,chance
chance,chance,1279,0.2304264386848889,chance
chance,chance,1280,0.24251400070868978,chance
chance,chance,1281,0.21225855557879703,chance
chance,chance,1282,0.18685736059519092,chance
chance,chance,1283,0.2124779295880141,chance
chance,chance,1284,0.21479337724738215,chance
chance,chance,1285,0.2615607862483574,chance
chance,chance,1286,0.207253039437686,chance
chance,chance,1287,0.2086190444218527,chance
chance,chance,1288,0.21817627454764324,chance
chance,chance,1289,0.19005910153514766,chance
chance,chance,1290,0.22911098021350682,chance
chance,chance,1291,0.2117569200966914,chance
chance,chance,1292,0.21392920737420515,chance
chance,chance,1293,0.23433125998474255,chance
chance,chance,1294,0.20932271537349703,chance
chance,chance,1295,0.19385037301399974,chance
chance,chance,1296,0.23199073065432455,chance
chance,chance,1297,0.20066591207143278,chance
chance,chance,1298,0.23767749726420476,chance
chance,chance,1299,0.2116815020915371,chance
chance,chance,1300,0.213710392661855,chance
chance,chance,1301,0.22649053773604175,chance
chance,chance,1302,0.21265196689968055,chance
chance,chance,1303,0.18420610478990468,chance
chance,chance,1304,0.2138202350321277,chance
chance,chance,1305,0.20271847484962172,chance
chance,chance,1306,0.20177684606732355,chance
chance,chance,1307,0.18039837566336409,chance
chance,chance,1308,0.2078484511029634,chance
chance,chance,1309,0.17521746502073682,chance
chance,chance,1310,0.2500814137622744,chance
chance,chance,1311,0.25716988986986056,chance
chance,chance,1312,0.19451408133039058,chance
chance,chance,1313,0.2230877180189743,chance
chance,chance,1314,0.18862135082715445,chance
chance,chance,1315,0.18530972711847696,chance
chance,chance,1316,0.20893855499130254,chance
chance,chance,1317,0.2083716393619688,chance
chance,chance,1318,0.1827481181448272,chance
chance,chance,1319,0.21401086830837882,chance
chance,chance,1320,0.22799287990384384,chance
chance,chance,1321,0.1879981248822629,chance
chance,chance,1322,0.21304138587481397,chance
chance,chance,1323,0.20226039489236092,chance
chance,chance,1324,0.20100675942409074,chance
chance,chance,1325,0.21730224909717744,chance
chance,chance,1326,0.19702470025123384,chance
chance,chance,1327,0.19286447939416865,chance
chance,chance,1328,0.2202409568797208,chance
chance,chance,1329,0.19769388047360265,chance
chance,chance,1330,0.2597419892077335,chance
chance,chance,1331,0.22379359403599752,chance
chance,chance,1332,0.19326269895574763,chance
chance,chance,1333,0.1931263348380097,chance
chance,chance,1334,0.2111228107895881,chance
chance,chance,1335,0.18486324403609536,chance
chance,chance,1336,0.28036581314297443,chance
chance,chance,1337,0.1987450961352904,chance
chance,chance,1338,0.19977420411529806,chance
chance,chance,1339,0.195645437212077,chance
chance,chance,1340,0.22284004279790043,chance
chance,chance,1341,0.1965091717337324,chance
chance,chance,1342,0.21358143605144406,chance
chance,chance,1343,0.20697957277693352,chance
chance,chance,1344,0.19111770296049593,chance
chance,chance,1345,0.20572411321536127,chance
chance,chance,1346,0.19313654733660277,chance
chance,chance,1347,0.22572541748141162,chance
chance,chance,1348,0.21363793054221264,chance
chance,chance,1349,0.2112957418801041,chance
chance,chance,1350,0.2515775272008418,chance
chance,chance,1351,0.23572929978356263,chance
chance,chance,1352,0.21843535459595279,chance
chance,chance,1353,0.20755955043992255,chance
chance,chance,1354,0.24577422467121826,chance
chance,chance,1355,0.22824724245544808,chance
chance,chance,1356,0.21198421698338848,chance
chance,chance,1357,0.20129241034001666,chance
chance,chance,1358,0.2450484141137997,chance
chance,chance,1359,0.19504094277348696,chance
chance,chance,1360,0.2273281656656852,chance
chance,chance,1361,0.20378642307059736,chance
chance,chance,1362,0.20865923339804027,chance
chance,chance,1363,0.2222659043223402,chance
chance,chance,1364,0.22712555113736918,chance
chance,chance,1365,0.19253923887374072,chance
chance,chance,1366,0.20755063196484425,chance
chance,chance,1367,0.18311452273663534,chance
chance,chance,1368,0.21042498246032912,chance
chance,chance,1369,0.2005773064543761,chance
chance,chance,1370,0.20218137518004883,chance
chance,chance,1371,0.23779154637628014,chance
chance,chance,1372,0.24540292114071527,chance
chance,chance,1373,0.2363615244300226,chance
chance,chance,1374,0.209359730109681,chance
chance,chance,1375,0.18215345684500814,chance
chance,chance,1376,0.21693804977755043,chance
chance,chance,1377,0.1859580898189107,chance
chance,chance,1378,0.2099936890462575,chance
chance,chance,1379,0.20055855443999165,chance
chance,chance,1380,0.2079388469311816,chance
chance,chance,1381,0.20078042900389587,chance
chance,chance,1382,0.20917076534238277,chance
chance,chance,1383,0.2069935664341016,chance
chance,chance,1384,0.23591584737356064,chance
chance,chance,1385,0.22188893002665586,chance
chance,chance,1386,0.2220555052566608,chance
chance,chance,1387,0.21863094434982658,chance
chance,chance,1388,0.2271424101632161,chance
chance,chance,1389,0.1955471553019642,chance
chance,chance,1390,0.20538643354058933,chance
chance,chance,1391,0.23186828630964093,chance
chance,chance,1392,0.21954100929652673,chance
chance,chance,1393,0.2426453258231432,chance
chance,chance,1394,0.22860062484699248,chance
chance,chance,1395,0.21194632566577823,chance
chance,chance,1396,0.21163846137207745,chance
chance,chance,1397,0.22692137284754338,chance
chance,chance,1398,0.22689750313280713,chance
chance,chance,1399,0.19569125125130832,chance
chance,chance,1400,0.2246075917843123,chance
chance,chance,1401,0.20540908502871058,chance
chance,chance,1402,0.23660123785266438,chance
chance,chance,1403,0.23390241028656877,chance
chance,chance,1404,0.22654520179894522,chance
chance,chance,1405,0.20797867792082178,chance
chance,chance,1406,0.23741184539784194,chance
chance,chance,1407,0.2250935487306804,chance
chance,chance,1408,0.26205523656392266,chance
chance,chance,1409,0.2070665588597018,chance
chance,chance,1410,0.20734691514783785,chance
chance,chance,1411,0.23421787463187568,chance
chance,chance,1412,0.24489799455042138,chance
chance,chance,1413,0.23015267979696793,chance
chance,chance,1414,0.23662645316667,chance
chance,chance,1415,0.2424434524799993,chance
chance,chance,1416,0.21569053216899972,chance
chance,chance,1417,0.17291456372298558,chance
chance,chance,1418,0.2234771752128161,chance
chance,chance,1419,0.21946658583822004,chance
chance,chance,1420,0.17924282795392943,chance
chance,chance,1421,0.24044008070830222,chance
chance,chance,1422,0.2529305979995361,chance
chance,chance,1423,0.20260091109762532,chance
chance,chance,1424,0.2066710087980497,chance
chance,chance,1425,0.2001040608661801,chance
chance,chance,1426,0.20615302022428372,chance
chance,chance,1427,0.20410833120521737,chance
chance,chance,1428,0.2045088860103796,chance
chance,chance,1429,0.21207689228493115,chance
chance,chance,1430,0.21853690933625516,chance
chance,chance,1431,0.21273733546607151,chance
chance,chance,1432,0.2182293507155262,chance
chance,chance,1433,0.24059481397559523,chance
chance,chance,1434,0.1827596486045438,chance
chance,chance,1435,0.1904872987841912,chance
chance,chance,1436,0.2007257622702418,chance
chance,chance,1437,0.20061310632051166,chance
chance,chance,1438,0.20524105911689902,chance
chance,chance,1439,0.18559228491406676,chance
chance,chance,1440,0.20101129880809712,chance
chance,chance,1441,0.21489485260857097,chance
chance,chance,1442,0.20852129899097457,chance
chance,chance,1443,0.17407939424395955,chance
chance,chance,1444,0.22437544932986717,chance
chance,chance,1445,0.19492820462527174,chance
chance,chance,1446,0.24759714148170608,chance
chance,chance,1447,0.20351562209627147,chance
chance,chance,1448,0.2139605553937564,chance
chance,chance,1449,0.23749919067468855,chance
chance,chance,1450,0.21994376858765688,chance
chance,chance,1451,0.2392187994966182,chance
chance,chance,1452,0.23680518535521028,chance
chance,chance,1453,0.22021129544437906,chance
chance,chance,1454,0.18730977120344358,chance
chance,chance,1455,0.20174403962095724,chance
chance,chance,1456,0.23805110711848193,chance
chance,chance,1457,0.19694730244070172,chance
chance,chance,1458,0.2076709401878842,chance
chance,chance,1459,0.19766463620531666,chance
chance,chance,1460,0.20855684987728512,chance
chance,chance,1461,0.21514131989987811,chance
chance,chance,1462,0.20684577042029872,chance
chance,chance,1463,0.22620708133274817,chance
chance,chance,1464,0.20050327119700528,chance
chance,chance,1465,0.24679436113260325,chance
chance,chance,1466,0.18608292313778338,chance
chance,chance,1467,0.21026630573547464,chance
chance,chance,1468,0.212218519009317,chance
chance,chance,1469,0.19552366234106536,chance
chance,chance,1470,0.19442256311643297,chance
chance,chance,1471,0.21555763917585222,chance
chance,chance,1472,0.1944594823045268,chance
chance,chance,1473,0.22724939526940935,chance
chance,chance,1474,0.18447406214443196,chance
chance,chance,1475,0.20347611429923698,chance
chance,chance,1476,0.19522264787578225,chance
chance,chance,1477,0.19930260607213982,chance
chance,chance,1478,0.21860387757260683,chance
chance,chance,1479,0.25831529991273094,chance
chance,chance,1480,0.2068503809173207,chance
chance,chance,1481,0.1910694060192612,chance
chance,chance,1482,0.18344174049218448,chance
chance,chance,1483,0.19643283314402643,chance
chance,chance,1484,0.2371929660693473,chance
chance,chance,1485,0.21010889626705342,chance
chance,chance,1486,0.22947907675542725,chance
chance,chance,1487,0.2010139743199828,chance
chance,chance,1488,0.17529523784811635,chance
chance,chance,1489,0.2078011972075748,chance
chance,chance,1490,0.2345290999237121,chance
chance,chance,1491,0.2214352569503317,chance
chance,chance,1492,0.22733977985358875,chance
chance,chance,1493,0.28618646647703916,chance
chance,chance,1494,0.20478259995410453,chance
chance,chance,1495,0.19199070400167836,chance
chance,chance,1496,0.18820987331778183,chance
chance,chance,1497,0.22650697942672587,chance
chance,chance,1498,0.22713259800909463,chance
chance,chance,1499,0.19904117180787556,chance
chance,chance,1500,0.21331947212951669,chance
chance,chance,1501,0.19936949040439964,chance
chance,chance,1502,0.18636917462169966,chance
chance,chance,1503,0.22432978893932484,chance
chance,chance,1504,0.20082822733613429,chance
chance,chance,1505,0.26709651880206225,chance
chance,chance,1506,0.2048901500215656,chance
chance,chance,1507,0.1996395816929313,chance
chance,chance,1508,0.20651844236553088,chance
chance,chance,1509,0.21912631417657283,chance
chance,chance,1510,0.20220185010772176,chance
chance,chance,1511,0.20715354067323144,chance
chance,chance,1512,0.1775583432056142,chance
chance,chance,1513,0.20543699399151535,chance
chance,chance,1514,0.21329802501575948,chance
chance,chance,1515,0.22353475578324747,chance
chance,chance,1516,0.21451978473132316,chance
chance,chance,1517,0.20744976160291317,chance
chance,chance,1518,0.1851964550312543,chance
chance,chance,1519,0.22221305134280916,chance
chance,chance,1520,0.20428006622931166,chance
chance,chance,1521,0.1970718191502717,chance
chance,chance,1522,0.20052887994582014,chance
chance,chance,1523,0.1896138655190511,chance
chance,chance,1524,0.2137277979499979,chance
chance,chance,1525,0.22717021434612683,chance
chance,chance,1526,0.2260293433787418,chance
chance,chance,1527,0.21033769610822917,chance
chance,chance,1528,0.23834772353532085,chance
chance,chance,1529,0.19750653449852623,chance
chance,chance,1530,0.19972238713589704,chance
chance,chance,1531,0.19988932426255018,chance
chance,chance,1532,0.2598794765978489,chance
chance,chance,1533,0.21766389231142427,chance
chance,chance,1534,0.21332660913647863,chance
chance,chance,1535,0.19325566344058784,chance
chance,chance,1536,0.24212031845875864,chance
chance,chance,1537,0.20753665998515153,chance
chance,chance,1538,0.2395235585039385,chance
chance,chance,1539,0.23680667159855512,chance
chance,chance,1540,0.19873181506390566,chance
chance,chance,1541,0.19313936038745116,chance
chance,chance,1542,0.1786116216321019,chance
chance,chance,1543,0.22201722517442382,chance
chance,chance,1544,0.22522041231421014,chance
chance,chance,1545,0.2412229152250492,chance
chance,chance,1546,0.2328269120686223,chance
chance,chance,1547,0.22131682090719074,chance
chance,chance,1548,0.19396127294578153,chance
chance,chance,1549,0.21495124751121092,chance
chance,chance,1550,0.23579921772917722,chance
chance,chance,1551,0.241976967086718,chance
chance,chance,1552,0.20877219634191657,chance
chance,chance,1553,0.2401702066814126,chance
chance,chance,1554,0.2104533643188872,chance
chance,chance,1555,0.21573843067643242,chance
chance,chance,1556,0.19627134945816122,chance
chance,chance,1557,0.18283993057897735,chance
chance,chance,1558,0.22696872115780953,chance
chance,chance,1559,0.1954285725765256,chance
chance,chance,1560,0.2532683045466553,chance
chance,chance,1561,0.2210668919405271,chance
chance,chance,1562,0.23704658003657997,chance
chance,chance,1563,0.21626387981784434,chance
chance,chance,1564,0.1835849235915206,chance
chance,chance,1565,0.1950252573047997,chance
chance,chance,1566,0.20963506666237247,chance
chance,chance,1567,0.24243639949400086,chance
chance,chance,1568,0.21602130485557813,chance
chance,chance,1569,0.19690188642248638,chance
chance,chance,1570,0.2067512623502367,chance
chance,chance,1571,0.19509273358973173,chance
chance,chance,1572,0.21976153537341028,chance
chance,chance,1573,0.21702437353836174,chance
chance,chance,1574,0.19626438244467978,chance
chance,chance,1575,0.21954377951921136,chance
chance,chance,1576,0.21252473725179893,chance
chance,chance,1577,0.20875499617481008,chance
chance,chance,1578,0.24169711050834097,chance
chance,chance,1579,0.21367021686230636,chance
chance,chance,1580,0.24931496912757448,chance
chance,chance,1581,0.22815578841387438,chance
chance,chance,1582,0.17827808182817712,chance
chance,chance,1583,0.2325568932736815,chance
chance,chance,1584,0.19728631029110816,chance
chance,chance,1585,0.24952525424014396,chance
chance,chance,1586,0.21474787948158794,chance
chance,chance,1587,0.2211964433141767,chance
chance,chance,1588,0.20154584369645243,chance
chance,chance,1589,0.24135448550474267,chance
chance,chance,1590,0.19523169528376436,chance
chance,chance,1591,0.2006093871645554,chance
chance,chance,1592,0.2013102936732736,chance
chance,chance,1593,0.19956922209988062,chance
chance,chance,1594,0.2604822334928611,chance
chance,chance,1595,0.20274437780174287,chance
chance,chance,1596,0.2062195639537923,chance
chance,chance,1597,0.19328488307681543,chance
chance,chance,1598,0.20537986661150534,chance
chance,chance,1599,0.24415807820988444,chance
chance,chance,1600,0.22893639884200181,chance
chance,chance,1601,0.2372591393243365,chance
chance,chance,1602,0.1920069930526492,chance
chance,chance,1603,0.19797566079064202,chance
chance,chance,1604,0.21497951711747357,chance
chance,chance,1605,0.20820220558204391,chance
chance,chance,1606,0.2109422615114408,chance
chance,chance,1607,0.25903540160745525,chance
chance,chance,1608,0.23345820652340588,chance
chance,chance,1609,0.22871091741019833,chance
chance,chance,1610,0.21901572448628678,chance
chance,chance,1611,0.18429054872601805,chance
chance,chance,1612,0.24677878832692343,chance
chance,chance,1613,0.1960442561273826,chance
chance,chance,1614,0.20277912881816146,chance
chance,chance,1615,0.21297124077814888,chance
chance,chance,1616,0.22051778492475183,chance
chance,chance,1617,0.20497668219292586,chance
chance,chance,1618,0.23236624271737907,chance
chance,chance,1619,0.20718158919459587,chance
chance,chance,1620,0.21064965895327287,chance
chance,chance,1621,0.26997547914192493,chance
chance,chance,1622,0.20720496682772177,chance
chance,chance,1623,0.21780359450414902,chance
chance,chance,1624,0.2589775132846002,chance
chance,chance,1625,0.19520659270252014,chance
chance,chance,1626,0.19209808433365752,chance
chance,chance,1627,0.21293383226771948,chance
chance,chance,1628,0.19065850934383993,chance
chance,chance,1629,0.2017343554932552,chance
chance,chance,1630,0.24106437044686355,chance
chance,chance,1631,0.21214962095565648,chance
chance,chance,1632,0.2170305504278619,chance
chance,chance,1633,0.21383511067211364,chance
chance,chance,1634,0.2137807855062544,chance
chance,chance,1635,0.22263095800804444,chance
chance,chance,1636,0.20959903276901176,chance
chance,chance,1637,0.19320312870908968,chance
chance,chance,1638,0.23069904579579845,chance
chance,chance,1639,0.2054215910597619,chance
chance,chance,1640,0.21657135055705845,chance
chance,chance,1641,0.1957890476562277,chance
chance,chance,1642,0.25005044141533583,chance
chance,chance,1643,0.220332808976585,chance
chance,chance,1644,0.2014097525066913,chance
chance,chance,1645,0.2268487004657321,chance
chance,chance,1646,0.20366705277117805,chance
chance,chance,1647,0.23218843710123058,chance
chance,chance,1648,0.22298100256288314,chance
chance,chance,1649,0.24936895934417816,chance
chance,chance,1650,0.23039521055089396,chance
chance,chance,1651,0.23405118457341392,chance
chance,chance,1652,0.18965223944963705,chance
chance,chance,1653,0.2226191256097668,chance
chance,chance,1654,0.24554121783721752,chance
chance,chance,1655,0.19357069364675994,chance
chance,chance,1656,0.20809757121007783,chance
chance,chance,1657,0.19554965245250197,chance
chance,chance,1658,0.19890775983159115,chance
chance,chance,1659,0.20900199378101797,chance
chance,chance,1660,0.18447764210865217,chance
chance,chance,1661,0.2114987496800983,chance
chance,chance,1662,0.19197226327146283,chance
chance,chance,1663,0.20590235873736132,chance
chance,chance,1664,0.19067223651096374,chance
chance,chance,1665,0.19357563463595767,chance
chance,chance,1666,0.20163205348100505,chance
chance,chance,1667,0.21504023619563364,chance
chance,chance,1668,0.23466483001301547,chance
chance,chance,1669,0.1884544404590651,chance
chance,chance,1670,0.20909895796280686,chance
chance,chance,1671,0.20822698498043327,chance
chance,chance,1672,0.21884663235489277,chance
chance,chance,1673,0.18163016059280107,chance
chance,chance,1674,0.18988616763095353,chance
chance,chance,1675,0.20009309419747134,chance
chance,chance,1676,0.23047958427807078,chance
chance,chance,1677,0.21643367536761313,chance
chance,chance,1678,0.18822554294851201,chance
chance,chance,1679,0.22556099903239596,chance
chance,chance,1680,0.2024848886428152,chance
chance,chance,1681,0.18211407064267282,chance
chance,chance,1682,0.242977510829285,chance
chance,chance,1683,0.22978046944232366,chance
chance,chance,1684,0.22213063006076228,chance
chance,chance,1685,0.19340830501064898,chance
chance,chance,1686,0.20816141321687348,chance
chance,chance,1687,0.22938324421194356,chance
chance,chance,1688,0.2071804224831508,chance
chance,chance,1689,0.19969204354613995,chance
chance,chance,1690,0.19569265379648737,chance
chance,chance,1691,0.23125398962139174,chance
chance,chance,1692,0.18743641891731833,chance
chance,chance,1693,0.17879576440001538,chance
chance,chance,1694,0.2275080296507715,chance
chance,chance,1695,0.19827440961908196,chance
chance,chance,1696,0.2092759666866711,chance
chance,chance,1697,0.21578659084977309,chance
chance,chance,1698,0.22584984535364303,chance
chance,chance,1699,0.252892123323282,chance
chance,chance,1700,0.22750081983822432,chance
chance,chance,1701,0.21310573506353736,chance
chance,chance,1702,0.22670052962740436,chance
chance,chance,1703,0.24726936867777047,chance
chance,chance,1704,0.1831894748897078,chance
chance,chance,1705,0.20779111835308717,chance
chance,chance,1706,0.23723736486670677,chance
chance,chance,1707,0.2075475574251228,chance
chance,chance,1708,0.1819229898409346,chance
chance,chance,1709,0.20962371323159454,chance
chance,chance,1710,0.22156293307357502,chance
chance,chance,1711,0.2428966601592662,chance
chance,chance,1712,0.1998060897598006,chance
chance,chance,1713,0.1974861685040993,chance
chance,chance,1714,0.22163773808588313,chance
chance,chance,1715,0.18558509905956705,chance
chance,chance,1716,0.22370087359493365,chance
chance,chance,1717,0.21181848752997484,chance
chance,chance,1718,0.20225859988787157,chance
chance,chance,1719,0.196603366141365,chance
chance,chance,1720,0.19973680160993812,chance
chance,chance,1721,0.19692305557747095,chance
chance,chance,1722,0.1856299696724588,chance
chance,chance,1723,0.20224085623385224,chance
chance,chance,1724,0.23515947847815527,chance
chance,chance,1725,0.2015003852855131,chance
chance,chance,1726,0.2299005999832846,chance
chance,chance,1727,0.1835686064948901,chance
chance,chance,1728,0.22710829596659063,chance
chance,chance,1729,0.20156138428102088,chance
chance,chance,1730,0.2201851908282688,chance
chance,chance,1731,0.21027402220818564,chance
chance,chance,1732,0.21598681104660236,chance
chance,chance,1733,0.2255765742699007,chance
chance,chance,1734,0.2065797861994621,chance
chance,chance,1735,0.20717031352257312,chance
chance,chance,1736,0.19517386631446446,chance
chance,chance,1737,0.1883133104947049,chance
chance,chance,1738,0.22552385244967674,chance
chance,chance,1739,0.19255772676583446,chance
chance,chance,1740,0.20569851800797817,chance
chance,chance,1741,0.1905274435144265,chance
chance,chance,1742,0.20609677200366563,chance
chance,chance,1743,0.19949959534728678,chance
chance,chance,1744,0.20614224942703213,chance
chance,chance,1745,0.19562338611911306,chance
chance,chance,1746,0.2377991135343688,chance
chance,chance,1747,0.21103867271680934,chance
chance,chance,1748,0.22935916567243902,chance
chance,chance,1749,0.21399143814022242,chance
chance,chance,1750,0.22787719512319826,chance
chance,chance,1751,0.25103860579671927,chance
chance,chance,1752,0.20458100796885775,chance
chance,chance,1753,0.23484964293600097,chance
chance,chance,1754,0.21045863258776737,chance
chance,chance,1755,0.22317465606771367,chance
chance,chance,1756,0.19769588736784402,chance
chance,chance,1757,0.2036349400046863,chance
chance,chance,1758,0.22370125401884794,chance
chance,chance,1759,0.1820005654025247,chance
chance,chance,1760,0.20645117768578966,chance
chance,chance,1761,0.22754830383207192,chance
chance,chance,1762,0.182142002785894,chance
chance,chance,1763,0.17801975023351543,chance
chance,chance,1764,0.266079314841608,chance
chance,chance,1765,0.1832946680491227,chance
chance,chance,1766,0.21093631333940013,chance
chance,chance,1767,0.21514639712820582,chance
chance,chance,1768,0.18778331594817424,chance
chance,chance,1769,0.20197059742510634,chance
chance,chance,1770,0.19276639834911719,chance
chance,chance,1771,0.2998990200174778,chance
chance,chance,1772,0.22019153756088056,chance
chance,chance,1773,0.1974994849920238,chance
chance,chance,1774,0.2273722529872855,chance
chance,chance,1775,0.2311736181991826,chance
chance,chance,1776,0.21309158275039805,chance
chance,chance,1777,0.21396326682485822,chance
chance,chance,1778,0.21177266311073006,chance
chance,chance,1779,0.2179615339079385,chance
chance,chance,1780,0.2264603213947435,chance
chance,chance,1781,0.22188626731079908,chance
chance,chance,1782,0.17945798663643286,chance
chance,chance,1783,0.22788544993017798,chance
chance,chance,1784,0.2322433915346423,chance
chance,chance,1785,0.23330749990315688,chance
chance,chance,1786,0.18740285172156596,chance
chance,chance,1787,0.19064236249314578,chance
chance,chance,1788,0.18986212047054368,chance
chance,chance,1789,0.20877691145518,chance
chance,chance,1790,0.19988475799465388,chance
chance,chance,1791,0.2282396785942004,chance
chance,chance,1792,0.20477764980751664,chance
chance,chance,1793,0.20793086528188906,chance
chance,chance,1794,0.21870164384991694,chance
chance,chance,1795,0.20620328024153597,chance
chance,chance,1796,0.20092830746743348,chance
chance,chance,1797,0.2258223114336063,chance
chance,chance,1798,0.2121010963492223,chance
chance,chance,1799,0.21057329718126966,chance
chance,chance,1800,0.23633536086554457,chance
chance,chance,1801,0.21319801356582563,chance
chance,chance,1802,0.20630771032574782,chance
chance,chance,1803,0.2213146738106239,chance
chance,chance,1804,0.21102027869460205,chance
chance,chance,1805,0.2566439534331722,chance
chance,chance,1806,0.21325241642533488,chance
chance,chance,1807,0.1960066703428907,chance
chance,chance,1808,0.201664838526792,chance
chance,chance,1809,0.2323881587608171,chance
chance,chance,1810,0.20490958680588092,chance
chance,chance,1811,0.17190281006741095,chance
chance,chance,1812,0.21447967559369097,chance
chance,chance,1813,0.19492038714201723,chance
chance,chance,1814,0.24164012394861953,chance
chance,chance,1815,0.19207603615304436,chance
chance,chance,1816,0.1965240925982451,chance
chance,chance,1817,0.2182089233096765,chance
chance,chance,1818,0.26654025291799877,chance
chance,chance,1819,0.2299358586980571,chance
chance,chance,1820,0.2198196254404298,chance
chance,chance,1821,0.22245670418065017,chance
chance,chance,1822,0.18596403377524887,chance
chance,chance,1823,0.2604061944355034,chance
chance,chance,1824,0.18683714248297809,chance
chance,chance,1825,0.2602883926284074,chance
chance,chance,1826,0.2488091654000452,chance
chance,chance,1827,0.21047087179400156,chance
chance,chance,1828,0.23341756785619605,chance
chance,chance,1829,0.19478424793944962,chance
chance,chance,1830,0.20296576062028224,chance
chance,chance,1831,0.18537979024531023,chance
chance,chance,1832,0.22458979756276276,chance
chance,chance,1833,0.21833690403938705,chance
chance,chance,1834,0.22646724989431638,chance
chance,chance,1835,0.21522636189134844,chance
chance,chance,1836,0.20349562260100637,chance
chance,chance,1837,0.23249846666336352,chance
chance,chance,1838,0.23630276273807538,chance
chance,chance,1839,0.20003892093847878,chance
chance,chance,1840,0.20707074019832802,chance
chance,chance,1841,0.23655143918950844,chance
chance,chance,1842,0.20013756179743722,chance
chance,chance,1843,0.22684668156581725,chance
chance,chance,1844,0.22469392737661978,chance
chance,chance,1845,0.2207717917054365,chance
chance,chance,1846,0.2309000515826546,chance
chance,chance,1847,0.2609090168325632,chance
chance,chance,1848,0.18965490059431972,chance
chance,chance,1849,0.2822354614498815,chance
chance,chance,1850,0.20228028245342505,chance
chance,chance,1851,0.17657174170740308,chance
chance,chance,1852,0.19199146357733843,chance
chance,chance,1853,0.26215812416007206,chance
chance,chance,1854,0.2202532125632553,chance
chance,chance,1855,0.200366009463242,chance
chance,chance,1856,0.1984229315448369,chance
chance,chance,1857,0.2178508666975854,chance
chance,chance,1858,0.19214058739176862,chance
chance,chance,1859,0.19235151744136933,chance
chance,chance,1860,0.223835135698943,chance
chance,chance,1861,0.2091449295802236,chance
chance,chance,1862,0.1956023982661496,chance
chance,chance,1863,0.19155961324048026,chance
chance,chance,1864,0.21209114198458473,chance
chance,chance,1865,0.18532200753451938,chance
chance,chance,1866,0.20429375843018485,chance
chance,chance,1867,0.17492245808256268,chance
chance,chance,1868,0.21726947792324358,chance
chance,chance,1869,0.19844628059793543,chance
chance,chance,1870,0.19821177816428823,chance
chance,chance,1871,0.20909310189161961,chance
chance,chance,1872,0.21532874014135947,chance
chance,chance,1873,0.22369693401729543,chance
chance,chance,1874,0.2062499926254371,chance
chance,chance,1875,0.20676277930821996,chance
chance,chance,1876,0.23453196715816743,chance
chance,chance,1877,0.2115974295521365,chance
chance,chance,1878,0.21642374908900416,chance
chance,chance,1879,0.22852550343697473,chance
chance,chance,1880,0.2337874874780884,chance
chance,chance,1881,0.19411340258652787,chance
chance,chance,1882,0.18772535724895087,chance
chance,chance,1883,0.19577374457925573,chance
chance,chance,1884,0.22002308921870656,chance
chance,chance,1885,0.19790705096653408,chance
chance,chance,1886,0.2182701254884885,chance
chance,chance,1887,0.21073688059684517,chance
chance,chance,1888,0.24196027681880505,chance
chance,chance,1889,0.21623712991026234,chance
chance,chance,1890,0.1949376119750097,chance
chance,chance,1891,0.16832893576883315,chance
chance,chance,1892,0.19532801070377737,chance
chance,chance,1893,0.19634022182080754,chance
chance,chance,1894,0.20003906117454703,chance
chance,chance,1895,0.23643044383968126,chance
chance,chance,1896,0.2104120737305943,chance
chance,chance,1897,0.20337519893809858,chance
chance,chance,1898,0.1938130417849424,chance
chance,chance,1899,0.248497993890451,chance
chance,chance,1900,0.20197016653708685,chance
chance,chance,1901,0.19685383893030867,chance
chance,chance,1902,0.19399094109917991,chance
chance,chance,1903,0.21183716195274832,chance
chance,chance,1904,0.2285372850820663,chance
chance,chance,1905,0.2192603083083746,chance
chance,chance,1906,0.2921311252464992,chance
chance,chance,1907,0.2205765472366327,chance
chance,chance,1908,0.2118361405482112,chance
chance,chance,1909,0.2025839038468122,chance
chance,chance,1910,0.20957647383820469,chance
chance,chance,1911,0.21736578421787742,chance
chance,chance,1912,0.20372883497658203,chance
chance,chance,1913,0.19393729001717397,chance
chance,chance,1914,0.21862756133349204,chance
chance,chance,1915,0.1954109197601516,chance
chance,chance,1916,0.18038417676149762,chance
chance,chance,1917,0.24226433062829353,chance
chance,chance,1918,0.22140838268063892,chance
chance,chance,1919,0.1813883652508573,chance
chance,chance,1920,0.22185617174686684,chance
chance,chance,1921,0.21289185844006586,chance
chance,chance,1922,0.19140976458097972,chance
chance,chance,1923,0.18969542617771362,chance
chance,chance,1924,0.19225846230560825,chance
chance,chance,1925,0.20929812365271497,chance
chance,chance,1926,0.198246580253021,chance
chance,chance,1927,0.2401790560030035,chance
chance,chance,1928,0.196165221192439,chance
chance,chance,1929,0.20397791543983484,chance
chance,chance,1930,0.23113241330203704,chance
chance,chance,1931,0.21934792051929905,chance
chance,chance,1932,0.19424796925541893,chance
chance,chance,1933,0.20960154657258642,chance
chance,chance,1934,0.201616599100849,chance
chance,chance,1935,0.18940853634464022,chance
chance,chance,1936,0.1939330220989183,chance
chance,chance,1937,0.21104533187219157,chance
chance,chance,1938,0.22444156042110947,chance
chance,chance,1939,0.2620967432085734,chance
chance,chance,1940,0.2288986505457529,chance
chance,chance,1941,0.21918172147318404,chance
chance,chance,1942,0.2443743183187133,chance
chance,chance,1943,0.19717634802461947,chance
chance,chance,1944,0.27250350780974186,chance
chance,chance,1945,0.19548706062862592,chance
chance,chance,1946,0.23258739566795478,chance
chance,chance,1947,0.19336831680996333,chance
chance,chance,1948,0.18974050295912928,chance
chance,chance,1949,0.25729918116817885,chance
chance,chance,1950,0.22979032379994285,chance
chance,chance,1951,0.24996497275502702,chance
chance,chance,1952,0.2288885442335648,chance
chance,chance,1953,0.19143573821406512,chance
chance,chance,1954,0.24297686720903153,chance
chance,chance,1955,0.18818168819544157,chance
chance,chance,1956,0.1969658542615638,chance
chance,chance,1957,0.19874053395364347,chance
chance,chance,1958,0.2243533873591621,chance
chance,chance,1959,0.2325067173708143,chance
chance,chance,1960,0.19624341515863405,chance
chance,chance,1961,0.1923263163360198,chance
chance,chance,1962,0.20138404904780707,chance
chance,chance,1963,0.2547701810744877,chance
chance,chance,1964,0.19260289246641976,chance
chance,chance,1965,0.19396488884522795,chance
chance,chance,1966,0.22085692498501322,chance
chance,chance,1967,0.21764545986203876,chance
chance,chance,1968,0.27720515429512227,chance
chance,chance,1969,0.2444591732420107,chance
chance,chance,1970,0.23391712627952782,chance
chance,chance,1971,0.2168993826585735,chance
chance,chance,1972,0.1911392339230578,chance
chance,chance,1973,0.22515735510782023,chance
chance,chance,1974,0.19074238753034706,chance
chance,chance,1975,0.19767269136242915,chance
chance,chance,1976,0.22238849416735865,chance
chance,chance,1977,0.23250926733919006,chance
chance,chance,1978,0.22093659658087028,chance
chance,chance,1979,0.22436873294741058,chance
chance,chance,1980,0.21640718124397287,chance
chance,chance,1981,0.19165822588302786,chance
chance,chance,1982,0.20752475272070112,chance
chance,chance,1983,0.21979085988105615,chance
chance,chance,1984,0.21728109302390056,chance
chance,chance,1985,0.22307943320522414,chance
chance,chance,1986,0.22278849520628616,chance
chance,chance,1987,0.22047987563859142,chance
chance,chance,1988,0.21990888324411803,chance
chance,chance,1989,0.23115730752494087,chance
chance,chance,1990,0.19441299049722208,chance
chance,chance,1991,0.1823866309805278,chance
chance,chance,1992,0.2382348276529105,chance
chance,chance,1993,0.19576095847331712,chance
chance,chance,1994,0.2228784004823827,chance
chance,chance,1995,0.19612255994365202,chance
chance,chance,1996,0.21473141596537948,chance
chance,chance,1997,0.21518444864612551,chance
chance,chance,1998,0.20599734625871843,chance
chance,chance,1999,0.21169025990476437,chance
chance,chance,2000,0.21836695351218904,chance
chance,chance,2001,0.23215232897031868,chance
chance,chance,2002,0.21746884732918592,chance
chance,chance,2003,0.21572945109944142,chance
chance,chance,2004,0.18913758131897956,chance
chance,chance,2005,0.2069455365449895,chance
chance,chance,2006,0.18833719611087707,chance
chance,chance,2007,0.22796805383257904,chance
chance,chance,2008,0.1891552874253095,chance
chance,chance,2009,0.2080147276467403,chance
chance,chance,2010,0.20972191953002634,chance
chance,chance,2011,0.2159603568056001,chance
chance,chance,2012,0.25300339157789586,chance
chance,chance,2013,0.19107723660058215,chance
chance,chance,2014,0.24391102834574813,chance
chance,chance,2015,0.2051083111273312,chance
chance,chance,2016,0.2048025819003928,chance
chance,chance,2017,0.2017118208033318,chance
chance,chance,2018,0.23081366895936523,chance
chance,chance,2019,0.18189051672362527,chance
chance,chance,2020,0.23534668561082528,chance
chance,chance,2021,0.19476650348472413,chance
chance,chance,2022,0.1954115863116195,chance
chance,chance,2023,0.19113401999521037,chance
chance,chance,2024,0.20054662837513187,chance
chance,chance,2025,0.21137343688154706,chance
chance,chance,2026,0.1997945382547273,chance
chance,chance,2027,0.2407697374029586,chance
chance,chance,2028,0.2111468854761908,chance
chance,chance,2029,0.21958829566043891,chance
chance,chance,2030,0.18507938516708775,chance
chance,chance,2031,0.20552508406124814,chance
chance,chance,2032,0.22307655526838466,chance
chance,chance,2033,0.19140057644642688,chance
chance,chance,2034,0.23370134559722308,chance
chance,chance,2035,0.1880470500332257,chance
chance,chance,2036,0.23194936335818214,chance
chance,chance,2037,0.21030128354079214,chance
chance,chance,2038,0.20008647778694083,chance
chance,chance,2039,0.2069128073809778,chance
chance,chance,2040,0.1996014338793987,chance
chance,chance,2041,0.2125206170357718,chance
chance,chance,2042,0.20530082002426372,chance
chance,chance,2043,0.200605610462018,chance
chance,chance,2044,0.23342751861713137,chance
chance,chance,2045,0.22469346204195784,chance
chance,chance,2046,0.2256138627669708,chance
chance,chance,2047,0.2366538142457805,chance
chance,chance,2048,0.21693459586565922,chance
chance,chance,2049,0.21033181708051213,chance
chance,chance,2050,0.20094921589105322,chance
chance,chance,2051,0.18844613885325337,chance
chance,chance,2052,0.251544250922479,chance
chance,chance,2053,0.24039804940960757,chance
chance,chance,2054,0.22971881810654923,chance
chance,chance,2055,0.19425278458164974,chance
chance,chance,2056,0.21880214224221015,chance
chance,chance,2057,0.18324759635901355,chance
chance,chance,2058,0.18723508192470228,chance
chance,chance,2059,0.1972932455801005,chance
chance,chance,2060,0.2234385447108921,chance
chance,chance,2061,0.19870218905423048,chance
chance,chance,2062,0.2176327273310234,chance
chance,chance,2063,0.20127691009330506,chance
chance,chance,2064,0.25561389926117545,chance
chance,chance,2065,0.20857173025163175,chance
chance,chance,2066,0.20658134198559097,chance
chance,chance,2067,0.1847177971306088,chance
chance,chance,2068,0.20715272081444575,chance
chance,chance,2069,0.21254636493663068,chance
chance,chance,2070,0.18583055000374227,chance
chance,chance,2071,0.2083009111963443,chance
chance,chance,2072,0.2101215313813243,chance
chance,chance,2073,0.1955840453867465,chance
chance,chance,2074,0.1985695693833026,chance
chance,chance,2075,0.20444067345340688,chance
chance,chance,2076,0.17914771808935256,chance
chance,chance,2077,0.19682764514069753,chance
chance,chance,2078,0.20214107817010044,chance
chance,chance,2079,0.20784138973293254,chance
chance,chance,2080,0.24059410398144546,chance
chance,chance,2081,0.2364870199824941,chance
chance,chance,2082,0.22625329269713468,chance
chance,chance,2083,0.22143984614059098,chance
chance,chance,2084,0.2421251169594971,chance
chance,chance,2085,0.2208778456535132,chance
chance,chance,2086,0.1896384784982639,chance
chance,chance,2087,0.21804847060419214,chance
chance,chance,2088,0.2642088540237545,chance
chance,chance,2089,0.2183048332821449,chance
chance,chance,2090,0.20985671939629252,chance
chance,chance,2091,0.2108000349608962,chance
chance,chance,2092,0.25421951588454744,chance
chance,chance,2093,0.2008717229331437,chance
chance,chance,2094,0.20221679935461453,chance
chance,chance,2095,0.20814791741148927,chance
chance,chance,2096,0.18438850987817915,chance
chance,chance,2097,0.210325546625347,chance
chance,chance,2098,0.23455034480850923,chance
chance,chance,2099,0.21711244065691274,chance
chance,chance,2100,0.19783106591973973,chance
chance,chance,2101,0.20495272657092167,chance
chance,chance,2102,0.23577849680975588,chance
chance,chance,2103,0.21859051413682726,chance
chance,chance,2104,0.1888730530399648,chance
chance,chance,2105,0.2019261471121101,chance
chance,chance,2106,0.2468819637710354,chance
chance,chance,2107,0.18544631436798029,chance
chance,chance,2108,0.22554766529761602,chance
chance,chance,2109,0.24949563459038301,chance
chance,chance,2110,0.2417794768076311,chance
chance,chance,2111,0.24454912201850038,chance
chance,chance,2112,0.2696689678705563,chance
chance,chance,2113,0.18089666283163797,chance
chance,chance,2114,0.1981619012163905,chance
chance,chance,2115,0.20432581259644364,chance
chance,chance,2116,0.20502188633011434,chance
chance,chance,2117,0.19576542358345894,chance
chance,chance,2118,0.22952840944167688,chance
chance,chance,2119,0.2141703670942252,chance
chance,chance,2120,0.20709269917786216,chance
chance,chance,2121,0.2306428792088431,chance
chance,chance,2122,0.24121433907935488,chance
chance,chance,2123,0.22824805848420518,chance
chance,chance,2124,0.20392423067027954,chance
chance,chance,2125,0.20289055779113574,chance
chance,chance,2126,0.21950054842459124,chance
chance,chance,2127,0.19371238788172335,chance
chance,chance,2128,0.19436984774098567,chance
chance,chance,2129,0.1955045058516261,chance
chance,chance,2130,0.21185187832609478,chance
chance,chance,2131,0.214228861225678,chance
chance,chance,2132,0.20695819744434704,chance
chance,chance,2133,0.20493043024521929,chance
chance,chance,2134,0.22741657484587194,chance
chance,chance,2135,0.20828287153502584,chance
chance,chance,2136,0.21615564630252113,chance
chance,chance,2137,0.1958049713025124,chance
chance,chance,2138,0.21307807877306337,chance
chance,chance,2139,0.18037451231005744,chance
chance,chance,2140,0.17886600405664474,chance
chance,chance,2141,0.2025800213202768,chance
chance,chance,2142,0.2163449632310949,chance
chance,chance,2143,0.21330259570897064,chance
chance,chance,2144,0.1864587812504181,chance
chance,chance,2145,0.2501984317919606,chance
chance,chance,2146,0.21119552827920804,chance
chance,chance,2147,0.196500509162624,chance
chance,chance,2148,0.31726456001176956,chance
chance,chance,2149,0.2191027122806002,chance
chance,chance,2150,0.21539334081941322,chance
chance,chance,2151,0.21500021415734924,chance
chance,chance,2152,0.24230323798547593,chance
chance,chance,2153,0.19537403176841733,chance
chance,chance,2154,0.18849991634765773,chance
chance,chance,2155,0.18611754301619465,chance
chance,chance,2156,0.23892789609813678,chance
chance,chance,2157,0.21982487128726427,chance
chance,chance,2158,0.21078260157567102,chance
chance,chance,2159,0.2502213470852998,chance
chance,chance,2160,0.20387990351716923,chance
chance,chance,2161,0.23598877300166332,chance
chance,chance,2162,0.1864833378765937,chance
chance,chance,2163,0.237455376161194,chance
chance,chance,2164,0.19556188677295278,chance
chance,chance,2165,0.22092413492663276,chance
chance,chance,2166,0.20930462973824782,chance
chance,chance,2167,0.2566040213335277,chance
chance,chance,2168,0.2699276205808273,chance
chance,chance,2169,0.2242184247741821,chance
chance,chance,2170,0.19194125744875004,chance
chance,chance,2171,0.2020482966283112,chance
chance,chance,2172,0.21837136233935658,chance
chance,chance,2173,0.19149872566172188,chance
chance,chance,2174,0.20269232178392674,chance
chance,chance,2175,0.23120774614054995,chance
chance,chance,2176,0.2085077154167395,chance
chance,chance,2177,0.175778283900823,chance
chance,chance,2178,0.2023815913460344,chance
chance,chance,2179,0.221275791902246,chance
chance,chance,2180,0.2033534008422296,chance
chance,chance,2181,0.1942487702486212,chance
chance,chance,2182,0.19062644360884587,chance
chance,chance,2183,0.2040443719292123,chance
chance,chance,2184,0.21097069555997774,chance
chance,chance,2185,0.19148617773964663,chance
chance,chance,2186,0.20231594119283608,chance
chance,chance,2187,0.1797851811919765,chance
chance,chance,2188,0.22481867345665038,chance
chance,chance,2189,0.23248747239959314,chance
chance,chance,2190,0.19715514626607847,chance
chance,chance,2191,0.2003646304413216,chance
chance,chance,2192,0.22346304503537062,chance
chance,chance,2193,0.2527560613455296,chance
chance,chance,2194,0.2348508858158912,chance
chance,chance,2195,0.20878630558337702,chance
chance,chance,2196,0.2165325508237581,chance
chance,chance,2197,0.23185424905111765,chance
chance,chance,2198,0.21217938112541465,chance
chance,chance,2199,0.21676428571935083,chance
chance,chance,2200,0.22531544159897937,chance
chance,chance,2201,0.18975284856304409,chance
chance,chance,2202,0.19190485740118501,chance
chance,chance,2203,0.2255487890759194,chance
chance,chance,2204,0.25120067364347276,chance
chance,chance,2205,0.1868942388820236,chance
chance,chance,2206,0.1955229641624711,chance
chance,chance,2207,0.23761686519511696,chance
chance,chance,2208,0.2019288358440886,chance
chance,chance,2209,0.22649873828609188,chance
chance,chance,2210,0.25082882973701875,chance
chance,chance,2211,0.2190086131639495,chance
chance,chance,2212,0.20704876840322814,chance
chance,chance,2213,0.21414214232743958,chance
chance,chance,2214,0.19895916860765767,chance
chance,chance,2215,0.21081291240929662,chance
chance,chance,2216,0.207651002053617,chance
chance,chance,2217,0.23083956884876725,chance
chance,chance,2218,0.2225716673425803,chance
chance,chance,2219,0.19494275647666504,chance
chance,chance,2220,0.19578171811358613,chance
chance,chance,2221,0.22024155381145646,chance
chance,chance,2222,0.18707271687119575,chance
chance,chance,2223,0.2457759179536837,chance
chance,chance,2224,0.22347257736265783,chance
chance,chance,2225,0.216625732151723,chance
chance,chance,2226,0.2622366703259351,chance
chance,chance,2227,0.20825248980959238,chance
chance,chance,2228,0.2679528539315697,chance
chance,chance,2229,0.20767429972541837,chance
chance,chance,2230,0.2316628495821582,chance
chance,chance,2231,0.22041297844569818,chance
chance,chance,2232,0.27515117356746555,chance
chance,chance,2233,0.24877091507819607,chance
chance,chance,2234,0.22817067266350866,chance
chance,chance,2235,0.20029181118474862,chance
chance,chance,2236,0.203722271895079,chance
chance,chance,2237,0.22867710633119473,chance
chance,chance,2238,0.2135372435088335,chance
chance,chance,2239,0.2044196948362872,chance
chance,chance,2240,0.20084622327934112,chance
chance,chance,2241,0.25265701400274376,chance
chance,chance,2242,0.21324356486089077,chance
chance,chance,2243,0.20969547512702405,chance
chance,chance,2244,0.19187735839709746,chance
chance,chance,2245,0.21064091218057318,chance
chance,chance,2246,0.19881520657704946,chance
chance,chance,2247,0.2067044934976731,chance
chance,chance,2248,0.1968166396008954,chance
chance,chance,2249,0.18861161622199066,chance
chance,chance,2250,0.21236724406610716,chance
chance,chance,2251,0.19437732241566816,chance
chance,chance,2252,0.20148450512593793,chance
chance,chance,2253,0.21012160193575086,chance
chance,chance,2254,0.2101650446276627,chance
chance,chance,2255,0.19706025216893505,chance
chance,chance,2256,0.2166358505569196,chance
chance,chance,2257,0.20158654111497584,chance
chance,chance,2258,0.1850249557400043,chance
chance,chance,2259,0.21162941906176727,chance
chance,chance,2260,0.24118462820401054,chance
chance,chance,2261,0.21058709961087227,chance
chance,chance,2262,0.19386630251263548,chance
chance,chance,2263,0.21505070726878392,chance
chance,chance,2264,0.23118944463081204,chance
chance,chance,2265,0.23163131287798286,chance
chance,chance,2266,0.18683466170259241,chance
chance,chance,2267,0.22250000419057944,chance
chance,chance,2268,0.20802479239124472,chance
chance,chance,2269,0.18453046024198153,chance
chance,chance,2270,0.20799151928442924,chance
chance,chance,2271,0.22451843047316616,chance
chance,chance,2272,0.18633980686605664,chance
chance,chance,2273,0.19071842776686018,chance
chance,chance,2274,0.24889498355196138,chance
chance,chance,2275,0.22321537012025836,chance
chance,chance,2276,0.20809476057444307,chance
chance,chance,2277,0.20758151756455967,chance
chance,chance,2278,0.20790578741484336,chance
chance,chance,2279,0.22243470603322643,chance
chance,chance,2280,0.21736697032575086,chance
chance,chance,2281,0.23316898737490244,chance
chance,chance,2282,0.22882728978736364,chance
chance,chance,2283,0.174959816968598,chance
chance,chance,2284,0.19296544168528443,chance
chance,chance,2285,0.2594562080874178,chance
chance,chance,2286,0.22969914344031578,chance
chance,chance,2287,0.1945736458629047,chance
chance,chance,2288,0.1929049764980369,chance
chance,chance,2289,0.20769165706077033,chance
chance,chance,2290,0.18239160704053328,chance
chance,chance,2291,0.20234735789164546,chance
chance,chance,2292,0.23117363581180653,chance
chance,chance,2293,0.20097227345116409,chance
chance,chance,2294,0.2316586448473726,chance
chance,chance,2295,0.2087300331024604,chance
chance,chance,2296,0.2192687112279786,chance
chance,chance,2297,0.2279119239835168,chance
chance,chance,2298,0.19612172768991903,chance
chance,chance,2299,0.21176261751216782,chance
chance,chance,2300,0.25575709818719855,chance
chance,chance,2301,0.19053200265188405,chance
chance,chance,2302,0.21741638295700075,chance
chance,chance,2303,0.22397912004575102,chance
chance,chance,2304,0.19345904996501953,chance
chance,chance,2305,0.2258692707012957,chance
chance,chance,2306,0.17745383229445763,chance
chance,chance,2307,0.18930979295757178,chance
chance,chance,2308,0.2113407072395709,chance
chance,chance,2309,0.21206383495550113,chance
chance,chance,2310,0.212250045266718,chance
chance,chance,2311,0.25398292433416203,chance
chance,chance,2312,0.25136420878460786,chance
chance,chance,2313,0.21973318907481032,chance
chance,chance,2314,0.226104271853036,chance
chance,chance,2315,0.20266601409859147,chance
chance,chance,2316,0.19405741064148058,chance
chance,chance,2317,0.2088203583764819,chance
chance,chance,2318,0.21838727166471567,chance
chance,chance,2319,0.253766083746079,chance
chance,chance,2320,0.21842532807438617,chance
chance,chance,2321,0.22954726523248734,chance
chance,chance,2322,0.20690384310502963,chance
chance,chance,2323,0.20128290101460794,chance
chance,chance,2324,0.26405356281297276,chance
chance,chance,2325,0.20887131756343724,chance
chance,chance,2326,0.21416463388336918,chance
chance,chance,2327,0.23132557641574197,chance
chance,chance,2328,0.23810925480743647,chance
chance,chance,2329,0.1813078178479943,chance
chance,chance,2330,0.21539963306718976,chance
chance,chance,2331,0.22584041804502877,chance
chance,chance,2332,0.19103038754392265,chance
chance,chance,2333,0.20522745433123027,chance
chance,chance,2334,0.21227572363290803,chance
chance,chance,2335,0.20281164286763062,chance
chance,chance,2336,0.1991792592337195,chance
chance,chance,2337,0.20587732100169817,chance
chance,chance,2338,0.21091970247910435,chance
chance,chance,2339,0.20650181307642493,chance
chance,chance,2340,0.19718402633366752,chance
chance,chance,2341,0.20357940546312397,chance
chance,chance,2342,0.20260317786331877,chance
chance,chance,2343,0.21608832338931344,chance
chance,chance,2344,0.2290743183393614,chance
chance,chance,2345,0.1770455746869062,chance
chance,chance,2346,0.23989741243005636,chance
chance,chance,2347,0.20240978456818712,chance
chance,chance,2348,0.22614192306533398,chance
chance,chance,2349,0.2383313005133006,chance
chance,chance,2350,0.21989273356292852,chance
chance,chance,2351,0.20591734207234463,chance
chance,chance,2352,0.2016036709136093,chance
chance,chance,2353,0.20844951307610798,chance
chance,chance,2354,0.23085076110332262,chance
chance,chance,2355,0.2247195302132279,chance
chance,chance,2356,0.2252749989372549,chance
chance,chance,2357,0.23719250816258533,chance
chance,chance,2358,0.20250905884814102,chance
chance,chance,2359,0.25117169002232315,chance
chance,chance,2360,0.2358144750182016,chance
chance,chance,2361,0.19756445896040725,chance
chance,chance,2362,0.1781936386181999,chance
chance,chance,2363,0.2217521840597117,chance
chance,chance,2364,0.19587229890737706,chance
chance,chance,2365,0.21069545528861292,chance
chance,chance,2366,0.18633640620346895,chance
chance,chance,2367,0.20775996889528875,chance
chance,chance,2368,0.25109486306788703,chance
chance,chance,2369,0.22679566568579745,chance
chance,chance,2370,0.2140174653835341,chance
chance,chance,2371,0.18926099375943614,chance
chance,chance,2372,0.20459154855229766,chance
chance,chance,2373,0.18757177904287167,chance
chance,chance,2374,0.21979134154947297,chance
chance,chance,2375,0.21182154559926414,chance
chance,chance,2376,0.2191348878251083,chance
chance,chance,2377,0.20858799958912594,chance
chance,chance,2378,0.23020966457339292,chance
chance,chance,2379,0.19424538880039088,chance
chance,chance,2380,0.2130623640742784,chance
chance,chance,2381,0.20118877060260792,chance
chance,chance,2382,0.18427618807005067,chance
chance,chance,2383,0.22409222541840013,chance
chance,chance,2384,0.19731542548635964,chance
chance,chance,2385,0.21058640325872605,chance
chance,chance,2386,0.21741680195452726,chance
chance,chance,2387,0.23607942950873306,chance
chance,chance,2388,0.21304978461674473,chance
chance,chance,2389,0.1999695827139594,chance
chance,chance,2390,0.20172090305695836,chance
chance,chance,2391,0.21708452077582982,chance
chance,chance,2392,0.18410233996084677,chance
chance,chance,2393,0.2024522767657817,chance
chance,chance,2394,0.22118852665412816,chance
chance,chance,2395,0.20177132854265156,chance
chance,chance,2396,0.22486430975466215,chance
chance,chance,2397,0.2473374064972304,chance
chance,chance,2398,0.19077240621331965,chance
chance,chance,2399,0.2309892983581367,chance
chance,chance,2400,0.21390284228661263,chance
chance,chance,2401,0.2100587837005718,chance
chance,chance,2402,0.2560031051367379,chance
chance,chance,2403,0.17312299300359418,chance
chance,chance,2404,0.23202757397982263,chance
chance,chance,2405,0.23595496156455883,chance
chance,chance,2406,0.20807171447566514,chance
chance,chance,2407,0.21626789913749436,chance
chance,chance,2408,0.2047698294983048,chance
chance,chance,2409,0.20998464693549246,chance
chance,chance,2410,0.20812106491773327,chance
chance,chance,2411,0.2504720925047186,chance
chance,chance,2412,0.19419417949063547,chance
chance,chance,2413,0.18471962805041225,chance
chance,chance,2414,0.23697298140640252,chance
chance,chance,2415,0.22874105734650013,chance
chance,chance,2416,0.1989023756905986,chance
chance,chance,2417,0.19865414623580402,chance
chance,chance,2418,0.197094503728926,chance
chance,chance,2419,0.18326198274285213,chance
chance,chance,2420,0.20543833906897072,chance
chance,chance,2421,0.2117326633824657,chance
chance,chance,2422,0.20853266202272938,chance
chance,chance,2423,0.1966723572613244,chance
chance,chance,2424,0.23130852854116474,chance
chance,chance,2425,0.21737193718157108,chance
chance,chance,2426,0.2003601779490862,chance
chance,chance,2427,0.18732153378780333,chance
chance,chance,2428,0.203747856984317,chance
chance,chance,2429,0.25709642525692333,chance
chance,chance,2430,0.18577204916959011,chance
chance,chance,2431,0.20491875840436644,chance
chance,chance,2432,0.22339629769691538,chance
chance,chance,2433,0.19557807245705525,chance
chance,chance,2434,0.2047105798172246,chance
chance,chance,2435,0.2506352372082857,chance
chance,chance,2436,0.20484472649322635,chance
chance,chance,2437,0.18404736748893163,chance
chance,chance,2438,0.2178597590061895,chance
chance,chance,2439,0.1937448361868443,chance
chance,chance,2440,0.2135154541724184,chance
chance,chance,2441,0.20777455833540412,chance
chance,chance,2442,0.21048035848271487,chance
chance,chance,2443,0.1787168887655474,chance
chance,chance,2444,0.19570922161120147,chance
chance,chance,2445,0.24424067459173165,chance
chance,chance,2446,0.19954486768994004,chance
chance,chance,2447,0.22349207991137338,chance
chance,chance,2448,0.26393529260537807,chance
chance,chance,2449,0.21358301959432993,chance
chance,chance,2450,0.25947657982800737,chance
chance,chance,2451,0.23058242654427957,chance
chance,chance,2452,0.21798521706720667,chance
chance,chance,2453,0.2444623493664062,chance
chance,chance,2454,0.22377181021698897,chance
chance,chance,2455,0.1798276771507465,chance
chance,chance,2456,0.21711174835486374,chance
chance,chance,2457,0.20697349670712467,chance
chance,chance,2458,0.2921513237774488,chance
chance,chance,2459,0.20073734208063548,chance
chance,chance,2460,0.21152106055144032,chance
chance,chance,2461,0.20762453055567479,chance
chance,chance,2462,0.20706860052971485,chance
chance,chance,2463,0.20368218090708481,chance
chance,chance,2464,0.1980951886480641,chance
chance,chance,2465,0.2583073000868281,chance
chance,chance,2466,0.20217794156892516,chance
chance,chance,2467,0.21168287790403043,chance
chance,chance,2468,0.21471584874854355,chance
chance,chance,2469,0.23056801081250716,chance
chance,chance,2470,0.21695027434602943,chance
chance,chance,2471,0.2166915836270281,chance
chance,chance,2472,0.22367977176102885,chance
chance,chance,2473,0.20936710236988024,chance
chance,chance,2474,0.2131103266623337,chance
chance,chance,2475,0.19788163238554418,chance
chance,chance,2476,0.193403799458949,chance
chance,chance,2477,0.21029551563611512,chance
chance,chance,2478,0.20544646705999373,chance
chance,chance,2479,0.2534895504154556,chance
chance,chance,2480,0.2196544947709279,chance
chance,chance,2481,0.20749266997396396,chance
chance,chance,2482,0.20098626369979491,chance
chance,chance,2483,0.22451814483595978,chance
chance,chance,2484,0.1831996005637804,chance
chance,chance,2485,0.20757836517520697,chance
chance,chance,2486,0.20473091209699895,chance
chance,chance,2487,0.20298884431952938,chance
chance,chance,2488,0.1991347773898954,chance
chance,chance,2489,0.21834550048417534,chance
chance,chance,2490,0.21170179046779283,chance
chance,chance,2491,0.18837175027780745,chance
chance,chance,2492,0.2368667552656219,chance
chance,chance,2493,0.20246933813200949,chance
chance,chance,2494,0.204463947469203,chance
chance,chance,2495,0.19689762091065677,chance
chance,chance,2496,0.2413645003385361,chance
chance,chance,2497,0.20648534210379443,chance
chance,chance,2498,0.19498782222383387,chance
chance,chance,2499,0.206474993028226,chance
chance,chance,2500,0.2120114088056497,chance
chance,chance,2501,0.1880415156225038,chance
chance,chance,2502,0.19803901528728737,chance
chance,chance,2503,0.22306970048898186,chance
chance,chance,2504,0.20187002338352006,chance
chance,chance,2505,0.21056709872306786,chance
chance,chance,2506,0.200262427314069,chance
chance,chance,2507,0.2192436320426317,chance
chance,chance,2508,0.21269353572808386,chance
chance,chance,2509,0.2012330482640223,chance
chance,chance,2510,0.20813092538425543,chance
chance,chance,2511,0.176849816236301,chance
chance,chance,2512,0.21947233268580338,chance
chance,chance,2513,0.20738465027252642,chance
chance,chance,2514,0.1970305118534518,chance
chance,chance,2515,0.21827107335931104,chance
chance,chance,2516,0.1830383687720407,chance
chance,chance,2517,0.24574501279784045,chance
chance,chance,2518,0.2143438410097315,chance
chance,chance,2519,0.21702996543753028,chance
chance,chance,2520,0.22276322330515683,chance
chance,chance,2521,0.20472355657673713,chance
chance,chance,2522,0.20995123720546416,chance
chance,chance,2523,0.21344686879707925,chance
chance,chance,2524,0.20752652622613899,chance
chance,chance,2525,0.19927174303526132,chance
chance,chance,2526,0.21073274913891524,chance
chance,chance,2527,0.20573084732602698,chance
chance,chance,2528,0.24321331981083366,chance
chance,chance,2529,0.22709372628327626,chance
chance,chance,2530,0.1902103116014864,chance
chance,chance,2531,0.18598685040122065,chance
chance,chance,2532,0.17986126033315955,chance
chance,chance,2533,0.19610327248048162,chance
chance,chance,2534,0.21671486050294975,chance
chance,chance,2535,0.2240159659934397,chance
chance,chance,2536,0.21792133743736927,chance
chance,chance,2537,0.1942890432946396,chance
chance,chance,2538,0.24837267449125686,chance
chance,chance,2539,0.1844533873072019,chance
chance,chance,2540,0.1882181901704238,chance
chance,chance,2541,0.19102901336182163,chance
chance,chance,2542,0.19007223333776294,chance
chance,chance,2543,0.21470365308933567,chance
chance,chance,2544,0.1964377947292187,chance
chance,chance,2545,0.2192814798563378,chance
chance,chance,2546,0.19981154787411382,chance
chance,chance,2547,0.20829438227368813,chance
chance,chance,2548,0.23256511039898392,chance
chance,chance,2549,0.2250696515392098,chance
chance,chance,2550,0.2172886495932988,chance
chance,chance,2551,0.2608627915963376,chance
chance,chance,2552,0.268880298640204,chance
chance,chance,2553,0.19556520758176185,chance
chance,chance,2554,0.20614170224073655,chance
chance,chance,2555,0.20437533343896197,chance
chance,chance,2556,0.24852715795298985,chance
chance,chance,2557,0.18601548498695405,chance
chance,chance,2558,0.20976187033508928,chance
chance,chance,2559,0.19267657530455545,chance
chance,chance,2560,0.20544229405691797,chance
chance,chance,2561,0.26427427195950437,chance
chance,chance,2562,0.2329336264530039,chance
chance,chance,2563,0.21953026336815723,chance
chance,chance,2564,0.2086049606676313,chance
chance,chance,2565,0.20941300637251908,chance
chance,chance,2566,0.19733500540148333,chance
chance,chance,2567,0.19713374694599217,chance
chance,chance,2568,0.183777096895238,chance
chance,chance,2569,0.21363489528621388,chance
chance,chance,2570,0.2579933329904432,chance
chance,chance,2571,0.2240864150040501,chance
chance,chance,2572,0.22115521576270522,chance
chance,chance,2573,0.20435852212506314,chance
chance,chance,2574,0.22529983575385368,chance
chance,chance,2575,0.21197293209910306,chance
chance,chance,2576,0.2503726186436417,chance
chance,chance,2577,0.1861039094140531,chance
chance,chance,2578,0.22874102025462906,chance
chance,chance,2579,0.18308371056839445,chance
chance,chance,2580,0.1878713429473225,chance
chance,chance,2581,0.20433349756179078,chance
chance,chance,2582,0.2276012501873877,chance
chance,chance,2583,0.18955583068262397,chance
chance,chance,2584,0.21172349267839838,chance
chance,chance,2585,0.20225291714086313,chance
chance,chance,2586,0.19419495291940247,chance
chance,chance,2587,0.2090986754204215,chance
chance,chance,2588,0.23111008264715513,chance
chance,chance,2589,0.23364364652712868,chance
chance,chance,2590,0.24443092009677708,chance
chance,chance,2591,0.2176807127353374,chance
chance,chance,2592,0.20970790502830222,chance
chance,chance,2593,0.20335252589018835,chance
chance,chance,2594,0.257167289048929,chance
chance,chance,2595,0.20601022468680188,chance
chance,chance,2596,0.22065456365337097,chance
chance,chance,2597,0.1686517157664409,chance
chance,chance,2598,0.22699780085153246,chance
chance,chance,2599,0.20340153281824983,chance
chance,chance,2600,0.2204365178697832,chance
chance,chance,2601,0.20602593405261155,chance
chance,chance,2602,0.21585938223118173,chance
chance,chance,2603,0.20893085369422895,chance
chance,chance,2604,0.18311677592682069,chance
chance,chance,2605,0.25878317410854224,chance
chance,chance,2606,0.20530698342248188,chance
chance,chance,2607,0.2016263524139509,chance
chance,chance,2608,0.22576389668426455,chance
chance,chance,2609,0.20057239799030166,chance
chance,chance,2610,0.2210770999693043,chance
chance,chance,2611,0.21927127885164638,chance
chance,chance,2612,0.21329986572373524,chance
chance,chance,2613,0.19039322848981619,chance
chance,chance,2614,0.21081691782753845,chance
chance,chance,2615,0.20648734453551093,chance
chance,chance,2616,0.1941640941742009,chance
chance,chance,2617,0.20053470077059196,chance
chance,chance,2618,0.22723124776078443,chance
chance,chance,2619,0.23175409840845257,chance
chance,chance,2620,0.19679899162768774,chance
chance,chance,2621,0.23276312577447236,chance
chance,chance,2622,0.21327596259732284,chance
chance,chance,2623,0.2161998845493454,chance
chance,chance,2624,0.19493227466312527,chance
chance,chance,2625,0.20066083478389002,chance
chance,chance,2626,0.19642253995045322,chance
chance,chance,2627,0.22819971701142072,chance
chance,chance,2628,0.16929627429408192,chance
chance,chance,2629,0.22103351042885022,chance
chance,chance,2630,0.1949899642028701,chance
chance,chance,2631,0.1884249507566467,chance
chance,chance,2632,0.21935593715605056,chance
chance,chance,2633,0.2096799101124601,chance
chance,chance,2634,0.22902699740920585,chance
chance,chance,2635,0.22545592009678572,chance
chance,chance,2636,0.19593254133708582,chance
chance,chance,2637,0.24736348976778688,chance
chance,chance,2638,0.20099612370626885,chance
chance,chance,2639,0.1899372968305169,chance
chance,chance,2640,0.20304735457683978,chance
chance,chance,2641,0.2065918334380901,chance
chance,chance,2642,0.22308224521361664,chance
chance,chance,2643,0.21481033002296754,chance
chance,chance,2644,0.20158311866643241,chance
chance,chance,2645,0.18419144336579232,chance
chance,chance,2646,0.21489745190469642,chance
chance,chance,2647,0.23609186095459309,chance
chance,chance,2648,0.19171546795432573,chance
chance,chance,2649,0.23636360470294787,chance
chance,chance,2650,0.2106874409013603,chance
chance,chance,2651,0.20396790333136386,chance
chance,chance,2652,0.19304893087771974,chance
chance,chance,2653,0.19080975097247385,chance
chance,chance,2654,0.20878734824103173,chance
chance,chance,2655,0.22376388817351966,chance
chance,chance,2656,0.24309618311782444,chance
chance,chance,2657,0.1987447757206825,chance
chance,chance,2658,0.20926454333196048,chance
chance,chance,2659,0.22226985626517815,chance
chance,chance,2660,0.20878636907798065,chance
chance,chance,2661,0.1963028532114292,chance
chance,chance,2662,0.23504417579928474,chance
chance,chance,2663,0.21834805020466633,chance
chance,chance,2664,0.1761787214648895,chance
chance,chance,2665,0.2450495404252727,chance
chance,chance,2666,0.22465663858506232,chance
chance,chance,2667,0.20559228399331275,chance
chance,chance,2668,0.21698644295170047,chance
chance,chance,2669,0.21217435403035467,chance
chance,chance,2670,0.186248815701886,chance
chance,chance,2671,0.21069574499566504,chance
chance,chance,2672,0.2152910079935334,chance
chance,chance,2673,0.19156914680354448,chance
chance,chance,2674,0.192361227940038,chance
chance,chance,2675,0.22833381562186736,chance
chance,chance,2676,0.20914611064429614,chance
chance,chance,2677,0.21839884137043813,chance
chance,chance,2678,0.18686787777610617,chance
chance,chance,2679,0.23531324196579884,chance
chance,chance,2680,0.23847096254140293,chance
chance,chance,2681,0.18151373062718207,chance
chance,chance,2682,0.21548944806029682,chance
chance,chance,2683,0.2500247502990521,chance
chance,chance,2684,0.190083892436895,chance
chance,chance,2685,0.22279912461762935,chance
chance,chance,2686,0.1916965110409489,chance
chance,chance,2687,0.21762079167256593,chance
chance,chance,2688,0.18783681366658614,chance
chance,chance,2689,0.20924505085807135,chance
chance,chance,2690,0.23306564561646748,chance
chance,chance,2691,0.23589883826677938,chance
chance,chance,2692,0.24269484359500257,chance
chance,chance,2693,0.215652810928373,chance
chance,chance,2694,0.22199196679020042,chance
chance,chance,2695,0.19114691056707248,chance
chance,chance,2696,0.22964662797655763,chance
chance,chance,2697,0.1811706337079699,chance
chance,chance,2698,0.20388318439573108,chance
chance,chance,2699,0.2319626825236068,chance
chance,chance,2700,0.19710134632952067,chance
chance,chance,2701,0.23489720940792114,chance
chance,chance,2702,0.24379636677064395,chance
chance,chance,2703,0.21622693297151216,chance
chance,chance,2704,0.24423939937506162,chance
chance,chance,2705,0.2169501664148181,chance
chance,chance,2706,0.2062981782278342,chance
chance,chance,2707,0.20183206397582878,chance
chance,chance,2708,0.18334894476121685,chance
chance,chance,2709,0.2738852023333324,chance
chance,chance,2710,0.22145243605993523,chance
chance,chance,2711,0.1954061873625466,chance
chance,chance,2712,0.23195121237268762,chance
chance,chance,2713,0.18752973265538775,chance
chance,chance,2714,0.2248901263867146,chance
chance,chance,2715,0.22325420353876207,chance
chance,chance,2716,0.2030886435956406,chance
chance,chance,2717,0.19978283466975114,chance
chance,chance,2718,0.20161445738953496,chance
chance,chance,2719,0.19622936306445057,chance
chance,chance,2720,0.23072698356086851,chance
chance,chance,2721,0.20013795170222748,chance
chance,chance,2722,0.20856245385892813,chance
chance,chance,2723,0.19518051559768518,chance
chance,chance,2724,0.20966774900168805,chance
chance,chance,2725,0.1896799696133046,chance
chance,chance,2726,0.1912316397858044,chance
chance,chance,2727,0.2254357318731362,chance
chance,chance,2728,0.1973175337085463,chance
chance,chance,2729,0.22769262104461305,chance
chance,chance,2730,0.20809421304071107,chance
chance,chance,2731,0.1932882096034447,chance
chance,chance,2732,0.18863405701820232,chance
chance,chance,2733,0.21968834510266327,chance
chance,chance,2734,0.23073487057350522,chance
chance,chance,2735,0.30697105403445973,chance
chance,chance,2736,0.1972738356433948,chance
chance,chance,2737,0.24404940258052085,chance
chance,chance,2738,0.2179673970824127,chance
chance,chance,2739,0.20951726999434825,chance
chance,chance,2740,0.2135366355888104,chance
chance,chance,2741,0.23026272607295006,chance
chance,chance,2742,0.17933119025155364,chance
chance,chance,2743,0.2111489938255269,chance
chance,chance,2744,0.2166739684644698,chance
chance,chance,2745,0.21813395054261603,chance
chance,chance,2746,0.23107162682928914,chance
chance,chance,2747,0.1809768724375478,chance
chance,chance,2748,0.19890733601454758,chance
chance,chance,2749,0.21234431840047693,chance
chance,chance,2750,0.25302825268797036,chance
chance,chance,2751,0.19267330948498573,chance
chance,chance,2752,0.24348054126752686,chance
chance,chance,2753,0.2053938476228185,chance
chance,chance,2754,0.23085197343758654,chance
chance,chance,2755,0.20893695161455142,chance
chance,chance,2756,0.23317484411692657,chance
chance,chance,2757,0.2218597292939648,chance
chance,chance,2758,0.21258984626728242,chance
chance,chance,2759,0.22661345509070815,chance
chance,chance,2760,0.20833561807788667,chance
chance,chance,2761,0.22050427410067963,chance
chance,chance,2762,0.21603875736894873,chance
chance,chance,2763,0.22320418028108588,chance
chance,chance,2764,0.23926171133343097,chance
chance,chance,2765,0.18668162669389307,chance
chance,chance,2766,0.19806562851015963,chance
chance,chance,2767,0.19993989039292853,chance
chance,chance,2768,0.19476620771020892,chance
chance,chance,2769,0.2069282162387482,chance
chance,chance,2770,0.20907635027622948,chance
chance,chance,2771,0.22907069078144154,chance
chance,chance,2772,0.19469129294634796,chance
chance,chance,2773,0.17927176833098699,chance
chance,chance,2774,0.26974891445855453,chance
chance,chance,2775,0.21654890127210913,chance
chance,chance,2776,0.19561303587666648,chance
chance,chance,2777,0.19298217831981793,chance
chance,chance,2778,0.19908462990070067,chance
chance,chance,2779,0.21409646702314541,chance
chance,chance,2780,0.18436955910667313,chance
chance,chance,2781,0.22423701165042892,chance
chance,chance,2782,0.20530280145014734,chance
chance,chance,2783,0.2212648202787641,chance
chance,chance,2784,0.17476762174907842,chance
chance,chance,2785,0.18024761832384675,chance
chance,chance,2786,0.2602286127741598,chance
chance,chance,2787,0.18867210200526646,chance
chance,chance,2788,0.2031464502771683,chance
chance,chance,2789,0.20014656845526463,chance
chance,chance,2790,0.1957302614360721,chance
chance,chance,2791,0.2482684240092339,chance
chance,chance,2792,0.22258101391092316,chance
chance,chance,2793,0.20037814558120792,chance
chance,chance,2794,0.19882022964348248,chance
chance,chance,2795,0.19504326139756484,chance
chance,chance,2796,0.1931996592457486,chance
chance,chance,2797,0.24526892196723157,chance
chance,chance,2798,0.22517841357531904,chance
chance,chance,2799,0.2577131019149679,chance
chance,chance,2800,0.20577223458936122,chance
chance,chance,2801,0.2182339379460372,chance
chance,chance,2802,0.20533609756765486,chance
chance,chance,2803,0.28271645845897087,chance
chance,chance,2804,0.214006284806348,chance
chance,chance,2805,0.20544171599389174,chance
chance,chance,2806,0.22629326827949953,chance
chance,chance,2807,0.23116070583847195,chance
chance,chance,2808,0.1984706540230058,chance
chance,chance,2809,0.22792007089832758,chance
chance,chance,2810,0.21962458231664073,chance
chance,chance,2811,0.22596740277184627,chance
chance,chance,2812,0.2132786737181462,chance
chance,chance,2813,0.2543558026215846,chance
chance,chance,2814,0.2012309986191642,chance
chance,chance,2815,0.20725972446274524,chance
chance,chance,2816,0.19233498564804463,chance
chance,chance,2817,0.20310416497580247,chance
chance,chance,2818,0.20828900355838542,chance
chance,chance,2819,0.22782726156984187,chance
chance,chance,2820,0.22642396615536883,chance
chance,chance,2821,0.2110889964665863,chance
chance,chance,2822,0.2061479312948038,chance
chance,chance,2823,0.25454268652363704,chance
chance,chance,2824,0.21344924124765308,chance
chance,chance,2825,0.22185173505023353,chance
chance,chance,2826,0.24288998886067756,chance
chance,chance,2827,0.20332050117596795,chance
chance,chance,2828,0.1829184771890369,chance
chance,chance,2829,0.23075366993197538,chance
chance,chance,2830,0.21635975381427405,chance
chance,chance,2831,0.21238838606162067,chance
chance,chance,2832,0.2198767639118274,chance
chance,chance,2833,0.2158884938747057,chance
chance,chance,2834,0.18908693058052453,chance
chance,chance,2835,0.21575528744283626,chance
chance,chance,2836,0.23128497392177536,chance
chance,chance,2837,0.24728962554080453,chance
chance,chance,2838,0.24048863294396536,chance
chance,chance,2839,0.19665598812677615,chance
chance,chance,2840,0.20647248243578573,chance
chance,chance,2841,0.20112428268450055,chance
chance,chance,2842,0.2516500694561526,chance
chance,chance,2843,0.2233341440749412,chance
chance,chance,2844,0.2391963749258405,chance
chance,chance,2845,0.20592916333324326,chance
chance,chance,2846,0.19288004768794523,chance
chance,chance,2847,0.189421567900823,chance
chance,chance,2848,0.21714089677199733,chance
chance,chance,2849,0.1996530979901046,chance
chance,chance,2850,0.19753775878925087,chance
chance,chance,2851,0.19889928106352606,chance
chance,chance,2852,0.1952759697051595,chance
chance,chance,2853,0.21789789607230553,chance
chance,chance,2854,0.21973558577540092,chance
chance,chance,2855,0.19084900384687345,chance
chance,chance,2856,0.23021475530692567,chance
chance,chance,2857,0.20339627095315785,chance
chance,chance,2858,0.21928613156309246,chance
chance,chance,2859,0.18864390972843717,chance
chance,chance,2860,0.2088060182135078,chance
chance,chance,2861,0.21636958300206013,chance
chance,chance,2862,0.2008147112149696,chance
chance,chance,2863,0.2190243498405979,chance
chance,chance,2864,0.21258462902337308,chance
chance,chance,2865,0.23374520980634486,chance
chance,chance,2866,0.24354507978654402,chance
chance,chance,2867,0.20119306188709313,chance
chance,chance,2868,0.2198109537599913,chance
chance,chance,2869,0.20927913821065433,chance
chance,chance,2870,0.19057762102557693,chance
chance,chance,2871,0.2685681584143219,chance
chance,chance,2872,0.27872070275782834,chance
chance,chance,2873,0.1967881325899701,chance
chance,chance,2874,0.22421444958480102,chance
chance,chance,2875,0.19533911478276964,chance
chance,chance,2876,0.22996605942670603,chance
chance,chance,2877,0.1795788606323881,chance
chance,chance,2878,0.2347352050051179,chance
chance,chance,2879,0.205938741510356,chance
chance,chance,2880,0.18868311023513035,chance
chance,chance,2881,0.20993621909516047,chance
chance,chance,2882,0.19864745402934905,chance
chance,chance,2883,0.21052154457370123,chance
chance,chance,2884,0.2058177791638537,chance
chance,chance,2885,0.2264345065018047,chance
chance,chance,2886,0.19953920101919284,chance
chance,chance,2887,0.22133288055541642,chance
chance,chance,2888,0.21448096161708388,chance
chance,chance,2889,0.24089523516727082,chance
chance,chance,2890,0.2016848420472877,chance
chance,chance,2891,0.26743279542374,chance
chance,chance,2892,0.18784618762362318,chance
chance,chance,2893,0.22124477605736148,chance
chance,chance,2894,0.19613459811845793,chance
chance,chance,2895,0.19221697927013723,chance
chance,chance,2896,0.22478438407787776,chance
chance,chance,2897,0.20603502687119932,chance
chance,chance,2898,0.20106064645705848,chance
chance,chance,2899,0.24372285890774292,chance
chance,chance,2900,0.2454848970480719,chance
chance,chance,2901,0.2245591756972537,chance
chance,chance,2902,0.2024999219552898,chance
chance,chance,2903,0.22990823573479138,chance
chance,chance,2904,0.20318023921486442,chance
chance,chance,2905,0.21467616821437,chance
chance,chance,2906,0.20728894201517198,chance
chance,chance,2907,0.22310296673565763,chance
chance,chance,2908,0.221995280886808,chance
chance,chance,2909,0.2056397517820739,chance
chance,chance,2910,0.19642373424191997,chance
chance,chance,2911,0.20935769492596154,chance
chance,chance,2912,0.20949685357438433,chance
chance,chance,2913,0.23172823425532893,chance
chance,chance,2914,0.23642738166734387,chance
chance,chance,2915,0.21773706089866895,chance
chance,chance,2916,0.20893377612154124,chance
chance,chance,2917,0.2167149525795158,chance
chance,chance,2918,0.2102765652372462,chance
chance,chance,2919,0.23403998278628188,chance
chance,chance,2920,0.20373015963304755,chance
chance,chance,2921,0.19130365931038676,chance
chance,chance,2922,0.2048241549243657,chance
chance,chance,2923,0.21693880976051028,chance
chance,chance,2924,0.19804650840134658,chance
chance,chance,2925,0.2310446680163926,chance
chance,chance,2926,0.19314923532750192,chance
chance,chance,2927,0.20161306465115342,chance
chance,chance,2928,0.2194398843920272,chance
chance,chance,2929,0.20627032468681292,chance
chance,chance,2930,0.22428739834244585,chance
chance,chance,2931,0.19842625174773681,chance
chance,chance,2932,0.1900832711495024,chance
chance,chance,2933,0.21822293408638338,chance
chance,chance,2934,0.22110365729977247,chance
chance,chance,2935,0.19205742152818195,chance
chance,chance,2936,0.22658214646469957,chance
chance,chance,2937,0.22620862201987665,chance
chance,chance,2938,0.26013445805424057,chance
chance,chance,2939,0.2378549151181079,chance
chance,chance,2940,0.23634992572481053,chance
chance,chance,2941,0.19490290532970067,chance
chance,chance,2942,0.2365894862310214,chance
chance,chance,2943,0.2035049639642311,chance
chance,chance,2944,0.18283307052265863,chance
chance,chance,2945,0.22500340966465787,chance
chance,chance,2946,0.19664872731431404,chance
chance,chance,2947,0.1836018947929047,chance
chance,chance,2948,0.2105978588011937,chance
chance,chance,2949,0.21753185724079976,chance
chance,chance,2950,0.19556338791699118,chance
chance,chance,2951,0.18495253344708812,chance
chance,chance,2952,0.19370294216560985,chance
chance,chance,2953,0.21472453370377964,chance
chance,chance,2954,0.2585242944192473,chance
chance,chance,2955,0.19174633418590648,chance
chance,chance,2956,0.24342757633876239,chance
chance,chance,2957,0.2195961270868821,chance
chance,chance,2958,0.196766708901576,chance
chance,chance,2959,0.22246773369587422,chance
chance,chance,2960,0.1963331504080089,chance
chance,chance,2961,0.24310783625560542,chance
chance,chance,2962,0.23644859293288514,chance
chance,chance,2963,0.21179499739591467,chance
chance,chance,2964,0.18531574426530875,chance
chance,chance,2965,0.20586504724353466,chance
chance,chance,2966,0.18906126493335002,chance
chance,chance,2967,0.1972627965270813,chance
chance,chance,2968,0.198570830976889,chance
chance,chance,2969,0.22316127522367232,chance
chance,chance,2970,0.2543388296435157,chance
chance,chance,2971,0.23087372774404266,chance
chance,chance,2972,0.19812179411114092,chance
chance,chance,2973,0.1797199772982862,chance
chance,chance,2974,0.23866635612054177,chance
chance,chance,2975,0.2382748553131855,chance
chance,chance,2976,0.22721923144432116,chance
chance,chance,2977,0.20587656450769484,chance
chance,chance,2978,0.19456694542802286,chance
chance,chance,2979,0.20622138563315895,chance
chance,chance,2980,0.2056395258552251,chance
chance,chance,2981,0.22525420023918183,chance
chance,chance,2982,0.19852053347811052,chance
chance,chance,2983,0.18040978797949106,chance
chance,chance,2984,0.19979874242374343,chance
chance,chance,2985,0.22512681593242517,chance
chance,chance,2986,0.2223273746810017,chance
chance,chance,2987,0.19299378567522812,chance
chance,chance,2988,0.25591009400831827,chance
chance,chance,2989,0.2558883461571384,chance
chance,chance,2990,0.20365411898738145,chance
chance,chance,2991,0.19868502057529755,chance
chance,chance,2992,0.1773166256251534,chance
chance,chance,2993,0.19012035184224435,chance
chance,chance,2994,0.1846918161166073,chance
chance,chance,2995,0.17707519112724987,chance
chance,chance,2996,0.19779270439783933,chance
chance,chance,2997,0.21843001276271085,chance
chance,chance,2998,0.22051992039892834,chance
chance,chance,2999,0.19819918321172875,chance
chance,chance,3000,0.21390754565414394,chance
chance,chance,3001,0.19602704385132544,chance
chance,chance,3002,0.22022186284489997,chance
chance,chance,3003,0.21941759325663798,chance
chance,chance,3004,0.17982990139099517,chance
chance,chance,3005,0.18726164508393217,chance
chance,chance,3006,0.20465691003423253,chance
chance,chance,3007,0.19832117923122758,chance
chance,chance,3008,0.20076460746512503,chance
chance,chance,3009,0.1997514020088686,chance
chance,chance,3010,0.20347064705360152,chance
chance,chance,3011,0.2316953479664873,chance
chance,chance,3012,0.24884451119187043,chance
chance,chance,3013,0.22376740949959278,chance
chance,chance,3014,0.1829943940259446,chance
chance,chance,3015,0.22149239083259128,chance
chance,chance,3016,0.2199648242671397,chance
chance,chance,3017,0.21973266629237886,chance
chance,chance,3018,0.19602103172968685,chance
chance,chance,3019,0.204438028639913,chance
chance,chance,3020,0.19984951617791577,chance
chance,chance,3021,0.22976599093077235,chance
chance,chance,3022,0.23780010336523286,chance
chance,chance,3023,0.23479604205475949,chance
chance,chance,3024,0.2632115434008903,chance
chance,chance,3025,0.23395006733757237,chance
chance,chance,3026,0.19806972341119636,chance
chance,chance,3027,0.24532917782858088,chance
chance,chance,3028,0.2040750770384625,chance
chance,chance,3029,0.20436495001467878,chance
chance,chance,3030,0.20901612741463566,chance
chance,chance,3031,0.23086610936923702,chance
chance,chance,3032,0.1735799313982092,chance
chance,chance,3033,0.22748278580716913,chance
chance,chance,3034,0.21969162460127872,chance
chance,chance,3035,0.2352742562769305,chance
chance,chance,3036,0.19617991359264467,chance
chance,chance,3037,0.1950667939059834,chance
chance,chance,3038,0.2065603417992285,chance
chance,chance,3039,0.20985109381409411,chance
chance,chance,3040,0.2166932717954355,chance
chance,chance,3041,0.23071490665385977,chance
chance,chance,3042,0.2059542929794856,chance
chance,chance,3043,0.1877061791078726,chance
chance,chance,3044,0.20505798941930095,chance
chance,chance,3045,0.2082938430575998,chance
chance,chance,3046,0.20827302589507635,chance
chance,chance,3047,0.20058114029820243,chance
chance,chance,3048,0.197230102922658,chance
chance,chance,3049,0.19379838171982147,chance
chance,chance,3050,0.2000748686441675,chance
chance,chance,3051,0.23331710060406366,chance
chance,chance,3052,0.19285134100319173,chance
chance,chance,3053,0.20555321931687134,chance
chance,chance,3054,0.22413215243793896,chance
chance,chance,3055,0.19670477506904294,chance
chance,chance,3056,0.20518707420452803,chance
chance,chance,3057,0.20205662805793187,chance
chance,chance,3058,0.23756279346345507,chance
chance,chance,3059,0.20328403985538848,chance
chance,chance,3060,0.20529610815464308,chance
chance,chance,3061,0.21040230923470327,chance
chance,chance,3062,0.189891651485984,chance
chance,chance,3063,0.19621788004742335,chance
chance,chance,3064,0.21097696385463174,chance
chance,chance,3065,0.2279447088866247,chance
chance,chance,3066,0.19706458053674,chance
chance,chance,3067,0.22624645190534345,chance
chance,chance,3068,0.256138206648437,chance
chance,chance,3069,0.19292993024042698,chance
chance,chance,3070,0.20264389961964116,chance
chance,chance,3071,0.21365943610493354,chance
